date_raw,max_temp_raw,date,max_temp
1979-01-01,59,1979-01-01,59
1979-01-02,30,1979-01-02,30
1979-01-03,14,1979-01-03,14
1979-01-04,18,1979-01-04,18
1979-01-05,18,1979-01-05,18
1979-01-06,21,1979-01-06,21
1979-01-07,22,1979-01-07,22
1979-01-08,18,1979-01-08,18
1979-01-09,18,1979-01-09,18
1979-01-10,14,1979-01-10,14
1979-01-11,15,1979-01-11,15
1979-01-12,26,1979-01-12,26
1979-01-13,40,1979-01-13,40
1979-01-14,39,1979-01-14,39
1979-01-15,17,1979-01-15,17
1979-01-16,29,1979-01-16,29
1979-01-17,39,1979-01-17,39
1979-01-18,27,1979-01-18,27
1979-01-19,28,1979-01-19,28
1979-01-20,39,1979-01-20,39
1979-01-21,37,1979-01-21,37
1979-01-22,31,1979-01-22,31
1979-01-23,39,1979-01-23,39
1979-01-24,39,1979-01-24,39
1979-01-25,24,1979-01-25,24
1979-01-26,27,1979-01-26,27
1979-01-27,33,1979-01-27,33
1979-01-28,33,1979-01-28,33
1979-01-29,29,1979-01-29,29
1979-01-30,25,1979-01-30,25
1979-01-31,25,1979-01-31,25
1979-02-01,20,1979-02-01,20
1979-02-02,22,1979-02-02,22
1979-02-03,30,1979-02-03,30
1979-02-04,30,1979-02-04,30
1979-02-05,12,1979-02-05,12
1979-02-06,23,1979-02-06,23
1979-02-07,30,1979-02-07,30
1979-02-08,19,1979-02-08,19
1979-02-09,12,1979-02-09,12
1979-02-10,14,1979-02-10,14
1979-02-11,16,1979-02-11,16
1979-02-12,24,1979-02-12,24
1979-02-13,18,1979-02-13,18
1979-02-14,26,1979-02-14,26
1979-02-15,32,1979-02-15,32
1979-02-16,23,1979-02-16,23
1979-02-17,11,1979-02-17,11
1979-02-18,21,1979-02-18,21
1979-02-19,21,1979-02-19,21
1979-02-20,37,1979-02-20,37
1979-02-21,42,1979-02-21,42
1979-02-22,40,1979-02-22,40
1979-02-23,53,1979-02-23,53
1979-02-24,45,1979-02-24,45
1979-02-25,36,1979-02-25,36
1979-02-26,33,1979-02-26,33
1979-02-27,40,1979-02-27,40
1979-02-28,46,1979-02-28,46
1979-03-01,46,1979-03-01,46
1979-03-02,47,1979-03-02,47
1979-03-03,66,1979-03-03,66
1979-03-04,69,1979-03-04,69
1979-03-05,44,1979-03-05,44
1979-03-06,47,1979-03-06,47
1979-03-07,54,1979-03-07,54
1979-03-08,59,1979-03-08,59
1979-03-09,43,1979-03-09,43
1979-03-10,42,1979-03-10,42
1979-03-11,28,1979-03-11,28
1979-03-12,42,1979-03-12,42
1979-03-13,62,1979-03-13,62
1979-03-14,56,1979-03-14,56
1979-03-15,26,1979-03-15,26
1979-03-16,47,1979-03-16,47
1979-03-17,63,1979-03-17,63
1979-03-18,68,1979-03-18,68
1979-03-19,67,1979-03-19,67
1979-03-20,67,1979-03-20,67
1979-03-21,70,1979-03-21,70
1979-03-22,75,1979-03-22,75
1979-03-23,68,1979-03-23,68
1979-03-24,55,1979-03-24,55
1979-03-25,38,1979-03-25,38
1979-03-26,33,1979-03-26,33
1979-03-27,40,1979-03-27,40
1979-03-28,63,1979-03-28,63
1979-03-29,71,1979-03-29,71
1979-03-30,73,1979-03-30,73
1979-03-31,65,1979-03-31,65
1979-04-01,51,1979-04-01,51
1979-04-02,66,1979-04-02,66
1979-04-03,47,1979-04-03,47
1979-04-04,50,1979-04-04,50
1979-04-05,53,1979-04-05,53
1979-04-06,46,1979-04-06,46
1979-04-07,39,1979-04-07,39
1979-04-08,63,1979-04-08,63
1979-04-09,54,1979-04-09,54
1979-04-10,50,1979-04-10,50
1979-04-11,56,1979-04-11,56
1979-04-12,74,1979-04-12,74
1979-04-13,67,1979-04-13,67
1979-04-14,66,1979-04-14,66
1979-04-15,51,1979-04-15,51
1979-04-16,50,1979-04-16,50
1979-04-17,56,1979-04-17,56
1979-04-18,61,1979-04-18,61
1979-04-19,63,1979-04-19,63
1979-04-20,71,1979-04-20,71
1979-04-21,76,1979-04-21,76
1979-04-22,65,1979-04-22,65
1979-04-23,69,1979-04-23,69
1979-04-24,76,1979-04-24,76
1979-04-25,79,1979-04-25,79
1979-04-26,66,1979-04-26,66
1979-04-27,59,1979-04-27,59
1979-04-28,51,1979-04-28,51
1979-04-29,57,1979-04-29,57
1979-04-30,61,1979-04-30,61
1979-05-01,59,1979-05-01,59
1979-05-02,78,1979-05-02,78
1979-05-03,69,1979-05-03,69
1979-05-04,57,1979-05-04,57
1979-05-05,59,1979-05-05,59
1979-05-06,72,1979-05-06,72
1979-05-07,83,1979-05-07,83
1979-05-08,87,1979-05-08,87
1979-05-09,86,1979-05-09,86
1979-05-10,84,1979-05-10,84
1979-05-11,86,1979-05-11,86
1979-05-12,78,1979-05-12,78
1979-05-13,62,1979-05-13,62
1979-05-14,74,1979-05-14,74
1979-05-15,70,1979-05-15,70
1979-05-16,66,1979-05-16,66
1979-05-17,72,1979-05-17,72
1979-05-18,79,1979-05-18,79
1979-05-19,82,1979-05-19,82
1979-05-20,81,1979-05-20,81
1979-05-21,74,1979-05-21,74
1979-05-22,70,1979-05-22,70
1979-05-23,65,1979-05-23,65
1979-05-24,60,1979-05-24,60
1979-05-25,49,1979-05-25,49
1979-05-26,62,1979-05-26,62
1979-05-27,67,1979-05-27,67
1979-05-28,72,1979-05-28,72
1979-05-29,73,1979-05-29,73
1979-05-30,83,1979-05-30,83
1979-05-31,70,1979-05-31,70
1979-06-01,81,1979-06-01,81
1979-06-02,75,1979-06-02,75
1979-06-03,78,1979-06-03,78
1979-06-04,84,1979-06-04,84
1979-06-05,84,1979-06-05,84
1979-06-06,83,1979-06-06,83
1979-06-07,82,1979-06-07,82
1979-06-08,81,1979-06-08,81
1979-06-09,85,1979-06-09,85
1979-06-10,89,1979-06-10,89
1979-06-11,74,1979-06-11,74
1979-06-12,76,1979-06-12,76
1979-06-13,73,1979-06-13,73
1979-06-14,84,1979-06-14,84
1979-06-15,87,1979-06-15,87
1979-06-16,84,1979-06-16,84
1979-06-17,87,1979-06-17,87
1979-06-18,74,1979-06-18,74
1979-06-19,80,1979-06-19,80
1979-06-20,89,1979-06-20,89
1979-06-21,82,1979-06-21,82
1979-06-22,86,1979-06-22,86
1979-06-23,75,1979-06-23,75
1979-06-24,69,1979-06-24,69
1979-06-25,73,1979-06-25,73
1979-06-26,79,1979-06-26,79
1979-06-27,82,1979-06-27,82
1979-06-28,85,1979-06-28,85
1979-06-29,73,1979-06-29,73
1979-06-30,67,1979-06-30,67
1979-07-01,69,1979-07-01,69
1979-07-02,76,1979-07-02,76
1979-07-03,83,1979-07-03,83
1979-07-04,72,1979-07-04,72
1979-07-05,73,1979-07-05,73
1979-07-06,76,1979-07-06,76
1979-07-07,79,1979-07-07,79
1979-07-08,83,1979-07-08,83
1979-07-09,72,1979-07-09,72
1979-07-10,81,1979-07-10,81
1979-07-11,83,1979-07-11,83
1979-07-12,82,1979-07-12,82
1979-07-13,76,1979-07-13,76
1979-07-14,87,1979-07-14,87
1979-07-15,85,1979-07-15,85
1979-07-16,86,1979-07-16,86
1979-07-17,82,1979-07-17,82
1979-07-18,78,1979-07-18,78
1979-07-19,82,1979-07-19,82
1979-07-20,83,1979-07-20,83
1979-07-21,83,1979-07-21,83
1979-07-22,86,1979-07-22,86
1979-07-23,86,1979-07-23,86
1979-07-24,80,1979-07-24,80
1979-07-25,78,1979-07-25,78
1979-07-26,85,1979-07-26,85
1979-07-27,83,1979-07-27,83
1979-07-28,74,1979-07-28,74
1979-07-29,83,1979-07-29,83
1979-07-30,85,1979-07-30,85
1979-07-31,88,1979-07-31,88
1979-08-01,87,1979-08-01,87
1979-08-02,79,1979-08-02,79
1979-08-03,83,1979-08-03,83
1979-08-04,88,1979-08-04,88
1979-08-05,87,1979-08-05,87
1979-08-06,85,1979-08-06,85
1979-08-07,90,1979-08-07,90
1979-08-08,88,1979-08-08,88
1979-08-09,89,1979-08-09,89
1979-08-10,88,1979-08-10,88
1979-08-11,72,1979-08-11,72
1979-08-12,74,1979-08-12,74
1979-08-13,78,1979-08-13,78
1979-08-14,74,1979-08-14,74
1979-08-15,66,1979-08-15,66
1979-08-16,72,1979-08-16,72
1979-08-17,73,1979-08-17,73
1979-08-18,79,1979-08-18,79
1979-08-19,82,1979-08-19,82
1979-08-20,78,1979-08-20,78
1979-08-21,77,1979-08-21,77
1979-08-22,79,1979-08-22,79
1979-08-23,79,1979-08-23,79
1979-08-24,77,1979-08-24,77
1979-08-25,76,1979-08-25,76
1979-08-26,70,1979-08-26,70
1979-08-27,81,1979-08-27,81
1979-08-28,82,1979-08-28,82
1979-08-29,81,1979-08-29,81
1979-08-30,84,1979-08-30,84
1979-08-31,86,1979-08-31,86
1979-09-01,83,1979-09-01,83
1979-09-02,79,1979-09-02,79
1979-09-03,84,1979-09-03,84
1979-09-04,86,1979-09-04,86
1979-09-05,83,1979-09-05,83
1979-09-06,85,1979-09-06,85
1979-09-07,75,1979-09-07,75
1979-09-08,65,1979-09-08,65
1979-09-09,69,1979-09-09,69
1979-09-10,81,1979-09-10,81
1979-09-11,81,1979-09-11,81
1979-09-12,84,1979-09-12,84
1979-09-13,82,1979-09-13,82
1979-09-14,68,1979-09-14,68
1979-09-15,65,1979-09-15,65
1979-09-16,71,1979-09-16,71
1979-09-17,76,1979-09-17,76
1979-09-18,79,1979-09-18,79
1979-09-19,67,1979-09-19,67
1979-09-20,73,1979-09-20,73
1979-09-21,63,1979-09-21,63
1979-09-22,60,1979-09-22,60
1979-09-23,68,1979-09-23,68
1979-09-24,72,1979-09-24,72
1979-09-25,76,1979-09-25,76
1979-09-26,79,1979-09-26,79
1979-09-27,73,1979-09-27,73
1979-09-28,66,1979-09-28,66
1979-09-29,75,1979-09-29,75
1979-09-30,78,1979-09-30,78
1979-10-01,78,1979-10-01,78
1979-10-02,67,1979-10-02,67
1979-10-03,64,1979-10-03,64
1979-10-04,58,1979-10-04,58
1979-10-05,58,1979-10-05,58
1979-10-06,65,1979-10-06,65
1979-10-07,54,1979-10-07,54
1979-10-08,65,1979-10-08,65
1979-10-09,53,1979-10-09,53
1979-10-10,50,1979-10-10,50
1979-10-11,51,1979-10-11,51
1979-10-12,60,1979-10-12,60
1979-10-13,48,1979-10-13,48
1979-10-14,55,1979-10-14,55
1979-10-15,56,1979-10-15,56
1979-10-16,61,1979-10-16,61
1979-10-17,71,1979-10-17,71
1979-10-18,75,1979-10-18,75
1979-10-19,75,1979-10-19,75
1979-10-20,80,1979-10-20,80
1979-10-21,81,1979-10-21,81
1979-10-22,82,1979-10-22,82
1979-10-23,61,1979-10-23,61
1979-10-24,44,1979-10-24,44
1979-10-25,47,1979-10-25,47
1979-10-26,44,1979-10-26,44
1979-10-27,60,1979-10-27,60
1979-10-28,60,1979-10-28,60
1979-10-29,65,1979-10-29,65
1979-10-30,69,1979-10-30,69
1979-10-31,75,1979-10-31,75
1979-11-01,65,1979-11-01,65
1979-11-02,54,1979-11-02,54
1979-11-03,52,1979-11-03,52
1979-11-04,50,1979-11-04,50
1979-11-05,59,1979-11-05,59
1979-11-06,50,1979-11-06,50
1979-11-07,43,1979-11-07,43
1979-11-08,45,1979-11-08,45
1979-11-09,55,1979-11-09,55
1979-11-10,49,1979-11-10,49
1979-11-11,38,1979-11-11,38
1979-11-12,44,1979-11-12,44
1979-11-13,45,1979-11-13,45
1979-11-14,43,1979-11-14,43
1979-11-15,45,1979-11-15,45
1979-11-16,46,1979-11-16,46
1979-11-17,61,1979-11-17,61
1979-11-18,65,1979-11-18,65
1979-11-19,64,1979-11-19,64
1979-11-20,65,1979-11-20,65
1979-11-21,70,1979-11-21,70
1979-11-22,62,1979-11-22,62
1979-11-23,60,1979-11-23,60
1979-11-24,47,1979-11-24,47
1979-11-25,61,1979-11-25,61
1979-11-26,60,1979-11-26,60
1979-11-27,59,1979-11-27,59
1979-11-28,55,1979-11-28,55
1979-11-29,30,1979-11-29,30
1979-11-30,30,1979-11-30,30
1979-12-01,36,1979-12-01,36
1979-12-02,31,1979-12-02,31
1979-12-03,36,1979-12-03,36
1979-12-04,46,1979-12-04,46
1979-12-05,57,1979-12-05,57
1979-12-06,49,1979-12-06,49
1979-12-07,51,1979-12-07,51
1979-12-08,40,1979-12-08,40
1979-12-09,42,1979-12-09,42
1979-12-10,49,1979-12-10,49
1979-12-11,63,1979-12-11,63
1979-12-12,58,1979-12-12,58
1979-12-13,38,1979-12-13,38
1979-12-14,38,1979-12-14,38
1979-12-15,43,1979-12-15,43
1979-12-16,45,1979-12-16,45
1979-12-17,25,1979-12-17,25
1979-12-18,32,1979-12-18,32
1979-12-19,45,1979-12-19,45
1979-12-20,45,1979-12-20,45
1979-12-21,49,1979-12-21,49
1979-12-22,50,1979-12-22,50
1979-12-23,54,1979-12-23,54
1979-12-24,59,1979-12-24,59
1979-12-25,46,1979-12-25,46
1979-12-26,38,1979-12-26,38
1979-12-27,40,1979-12-27,40
1979-12-28,31,1979-12-28,31
1979-12-29,29,1979-12-29,29
1979-12-30,31,1979-12-30,31
1979-12-31,30,1979-12-31,30
1980-01-01,32,1980-01-01,32
1980-01-02,31,1980-01-02,31
1980-01-03,33,1980-01-03,33
1980-01-04,31,1980-01-04,31
1980-01-05,28,1980-01-05,28
1980-01-06,34,1980-01-06,34
1980-01-07,39,1980-01-07,39
1980-01-08,26,1980-01-08,26
1980-01-09,29,1980-01-09,29
1980-01-10,44,1980-01-10,44
1980-01-11,55,1980-01-11,55
1980-01-12,28,1980-01-12,28
1980-01-13,45,1980-01-13,45
1980-01-14,41,1980-01-14,41
1980-01-15,39,1980-01-15,39
1980-01-16,52,1980-01-16,52
1980-01-17,57,1980-01-17,57
1980-01-18,39,1980-01-18,39
1980-01-19,39,1980-01-19,39
1980-01-20,37,1980-01-20,37
1980-01-21,40,1980-01-21,40
1980-01-22,37,1980-01-22,37
1980-01-23,32,1980-01-23,32
1980-01-24,28,1980-01-24,28
1980-01-25,40,1980-01-25,40
1980-01-26,32,1980-01-26,32
1980-01-27,32,1980-01-27,32
1980-01-28,26,1980-01-28,26
1980-01-29,21,1980-01-29,21
1980-01-30,25,1980-01-30,25
1980-01-31,23,1980-01-31,23
1980-02-01,21,1980-02-01,21
1980-02-02,22,1980-02-02,22
1980-02-03,27,1980-02-03,27
1980-02-04,27,1980-02-04,27
1980-02-05,30,1980-02-05,30
1980-02-06,32,1980-02-06,32
1980-02-07,30,1980-02-07,30
1980-02-08,31,1980-02-08,31
1980-02-09,34,1980-02-09,34
1980-02-10,27,1980-02-10,27
1980-02-11,30,1980-02-11,30
1980-02-12,26,1980-02-12,26
1980-02-13,34,1980-02-13,34
1980-02-14,39,1980-02-14,39
1980-02-15,38,1980-02-15,38
1980-02-16,31,1980-02-16,31
1980-02-17,21,1980-02-17,21
1980-02-18,31,1980-02-18,31
1980-02-19,47,1980-02-19,47
1980-02-20,42,1980-02-20,42
1980-02-21,47,1980-02-21,47
1980-02-22,55,1980-02-22,55
1980-02-23,42,1980-02-23,42
1980-02-24,39,1980-02-24,39
1980-02-25,37,1980-02-25,37
1980-02-26,22,1980-02-26,22
1980-02-27,33,1980-02-27,33
1980-02-28,28,1980-02-28,28
1980-02-29,20,1980-02-29,20
1980-03-01,15,1980-03-01,15
1980-03-02,18,1980-03-02,18
1980-03-03,27,1980-03-03,27
1980-03-04,41,1980-03-04,41
1980-03-05,44,1980-03-05,44
1980-03-06,39,1980-03-06,39
1980-03-07,44,1980-03-07,44
1980-03-08,58,1980-03-08,58
1980-03-09,45,1980-03-09,45
1980-03-10,55,1980-03-10,55
1980-03-11,36,1980-03-11,36
1980-03-12,34,1980-03-12,34
1980-03-13,41,1980-03-13,41
1980-03-14,38,1980-03-14,38
1980-03-15,56,1980-03-15,56
1980-03-16,66,1980-03-16,66
1980-03-17,57,1980-03-17,57
1980-03-18,44,1980-03-18,44
1980-03-19,58,1980-03-19,58
1980-03-20,57,1980-03-20,57
1980-03-21,55,1980-03-21,55
1980-03-22,45,1980-03-22,45
1980-03-23,54,1980-03-23,54
1980-03-24,50,1980-03-24,50
1980-03-25,40,1980-03-25,40
1980-03-26,40,1980-03-26,40
1980-03-27,58,1980-03-27,58
1980-03-28,54,1980-03-28,54
1980-03-29,51,1980-03-29,51
1980-03-30,53,1980-03-30,53
1980-03-31,54,1980-03-31,54
1980-04-01,50,1980-04-01,50
1980-04-02,63,1980-04-02,63
1980-04-03,65,1980-04-03,65
1980-04-04,52,1980-04-04,52
1980-04-05,58,1980-04-05,58
1980-04-06,64,1980-04-06,64
1980-04-07,68,1980-04-07,68
1980-04-08,66,1980-04-08,66
1980-04-09,57,1980-04-09,57
1980-04-10,47,1980-04-10,47
1980-04-11,63,1980-04-11,63
1980-04-12,55,1980-04-12,55
1980-04-13,45,1980-04-13,45
1980-04-14,55,1980-04-14,55
1980-04-15,44,1980-04-15,44
1980-04-16,47,1980-04-16,47
1980-04-17,57,1980-04-17,57
1980-04-18,68,1980-04-18,68
1980-04-19,73,1980-04-19,73
1980-04-20,75,1980-04-20,75
1980-04-21,70,1980-04-21,70
1980-04-22,81,1980-04-22,81
1980-04-23,70,1980-04-23,70
1980-04-24,66,1980-04-24,66
1980-04-25,51,1980-04-25,51
1980-04-26,58,1980-04-26,58
1980-04-27,56,1980-04-27,56
1980-04-28,55,1980-04-28,55
1980-04-29,60,1980-04-29,60
1980-04-30,63,1980-04-30,63
1980-05-01,69,1980-05-01,69
1980-05-02,68,1980-05-02,68
1980-05-03,76,1980-05-03,76
1980-05-04,81,1980-05-04,81
1980-05-05,87,1980-05-05,87
1980-05-06,72,1980-05-06,72
1980-05-07,61,1980-05-07,61
1980-05-08,54,1980-05-08,54
1980-05-09,63,1980-05-09,63
1980-05-10,71,1980-05-10,71
1980-05-11,84,1980-05-11,84
1980-05-12,73,1980-05-12,73
1980-05-13,81,1980-05-13,81
1980-05-14,62,1980-05-14,62
1980-05-15,68,1980-05-15,68
1980-05-16,70,1980-05-16,70
1980-05-17,65,1980-05-17,65
1980-05-18,76,1980-05-18,76
1980-05-19,70,1980-05-19,70
1980-05-20,71,1980-05-20,71
1980-05-21,76,1980-05-21,76
1980-05-22,79,1980-05-22,79
1980-05-23,73,1980-05-23,73
1980-05-24,77,1980-05-24,77
1980-05-25,80,1980-05-25,80
1980-05-26,74,1980-05-26,74
1980-05-27,75,1980-05-27,75
1980-05-28,81,1980-05-28,81
1980-05-29,86,1980-05-29,86
1980-05-30,81,1980-05-30,81
1980-05-31,84,1980-05-31,84
1980-06-01,77,1980-06-01,77
1980-06-02,77,1980-06-02,77
1980-06-03,83,1980-06-03,83
1980-06-04,72,1980-06-04,72
1980-06-05,77,1980-06-05,77
1980-06-06,88,1980-06-06,88
1980-06-07,87,1980-06-07,87
1980-06-08,72,1980-06-08,72
1980-06-09,73,1980-06-09,73
1980-06-10,65,1980-06-10,65
1980-06-11,66,1980-06-11,66
1980-06-12,73,1980-06-12,73
1980-06-13,81,1980-06-13,81
1980-06-14,87,1980-06-14,87
1980-06-15,84,1980-06-15,84
1980-06-16,67,1980-06-16,67
1980-06-17,71,1980-06-17,71
1980-06-18,77,1980-06-18,77
1980-06-19,81,1980-06-19,81
1980-06-20,73,1980-06-20,73
1980-06-21,77,1980-06-21,77
1980-06-22,81,1980-06-22,81
1980-06-23,87,1980-06-23,87
1980-06-24,80,1980-06-24,80
1980-06-25,80,1980-06-25,80
1980-06-26,88,1980-06-26,88
1980-06-27,90,1980-06-27,90
1980-06-28,91,1980-06-28,91
1980-06-29,82,1980-06-29,82
1980-06-30,74,1980-06-30,74
1980-07-01,79,1980-07-01,79
1980-07-02,88,1980-07-02,88
1980-07-03,81,1980-07-03,81
1980-07-04,85,1980-07-04,85
1980-07-05,88,1980-07-05,88
1980-07-06,78,1980-07-06,78
1980-07-07,78,1980-07-07,78
1980-07-08,93,1980-07-08,93
1980-07-09,82,1980-07-09,82
1980-07-10,85,1980-07-10,85
1980-07-11,90,1980-07-11,90
1980-07-12,81,1980-07-12,81
1980-07-13,83,1980-07-13,83
1980-07-14,86,1980-07-14,86
1980-07-15,97,1980-07-15,97
1980-07-16,95,1980-07-16,95
1980-07-17,88,1980-07-17,88
1980-07-18,86,1980-07-18,86
1980-07-19,91,1980-07-19,91
1980-07-20,97,1980-07-20,97
1980-07-21,92,1980-07-21,92
1980-07-22,75,1980-07-22,75
1980-07-23,81,1980-07-23,81
1980-07-24,81,1980-07-24,81
1980-07-25,83,1980-07-25,83
1980-07-26,86,1980-07-26,86
1980-07-27,79,1980-07-27,79
1980-07-28,80,1980-07-28,80
1980-07-29,84,1980-07-29,84
1980-07-30,84,1980-07-30,84
1980-07-31,91,1980-07-31,91
1980-08-01,90,1980-08-01,90
1980-08-02,93,1980-08-02,93
1980-08-03,81,1980-08-03,81
1980-08-04,87,1980-08-04,87
1980-08-05,87,1980-08-05,87
1980-08-06,87,1980-08-06,87
1980-08-07,86,1980-08-07,86
1980-08-08,94,1980-08-08,94
1980-08-09,87,1980-08-09,87
1980-08-10,92,1980-08-10,92
1980-08-11,86,1980-08-11,86
1980-08-12,80,1980-08-12,80
1980-08-13,84,1980-08-13,84
1980-08-14,88,1980-08-14,88
1980-08-15,76,1980-08-15,76
1980-08-16,73,1980-08-16,73
1980-08-17,69,1980-08-17,69
1980-08-18,85,1980-08-18,85
1980-08-19,84,1980-08-19,84
1980-08-20,80,1980-08-20,80
1980-08-21,90,1980-08-21,90
1980-08-22,79,1980-08-22,79
1980-08-23,81,1980-08-23,81
1980-08-24,83,1980-08-24,83
1980-08-25,84,1980-08-25,84
1980-08-26,86,1980-08-26,86
1980-08-27,89,1980-08-27,89
1980-08-28,88,1980-08-28,88
1980-08-29,87,1980-08-29,87
1980-08-30,81,1980-08-30,81
1980-08-31,82,1980-08-31,82
1980-09-01,88,1980-09-01,88
1980-09-02,83,1980-09-02,83
1980-09-03,82,1980-09-03,82
1980-09-04,88,1980-09-04,88
1980-09-05,85,1980-09-05,85
1980-09-06,84,1980-09-06,84
1980-09-07,79,1980-09-07,79
1980-09-08,82,1980-09-08,82
1980-09-09,85,1980-09-09,85
1980-09-10,71,1980-09-10,71
1980-09-11,75,1980-09-11,75
1980-09-12,82,1980-09-12,82
1980-09-13,89,1980-09-13,89
1980-09-14,86,1980-09-14,86
1980-09-15,69,1980-09-15,69
1980-09-16,74,1980-09-16,74
1980-09-17,71,1980-09-17,71
1980-09-18,72,1980-09-18,72
1980-09-19,79,1980-09-19,79
1980-09-20,87,1980-09-20,87
1980-09-21,88,1980-09-21,88
1980-09-22,85,1980-09-22,85
1980-09-23,70,1980-09-23,70
1980-09-24,70,1980-09-24,70
1980-09-25,71,1980-09-25,71
1980-09-26,64,1980-09-26,64
1980-09-27,69,1980-09-27,69
1980-09-28,75,1980-09-28,75
1980-09-29,78,1980-09-29,78
1980-09-30,76,1980-09-30,76
1980-10-01,79,1980-10-01,79
1980-10-02,68,1980-10-02,68
1980-10-03,60,1980-10-03,60
1980-10-04,47,1980-10-04,47
1980-10-05,54,1980-10-05,54
1980-10-06,61,1980-10-06,61
1980-10-07,69,1980-10-07,69
1980-10-08,81,1980-10-08,81
1980-10-09,73,1980-10-09,73
1980-10-10,76,1980-10-10,76
1980-10-11,62,1980-10-11,62
1980-10-12,50,1980-10-12,50
1980-10-13,56,1980-10-13,56
1980-10-14,61,1980-10-14,61
1980-10-15,74,1980-10-15,74
1980-10-16,80,1980-10-16,80
1980-10-17,74,1980-10-17,74
1980-10-18,66,1980-10-18,66
1980-10-19,57,1980-10-19,57
1980-10-20,57,1980-10-20,57
1980-10-21,68,1980-10-21,68
1980-10-22,57,1980-10-22,57
1980-10-23,59,1980-10-23,59
1980-10-24,60,1980-10-24,60
1980-10-25,51,1980-10-25,51
1980-10-26,39,1980-10-26,39
1980-10-27,45,1980-10-27,45
1980-10-28,42,1980-10-28,42
1980-10-29,52,1980-10-29,52
1980-10-30,50,1980-10-30,50
1980-10-31,57,1980-10-31,57
1980-11-01,53,1980-11-01,53
1980-11-02,50,1980-11-02,50
1980-11-03,70,1980-11-03,70
1980-11-04,59,1980-11-04,59
1980-11-05,49,1980-11-05,49
1980-11-06,56,1980-11-06,56
1980-11-07,70,1980-11-07,70
1980-11-08,62,1980-11-08,62
1980-11-09,70,1980-11-09,70
1980-11-10,53,1980-11-10,53
1980-11-11,41,1980-11-11,41
1980-11-12,47,1980-11-12,47
1980-11-13,64,1980-11-13,64
1980-11-14,58,1980-11-14,58
1980-11-15,43,1980-11-15,43
1980-11-16,45,1980-11-16,45
1980-11-17,35,1980-11-17,35
1980-11-18,36,1980-11-18,36
1980-11-19,38,1980-11-19,38
1980-11-20,42,1980-11-20,42
1980-11-21,40,1980-11-21,40
1980-11-22,46,1980-11-22,46
1980-11-23,46,1980-11-23,46
1980-11-24,45,1980-11-24,45
1980-11-25,38,1980-11-25,38
1980-11-26,37,1980-11-26,37
1980-11-27,44,1980-11-27,44
1980-11-28,38,1980-11-28,38
1980-11-29,38,1980-11-29,38
1980-11-30,52,1980-11-30,52
1980-12-01,58,1980-12-01,58
1980-12-02,56,1980-12-02,56
1980-12-03,32,1980-12-03,32
1980-12-04,44,1980-12-04,44
1980-12-05,46,1980-12-05,46
1980-12-06,61,1980-12-06,61
1980-12-07,62,1980-12-07,62
1980-12-08,63,1980-12-08,63
1980-12-09,46,1980-12-09,46
1980-12-10,38,1980-12-10,38
1980-12-11,34,1980-12-11,34
1980-12-12,50,1980-12-12,50
1980-12-13,42,1980-12-13,42
1980-12-14,40,1980-12-14,40
1980-12-15,35,1980-12-15,35
1980-12-16,35,1980-12-16,35
1980-12-17,34,1980-12-17,34
1980-12-18,41,1980-12-18,41
1980-12-19,37,1980-12-19,37
1980-12-20,19,1980-12-20,19
1980-12-21,23,1980-12-21,23
1980-12-22,35,1980-12-22,35
1980-12-23,40,1980-12-23,40
1980-12-24,36,1980-12-24,36
1980-12-25,15,1980-12-25,15
1980-12-26,24,1980-12-26,24
1980-12-27,28,1980-12-27,28
1980-12-28,43,1980-12-28,43
1980-12-29,38,1980-12-29,38
1980-12-30,34,1980-12-30,34
1980-12-31,35,1980-12-31,35
1981-01-01,35,1981-01-01,35
1981-01-02,32,1981-01-02,32
1981-01-03,28,1981-01-03,28
1981-01-04,7,1981-01-04,7
1981-01-05,15,1981-01-05,15
1981-01-06,32,1981-01-06,32
1981-01-07,31,1981-01-07,31
1981-01-08,18,1981-01-08,18
1981-01-09,20,1981-01-09,20
1981-01-10,18,1981-01-10,18
1981-01-11,17,1981-01-11,17
1981-01-12,16,1981-01-12,16
1981-01-13,27,1981-01-13,27
1981-01-14,33,1981-01-14,33
1981-01-15,31,1981-01-15,31
1981-01-16,28,1981-01-16,28
1981-01-17,24,1981-01-17,24
1981-01-18,35,1981-01-18,35
1981-01-19,40,1981-01-19,40
1981-01-20,41,1981-01-20,41
1981-01-21,39,1981-01-21,39
1981-01-22,35,1981-01-22,35
1981-01-23,35,1981-01-23,35
1981-01-24,42,1981-01-24,42
1981-01-25,54,1981-01-25,54
1981-01-26,55,1981-01-26,55
1981-01-27,39,1981-01-27,39
1981-01-28,40,1981-01-28,40
1981-01-29,31,1981-01-29,31
1981-01-30,30,1981-01-30,30
1981-01-31,36,1981-01-31,36
1981-02-01,41,1981-02-01,41
1981-02-02,34,1981-02-02,34
1981-02-03,13,1981-02-03,13
1981-02-04,18,1981-02-04,18
1981-02-05,24,1981-02-05,24
1981-02-06,32,1981-02-06,32
1981-02-07,42,1981-02-07,42
1981-02-08,37,1981-02-08,37
1981-02-09,37,1981-02-09,37
1981-02-10,52,1981-02-10,52
1981-02-11,53,1981-02-11,53
1981-02-12,15,1981-02-12,15
1981-02-13,33,1981-02-13,33
1981-02-14,45,1981-02-14,45
1981-02-15,55,1981-02-15,55
1981-02-16,49,1981-02-16,49
1981-02-17,56,1981-02-17,56
1981-02-18,60,1981-02-18,60
1981-02-19,58,1981-02-19,58
1981-02-20,50,1981-02-20,50
1981-02-21,48,1981-02-21,48
1981-02-22,59,1981-02-22,59
1981-02-23,51,1981-02-23,51
1981-02-24,40,1981-02-24,40
1981-02-25,45,1981-02-25,45
1981-02-26,37,1981-02-26,37
1981-02-27,49,1981-02-27,49
1981-02-28,57,1981-02-28,57
1981-03-01,44,1981-03-01,44
1981-03-02,40,1981-03-02,40
1981-03-03,39,1981-03-03,39
1981-03-04,37,1981-03-04,37
1981-03-05,39,1981-03-05,39
1981-03-06,37,1981-03-06,37
1981-03-07,32,1981-03-07,32
1981-03-08,41,1981-03-08,41
1981-03-09,47,1981-03-09,47
1981-03-10,49,1981-03-10,49
1981-03-11,43,1981-03-11,43
1981-03-12,56,1981-03-12,56
1981-03-13,54,1981-03-13,54
1981-03-14,44,1981-03-14,44
1981-03-15,60,1981-03-15,60
1981-03-16,47,1981-03-16,47
1981-03-17,40,1981-03-17,40
1981-03-18,39,1981-03-18,39
1981-03-19,32,1981-03-19,32
1981-03-20,38,1981-03-20,38
1981-03-21,49,1981-03-21,49
1981-03-22,50,1981-03-22,50
1981-03-23,56,1981-03-23,56
1981-03-24,58,1981-03-24,58
1981-03-25,55,1981-03-25,55
1981-03-26,66,1981-03-26,66
1981-03-27,52,1981-03-27,52
1981-03-28,70,1981-03-28,70
1981-03-29,77,1981-03-29,77
1981-03-30,68,1981-03-30,68
1981-03-31,82,1981-03-31,82
1981-04-01,73,1981-04-01,73
1981-04-02,72,1981-04-02,72
1981-04-03,79,1981-04-03,79
1981-04-04,71,1981-04-04,71
1981-04-05,57,1981-04-05,57
1981-04-06,53,1981-04-06,53
1981-04-07,67,1981-04-07,67
1981-04-08,76,1981-04-08,76
1981-04-09,65,1981-04-09,65
1981-04-10,67,1981-04-10,67
1981-04-11,78,1981-04-11,78
1981-04-12,75,1981-04-12,75
1981-04-13,73,1981-04-13,73
1981-04-14,72,1981-04-14,72
1981-04-15,54,1981-04-15,54
1981-04-16,67,1981-04-16,67
1981-04-17,75,1981-04-17,75
1981-04-18,69,1981-04-18,69
1981-04-19,59,1981-04-19,59
1981-04-20,51,1981-04-20,51
1981-04-21,56,1981-04-21,56
1981-04-22,60,1981-04-22,60
1981-04-23,68,1981-04-23,68
1981-04-24,57,1981-04-24,57
1981-04-25,54,1981-04-25,54
1981-04-26,59,1981-04-26,59
1981-04-27,77,1981-04-27,77
1981-04-28,84,1981-04-28,84
1981-04-29,65,1981-04-29,65
1981-04-30,64,1981-04-30,64
1981-05-01,58,1981-05-01,58
1981-05-02,58,1981-05-02,58
1981-05-03,68,1981-05-03,68
1981-05-04,78,1981-05-04,78
1981-05-05,73,1981-05-05,73
1981-05-06,63,1981-05-06,63
1981-05-07,62,1981-05-07,62
1981-05-08,73,1981-05-08,73
1981-05-09,67,1981-05-09,67
1981-05-10,71,1981-05-10,71
1981-05-11,60,1981-05-11,60
1981-05-12,62,1981-05-12,62
1981-05-13,67,1981-05-13,67
1981-05-14,67,1981-05-14,67
1981-05-15,58,1981-05-15,58
1981-05-16,69,1981-05-16,69
1981-05-17,71,1981-05-17,71
1981-05-18,54,1981-05-18,54
1981-05-19,60,1981-05-19,60
1981-05-20,71,1981-05-20,71
1981-05-21,76,1981-05-21,76
1981-05-22,81,1981-05-22,81
1981-05-23,82,1981-05-23,82
1981-05-24,85,1981-05-24,85
1981-05-25,82,1981-05-25,82
1981-05-26,80,1981-05-26,80
1981-05-27,73,1981-05-27,73
1981-05-28,66,1981-05-28,66
1981-05-29,79,1981-05-29,79
1981-05-30,74,1981-05-30,74
1981-05-31,68,1981-05-31,68
1981-06-01,70,1981-06-01,70
1981-06-02,80,1981-06-02,80
1981-06-03,80,1981-06-03,80
1981-06-04,83,1981-06-04,83
1981-06-05,83,1981-06-05,83
1981-06-06,81,1981-06-06,81
1981-06-07,81,1981-06-07,81
1981-06-08,85,1981-06-08,85
1981-06-09,79,1981-06-09,79
1981-06-10,77,1981-06-10,77
1981-06-11,76,1981-06-11,76
1981-06-12,83,1981-06-12,83
1981-06-13,81,1981-06-13,81
1981-06-14,88,1981-06-14,88
1981-06-15,91,1981-06-15,91
1981-06-16,85,1981-06-16,85
1981-06-17,74,1981-06-17,74
1981-06-18,83,1981-06-18,83
1981-06-19,83,1981-06-19,83
1981-06-20,80,1981-06-20,80
1981-06-21,78,1981-06-21,78
1981-06-22,78,1981-06-22,78
1981-06-23,75,1981-06-23,75
1981-06-24,90,1981-06-24,90
1981-06-25,85,1981-06-25,85
1981-06-26,71,1981-06-26,71
1981-06-27,72,1981-06-27,72
1981-06-28,81,1981-06-28,81
1981-06-29,87,1981-06-29,87
1981-06-30,85,1981-06-30,85
1981-07-01,81,1981-07-01,81
1981-07-02,80,1981-07-02,80
1981-07-03,79,1981-07-03,79
1981-07-04,81,1981-07-04,81
1981-07-05,80,1981-07-05,80
1981-07-06,84,1981-07-06,84
1981-07-07,89,1981-07-07,89
1981-07-08,90,1981-07-08,90
1981-07-09,93,1981-07-09,93
1981-07-10,84,1981-07-10,84
1981-07-11,85,1981-07-11,85
1981-07-12,89,1981-07-12,89
1981-07-13,93,1981-07-13,93
1981-07-14,84,1981-07-14,84
1981-07-15,77,1981-07-15,77
1981-07-16,79,1981-07-16,79
1981-07-17,86,1981-07-17,86
1981-07-18,87,1981-07-18,87
1981-07-19,78,1981-07-19,78
1981-07-20,83,1981-07-20,83
1981-07-21,78,1981-07-21,78
1981-07-22,76,1981-07-22,76
1981-07-23,72,1981-07-23,72
1981-07-24,81,1981-07-24,81
1981-07-25,84,1981-07-25,84
1981-07-26,81,1981-07-26,81
1981-07-27,78,1981-07-27,78
1981-07-28,80,1981-07-28,80
1981-07-29,71,1981-07-29,71
1981-07-30,75,1981-07-30,75
1981-07-31,79,1981-07-31,79
1981-08-01,83,1981-08-01,83
1981-08-02,84,1981-08-02,84
1981-08-03,82,1981-08-03,82
1981-08-04,86,1981-08-04,86
1981-08-05,83,1981-08-05,83
1981-08-06,75,1981-08-06,75
1981-08-07,76,1981-08-07,76
1981-08-08,79,1981-08-08,79
1981-08-09,80,1981-08-09,80
1981-08-10,83,1981-08-10,83
1981-08-11,80,1981-08-11,80
1981-08-12,80,1981-08-12,80
1981-08-13,82,1981-08-13,82
1981-08-14,82,1981-08-14,82
1981-08-15,80,1981-08-15,80
1981-08-16,76,1981-08-16,76
1981-08-17,74,1981-08-17,74
1981-08-18,77,1981-08-18,77
1981-08-19,81,1981-08-19,81
1981-08-20,79,1981-08-20,79
1981-08-21,78,1981-08-21,78
1981-08-22,80,1981-08-22,80
1981-08-23,84,1981-08-23,84
1981-08-24,83,1981-08-24,83
1981-08-25,81,1981-08-25,81
1981-08-26,82,1981-08-26,82
1981-08-27,85,1981-08-27,85
1981-08-28,84,1981-08-28,84
1981-08-29,80,1981-08-29,80
1981-08-30,78,1981-08-30,78
1981-08-31,80,1981-08-31,80
1981-09-01,81,1981-09-01,81
1981-09-02,75,1981-09-02,75
1981-09-03,72,1981-09-03,72
1981-09-04,80,1981-09-04,80
1981-09-05,78,1981-09-05,78
1981-09-06,75,1981-09-06,75
1981-09-07,76,1981-09-07,76
1981-09-08,73,1981-09-08,73
1981-09-09,68,1981-09-09,68
1981-09-10,78,1981-09-10,78
1981-09-11,83,1981-09-11,83
1981-09-12,84,1981-09-12,84
1981-09-13,83,1981-09-13,83
1981-09-14,74,1981-09-14,74
1981-09-15,70,1981-09-15,70
1981-09-16,69,1981-09-16,69
1981-09-17,54,1981-09-17,54
1981-09-18,54,1981-09-18,54
1981-09-19,68,1981-09-19,68
1981-09-20,70,1981-09-20,70
1981-09-21,74,1981-09-21,74
1981-09-22,66,1981-09-22,66
1981-09-23,61,1981-09-23,61
1981-09-24,67,1981-09-24,67
1981-09-25,68,1981-09-25,68
1981-09-26,81,1981-09-26,81
1981-09-27,75,1981-09-27,75
1981-09-28,62,1981-09-28,62
1981-09-29,61,1981-09-29,61
1981-09-30,76,1981-09-30,76
1981-10-01,74,1981-10-01,74
1981-10-02,52,1981-10-02,52
1981-10-03,57,1981-10-03,57
1981-10-04,70,1981-10-04,70
1981-10-05,80,1981-10-05,80
1981-10-06,71,1981-10-06,71
1981-10-07,55,1981-10-07,55
1981-10-08,55,1981-10-08,55
1981-10-09,61,1981-10-09,61
1981-10-10,64,1981-10-10,64
1981-10-11,66,1981-10-11,66
1981-10-12,67,1981-10-12,67
1981-10-13,68,1981-10-13,68
1981-10-14,68,1981-10-14,68
1981-10-15,62,1981-10-15,62
1981-10-16,60,1981-10-16,60
1981-10-17,68,1981-10-17,68
1981-10-18,62,1981-10-18,62
1981-10-19,50,1981-10-19,50
1981-10-20,67,1981-10-20,67
1981-10-21,71,1981-10-21,71
1981-10-22,63,1981-10-22,63
1981-10-23,50,1981-10-23,50
1981-10-24,43,1981-10-24,43
1981-10-25,58,1981-10-25,58
1981-10-26,61,1981-10-26,61
1981-10-27,59,1981-10-27,59
1981-10-28,60,1981-10-28,60
1981-10-29,64,1981-10-29,64
1981-10-30,70,1981-10-30,70
1981-10-31,68,1981-10-31,68
1981-11-01,70,1981-11-01,70
1981-11-02,66,1981-11-02,66
1981-11-03,67,1981-11-03,67
1981-11-04,71,1981-11-04,71
1981-11-05,64,1981-11-05,64
1981-11-06,50,1981-11-06,50
1981-11-07,50,1981-11-07,50
1981-11-08,61,1981-11-08,61
1981-11-09,49,1981-11-09,49
1981-11-10,46,1981-11-10,46
1981-11-11,45,1981-11-11,45
1981-11-12,46,1981-11-12,46
1981-11-13,57,1981-11-13,57
1981-11-14,60,1981-11-14,60
1981-11-15,62,1981-11-15,62
1981-11-16,58,1981-11-16,58
1981-11-17,54,1981-11-17,54
1981-11-18,49,1981-11-18,49
1981-11-19,56,1981-11-19,56
1981-11-20,55,1981-11-20,55
1981-11-21,31,1981-11-21,31
1981-11-22,29,1981-11-22,29
1981-11-23,40,1981-11-23,40
1981-11-24,40,1981-11-24,40
1981-11-25,41,1981-11-25,41
1981-11-26,63,1981-11-26,63
1981-11-27,57,1981-11-27,57
1981-11-28,38,1981-11-28,38
1981-11-29,39,1981-11-29,39
1981-11-30,38,1981-11-30,38
1981-12-01,59,1981-12-01,59
1981-12-02,46,1981-12-02,46
1981-12-03,45,1981-12-03,45
1981-12-04,43,1981-12-04,43
1981-12-05,37,1981-12-05,37
1981-12-06,41,1981-12-06,41
1981-12-07,47,1981-12-07,47
1981-12-08,47,1981-12-08,47
1981-12-09,28,1981-12-09,28
1981-12-10,29,1981-12-10,29
1981-12-11,32,1981-12-11,32
1981-12-12,31,1981-12-12,31
1981-12-13,36,1981-12-13,36
1981-12-14,35,1981-12-14,35
1981-12-15,36,1981-12-15,36
1981-12-16,32,1981-12-16,32
1981-12-17,28,1981-12-17,28
1981-12-18,26,1981-12-18,26
1981-12-19,18,1981-12-19,18
1981-12-20,14,1981-12-20,14
1981-12-21,34,1981-12-21,34
1981-12-22,47,1981-12-22,47
1981-12-23,49,1981-12-23,49
1981-12-24,35,1981-12-24,35
1981-12-25,38,1981-12-25,38
1981-12-26,42,1981-12-26,42
1981-12-27,39,1981-12-27,39
1981-12-28,36,1981-12-28,36
1981-12-29,32,1981-12-29,32
1981-12-30,34,1981-12-30,34
1981-12-31,42,1981-12-31,42
1982-01-01,42,1982-01-01,42
1982-01-02,43,1982-01-02,43
1982-01-03,49,1982-01-03,49
1982-01-04,57,1982-01-04,57
1982-01-05,39,1982-01-05,39
1982-01-06,45,1982-01-06,45
1982-01-07,35,1982-01-07,35
1982-01-08,29,1982-01-08,29
1982-01-09,26,1982-01-09,26
1982-01-10,-4,1982-01-10,-4
1982-01-11,6,1982-01-11,6
1982-01-12,18,1982-01-12,18
1982-01-13,24,1982-01-13,24
1982-01-14,21,1982-01-14,21
1982-01-15,24,1982-01-15,24
1982-01-16,31,1982-01-16,31
1982-01-17,-0,1982-01-17,-0
1982-01-18,22,1982-01-18,22
1982-01-19,32,1982-01-19,32
1982-01-20,36,1982-01-20,36
1982-01-21,31,1982-01-21,31
1982-01-22,39,1982-01-22,39
1982-01-23,48,1982-01-23,48
1982-01-24,20,1982-01-24,20
1982-01-25,19,1982-01-25,19
1982-01-26,18,1982-01-26,18
1982-01-27,33,1982-01-27,33
1982-01-28,41,1982-01-28,41
1982-01-29,37,1982-01-29,37
1982-01-30,48,1982-01-30,48
1982-01-31,47,1982-01-31,47
1982-02-01,31,1982-02-01,31
1982-02-02,39,1982-02-02,39
1982-02-03,39,1982-02-03,39
1982-02-04,27,1982-02-04,27
1982-02-05,34,1982-02-05,34
1982-02-06,24,1982-02-06,24
1982-02-07,32,1982-02-07,32
1982-02-08,35,1982-02-08,35
1982-02-09,28,1982-02-09,28
1982-02-10,12,1982-02-10,12
1982-02-11,27,1982-02-11,27
1982-02-12,31,1982-02-12,31
1982-02-13,25,1982-02-13,25
1982-02-14,39,1982-02-14,39
1982-02-15,53,1982-02-15,53
1982-02-16,49,1982-02-16,49
1982-02-17,43,1982-02-17,43
1982-02-18,42,1982-02-18,42
1982-02-19,42,1982-02-19,42
1982-02-20,51,1982-02-20,51
1982-02-21,39,1982-02-21,39
1982-02-22,40,1982-02-22,40
1982-02-23,58,1982-02-23,58
1982-02-24,38,1982-02-24,38
1982-02-25,30,1982-02-25,30
1982-02-26,37,1982-02-26,37
1982-02-27,46,1982-02-27,46
1982-02-28,50,1982-02-28,50
1982-03-01,52,1982-03-01,52
1982-03-02,48,1982-03-02,48
1982-03-03,30,1982-03-03,30
1982-03-04,59,1982-03-04,59
1982-03-05,36,1982-03-05,36
1982-03-06,34,1982-03-06,34
1982-03-07,33,1982-03-07,33
1982-03-08,37,1982-03-08,37
1982-03-09,36,1982-03-09,36
1982-03-10,50,1982-03-10,50
1982-03-11,53,1982-03-11,53
1982-03-12,64,1982-03-12,64
1982-03-13,66,1982-03-13,66
1982-03-14,56,1982-03-14,56
1982-03-15,45,1982-03-15,45
1982-03-16,68,1982-03-16,68
1982-03-17,56,1982-03-17,56
1982-03-18,66,1982-03-18,66
1982-03-19,46,1982-03-19,46
1982-03-20,53,1982-03-20,53
1982-03-21,56,1982-03-21,56
1982-03-22,40,1982-03-22,40
1982-03-23,49,1982-03-23,49
1982-03-24,65,1982-03-24,65
1982-03-25,56,1982-03-25,56
1982-03-26,36,1982-03-26,36
1982-03-27,32,1982-03-27,32
1982-03-28,43,1982-03-28,43
1982-03-29,60,1982-03-29,60
1982-03-30,73,1982-03-30,73
1982-03-31,67,1982-03-31,67
1982-04-01,65,1982-04-01,65
1982-04-02,74,1982-04-02,74
1982-04-03,61,1982-04-03,61
1982-04-04,37,1982-04-04,37
1982-04-05,42,1982-04-05,42
1982-04-06,39,1982-04-06,39
1982-04-07,32,1982-04-07,32
1982-04-08,43,1982-04-08,43
1982-04-09,36,1982-04-09,36
1982-04-10,40,1982-04-10,40
1982-04-11,46,1982-04-11,46
1982-04-12,63,1982-04-12,63
1982-04-13,67,1982-04-13,67
1982-04-14,60,1982-04-14,60
1982-04-15,77,1982-04-15,77
1982-04-16,80,1982-04-16,80
1982-04-17,65,1982-04-17,65
1982-04-18,62,1982-04-18,62
1982-04-19,73,1982-04-19,73
1982-04-20,59,1982-04-20,59
1982-04-21,52,1982-04-21,52
1982-04-22,55,1982-04-22,55
1982-04-23,65,1982-04-23,65
1982-04-24,69,1982-04-24,69
1982-04-25,73,1982-04-25,73
1982-04-26,65,1982-04-26,65
1982-04-27,54,1982-04-27,54
1982-04-28,60,1982-04-28,60
1982-04-29,68,1982-04-29,68
1982-04-30,69,1982-04-30,69
1982-05-01,72,1982-05-01,72
1982-05-02,71,1982-05-02,71
1982-05-03,74,1982-05-03,74
1982-05-04,77,1982-05-04,77
1982-05-05,82,1982-05-05,82
1982-05-06,88,1982-05-06,88
1982-05-07,77,1982-05-07,77
1982-05-08,70,1982-05-08,70
1982-05-09,71,1982-05-09,71
1982-05-10,75,1982-05-10,75
1982-05-11,84,1982-05-11,84
1982-05-12,88,1982-05-12,88
1982-05-13,88,1982-05-13,88
1982-05-14,89,1982-05-14,89
1982-05-15,87,1982-05-15,87
1982-05-16,85,1982-05-16,85
1982-05-17,85,1982-05-17,85
1982-05-18,87,1982-05-18,87
1982-05-19,82,1982-05-19,82
1982-05-20,79,1982-05-20,79
1982-05-21,71,1982-05-21,71
1982-05-22,79,1982-05-22,79
1982-05-23,76,1982-05-23,76
1982-05-24,74,1982-05-24,74
1982-05-25,71,1982-05-25,71
1982-05-26,79,1982-05-26,79
1982-05-27,82,1982-05-27,82
1982-05-28,80,1982-05-28,80
1982-05-29,76,1982-05-29,76
1982-05-30,78,1982-05-30,78
1982-05-31,82,1982-05-31,82
1982-06-01,75,1982-06-01,75
1982-06-02,74,1982-06-02,74
1982-06-03,74,1982-06-03,74
1982-06-04,68,1982-06-04,68
1982-06-05,66,1982-06-05,66
1982-06-06,73,1982-06-06,73
1982-06-07,73,1982-06-07,73
1982-06-08,82,1982-06-08,82
1982-06-09,81,1982-06-09,81
1982-06-10,76,1982-06-10,76
1982-06-11,75,1982-06-11,75
1982-06-12,70,1982-06-12,70
1982-06-13,79,1982-06-13,79
1982-06-14,81,1982-06-14,81
1982-06-15,83,1982-06-15,83
1982-06-16,70,1982-06-16,70
1982-06-17,75,1982-06-17,75
1982-06-18,78,1982-06-18,78
1982-06-19,74,1982-06-19,74
1982-06-20,74,1982-06-20,74
1982-06-21,75,1982-06-21,75
1982-06-22,75,1982-06-22,75
1982-06-23,72,1982-06-23,72
1982-06-24,76,1982-06-24,76
1982-06-25,81,1982-06-25,81
1982-06-26,84,1982-06-26,84
1982-06-27,86,1982-06-27,86
1982-06-28,86,1982-06-28,86
1982-06-29,81,1982-06-29,81
1982-06-30,74,1982-06-30,74
1982-07-01,75,1982-07-01,75
1982-07-02,78,1982-07-02,78
1982-07-03,82,1982-07-03,82
1982-07-04,81,1982-07-04,81
1982-07-05,84,1982-07-05,84
1982-07-06,90,1982-07-06,90
1982-07-07,90,1982-07-07,90
1982-07-08,84,1982-07-08,84
1982-07-09,86,1982-07-09,86
1982-07-10,85,1982-07-10,85
1982-07-11,83,1982-07-11,83
1982-07-12,83,1982-07-12,83
1982-07-13,84,1982-07-13,84
1982-07-14,86,1982-07-14,86
1982-07-15,87,1982-07-15,87
1982-07-16,89,1982-07-16,89
1982-07-17,91,1982-07-17,91
1982-07-18,89,1982-07-18,89
1982-07-19,84,1982-07-19,84
1982-07-20,84,1982-07-20,84
1982-07-21,83,1982-07-21,83
1982-07-22,81,1982-07-22,81
1982-07-23,85,1982-07-23,85
1982-07-24,87,1982-07-24,87
1982-07-25,90,1982-07-25,90
1982-07-26,91,1982-07-26,91
1982-07-27,88,1982-07-27,88
1982-07-28,81,1982-07-28,81
1982-07-29,78,1982-07-29,78
1982-07-30,84,1982-07-30,84
1982-07-31,83,1982-07-31,83
1982-08-01,84,1982-08-01,84
1982-08-02,82,1982-08-02,82
1982-08-03,89,1982-08-03,89
1982-08-04,81,1982-08-04,81
1982-08-05,85,1982-08-05,85
1982-08-06,88,1982-08-06,88
1982-08-07,83,1982-08-07,83
1982-08-08,87,1982-08-08,87
1982-08-09,86,1982-08-09,86
1982-08-10,74,1982-08-10,74
1982-08-11,75,1982-08-11,75
1982-08-12,75,1982-08-12,75
1982-08-13,77,1982-08-13,77
1982-08-14,81,1982-08-14,81
1982-08-15,84,1982-08-15,84
1982-08-16,86,1982-08-16,86
1982-08-17,87,1982-08-17,87
1982-08-18,81,1982-08-18,81
1982-08-19,85,1982-08-19,85
1982-08-20,80,1982-08-20,80
1982-08-21,76,1982-08-21,76
1982-08-22,76,1982-08-22,76
1982-08-23,75,1982-08-23,75
1982-08-24,83,1982-08-24,83
1982-08-25,77,1982-08-25,77
1982-08-26,79,1982-08-26,79
1982-08-27,81,1982-08-27,81
1982-08-28,72,1982-08-28,72
1982-08-29,71,1982-08-29,71
1982-08-30,74,1982-08-30,74
1982-08-31,74,1982-08-31,74
1982-09-01,79,1982-09-01,79
1982-09-02,75,1982-09-02,75
1982-09-03,75,1982-09-03,75
1982-09-04,73,1982-09-04,73
1982-09-05,77,1982-09-05,77
1982-09-06,78,1982-09-06,78
1982-09-07,75,1982-09-07,75
1982-09-08,78,1982-09-08,78
1982-09-09,80,1982-09-09,80
1982-09-10,82,1982-09-10,82
1982-09-11,84,1982-09-11,84
1982-09-12,86,1982-09-12,86
1982-09-13,87,1982-09-13,87
1982-09-14,83,1982-09-14,83
1982-09-15,82,1982-09-15,82
1982-09-16,69,1982-09-16,69
1982-09-17,76,1982-09-17,76
1982-09-18,71,1982-09-18,71
1982-09-19,71,1982-09-19,71
1982-09-20,70,1982-09-20,70
1982-09-21,62,1982-09-21,62
1982-09-22,60,1982-09-22,60
1982-09-23,66,1982-09-23,66
1982-09-24,62,1982-09-24,62
1982-09-25,66,1982-09-25,66
1982-09-26,64,1982-09-26,64
1982-09-27,61,1982-09-27,61
1982-09-28,69,1982-09-28,69
1982-09-29,73,1982-09-29,73
1982-09-30,75,1982-09-30,75
1982-10-01,81,1982-10-01,81
1982-10-02,80,1982-10-02,80
1982-10-03,80,1982-10-03,80
1982-10-04,74,1982-10-04,74
1982-10-05,80,1982-10-05,80
1982-10-06,84,1982-10-06,84
1982-10-07,78,1982-10-07,78
1982-10-08,77,1982-10-08,77
1982-10-09,68,1982-10-09,68
1982-10-10,80,1982-10-10,80
1982-10-11,72,1982-10-11,72
1982-10-12,59,1982-10-12,59
1982-10-13,64,1982-10-13,64
1982-10-14,58,1982-10-14,58
1982-10-15,61,1982-10-15,61
1982-10-16,50,1982-10-16,50
1982-10-17,52,1982-10-17,52
1982-10-18,68,1982-10-18,68
1982-10-19,70,1982-10-19,70
1982-10-20,60,1982-10-20,60
1982-10-21,44,1982-10-21,44
1982-10-22,51,1982-10-22,51
1982-10-23,51,1982-10-23,51
1982-10-24,57,1982-10-24,57
1982-10-25,59,1982-10-25,59
1982-10-26,64,1982-10-26,64
1982-10-27,68,1982-10-27,68
1982-10-28,72,1982-10-28,72
1982-10-29,66,1982-10-29,66
1982-10-30,64,1982-10-30,64
1982-10-31,74,1982-10-31,74
1982-11-01,76,1982-11-01,76
1982-11-02,77,1982-11-02,77
1982-11-03,62,1982-11-03,62
1982-11-04,46,1982-11-04,46
1982-11-05,34,1982-11-05,34
1982-11-06,43,1982-11-06,43
1982-11-07,57,1982-11-07,57
1982-11-08,65,1982-11-08,65
1982-11-09,57,1982-11-09,57
1982-11-10,66,1982-11-10,66
1982-11-11,63,1982-11-11,63
1982-11-12,63,1982-11-12,63
1982-11-13,34,1982-11-13,34
1982-11-14,39,1982-11-14,39
1982-11-15,36,1982-11-15,36
1982-11-16,50,1982-11-16,50
1982-11-17,54,1982-11-17,54
1982-11-18,57,1982-11-18,57
1982-11-19,60,1982-11-19,60
1982-11-20,59,1982-11-20,59
1982-11-21,62,1982-11-21,62
1982-11-22,53,1982-11-22,53
1982-11-23,61,1982-11-23,61
1982-11-24,41,1982-11-24,41
1982-11-25,35,1982-11-25,35
1982-11-26,38,1982-11-26,38
1982-11-27,37,1982-11-27,37
1982-11-28,56,1982-11-28,56
1982-11-29,55,1982-11-29,55
1982-11-30,61,1982-11-30,61
1982-12-01,61,1982-12-01,61
1982-12-02,72,1982-12-02,72
1982-12-03,76,1982-12-03,76
1982-12-04,68,1982-12-04,68
1982-12-05,65,1982-12-05,65
1982-12-06,51,1982-12-06,51
1982-12-07,47,1982-12-07,47
1982-12-08,51,1982-12-08,51
1982-12-09,35,1982-12-09,35
1982-12-10,35,1982-12-10,35
1982-12-11,33,1982-12-11,33
1982-12-12,26,1982-12-12,26
1982-12-13,32,1982-12-13,32
1982-12-14,46,1982-12-14,46
1982-12-15,46,1982-12-15,46
1982-12-16,46,1982-12-16,46
1982-12-17,33,1982-12-17,33
1982-12-18,37,1982-12-18,37
1982-12-19,43,1982-12-19,43
1982-12-20,34,1982-12-20,34
1982-12-21,33,1982-12-21,33
1982-12-22,44,1982-12-22,44
1982-12-23,51,1982-12-23,51
1982-12-24,60,1982-12-24,60
1982-12-25,63,1982-12-25,63
1982-12-26,62,1982-12-26,62
1982-12-27,61,1982-12-27,61
1982-12-28,64,1982-12-28,64
1982-12-29,34,1982-12-29,34
1982-12-30,29,1982-12-30,29
1982-12-31,36,1982-12-31,36
1983-01-01,41,1983-01-01,41
1983-01-02,36,1983-01-02,36
1983-01-03,34,1983-01-03,34
1983-01-04,41,1983-01-04,41
1983-01-05,42,1983-01-05,42
1983-01-06,46,1983-01-06,46
1983-01-07,47,1983-01-07,47
1983-01-08,35,1983-01-08,35
1983-01-09,44,1983-01-09,44
1983-01-10,48,1983-01-10,48
1983-01-11,43,1983-01-11,43
1983-01-12,32,1983-01-12,32
1983-01-13,36,1983-01-13,36
1983-01-14,47,1983-01-14,47
1983-01-15,31,1983-01-15,31
1983-01-16,25,1983-01-16,25
1983-01-17,25,1983-01-17,25
1983-01-18,17,1983-01-18,17
1983-01-19,22,1983-01-19,22
1983-01-20,30,1983-01-20,30
1983-01-21,38,1983-01-21,38
1983-01-22,38,1983-01-22,38
1983-01-23,40,1983-01-23,40
1983-01-24,35,1983-01-24,35
1983-01-25,34,1983-01-25,34
1983-01-26,33,1983-01-26,33
1983-01-27,34,1983-01-27,34
1983-01-28,35,1983-01-28,35
1983-01-29,47,1983-01-29,47
1983-01-30,45,1983-01-30,45
1983-01-31,35,1983-01-31,35
1983-02-01,44,1983-02-01,44
1983-02-02,59,1983-02-02,59
1983-02-03,42,1983-02-03,42
1983-02-04,24,1983-02-04,24
1983-02-05,28,1983-02-05,28
1983-02-06,34,1983-02-06,34
1983-02-07,31,1983-02-07,31
1983-02-08,29,1983-02-08,29
1983-02-09,36,1983-02-09,36
1983-02-10,36,1983-02-10,36
1983-02-11,31,1983-02-11,31
1983-02-12,29,1983-02-12,29
1983-02-13,35,1983-02-13,35
1983-02-14,41,1983-02-14,41
1983-02-15,42,1983-02-15,42
1983-02-16,52,1983-02-16,52
1983-02-17,42,1983-02-17,42
1983-02-18,44,1983-02-18,44
1983-02-19,56,1983-02-19,56
1983-02-20,63,1983-02-20,63
1983-02-21,67,1983-02-21,67
1983-02-22,66,1983-02-22,66
1983-02-23,46,1983-02-23,46
1983-02-24,46,1983-02-24,46
1983-02-25,31,1983-02-25,31
1983-02-26,38,1983-02-26,38
1983-02-27,48,1983-02-27,48
1983-02-28,57,1983-02-28,57
1983-03-01,57,1983-03-01,57
1983-03-02,61,1983-03-02,61
1983-03-03,70,1983-03-03,70
1983-03-04,77,1983-03-04,77
1983-03-05,78,1983-03-05,78
1983-03-06,71,1983-03-06,71
1983-03-07,77,1983-03-07,77
1983-03-08,62,1983-03-08,62
1983-03-09,45,1983-03-09,45
1983-03-10,40,1983-03-10,40
1983-03-11,33,1983-03-11,33
1983-03-12,47,1983-03-12,47
1983-03-13,51,1983-03-13,51
1983-03-14,65,1983-03-14,65
1983-03-15,55,1983-03-15,55
1983-03-16,58,1983-03-16,58
1983-03-17,57,1983-03-17,57
1983-03-18,55,1983-03-18,55
1983-03-19,50,1983-03-19,50
1983-03-20,43,1983-03-20,43
1983-03-21,44,1983-03-21,44
1983-03-22,33,1983-03-22,33
1983-03-23,35,1983-03-23,35
1983-03-24,39,1983-03-24,39
1983-03-25,44,1983-03-25,44
1983-03-26,57,1983-03-26,57
1983-03-27,64,1983-03-27,64
1983-03-28,42,1983-03-28,42
1983-03-29,40,1983-03-29,40
1983-03-30,44,1983-03-30,44
1983-03-31,53,1983-03-31,53
1983-04-01,59,1983-04-01,59
1983-04-02,63,1983-04-02,63
1983-04-03,46,1983-04-03,46
1983-04-04,50,1983-04-04,50
1983-04-05,58,1983-04-05,58
1983-04-06,66,1983-04-06,66
1983-04-07,61,1983-04-07,61
1983-04-08,48,1983-04-08,48
1983-04-09,62,1983-04-09,62
1983-04-10,51,1983-04-10,51
1983-04-11,44,1983-04-11,44
1983-04-12,57,1983-04-12,57
1983-04-13,64,1983-04-13,64
1983-04-14,69,1983-04-14,69
1983-04-15,44,1983-04-15,44
1983-04-16,50,1983-04-16,50
1983-04-17,42,1983-04-17,42
1983-04-18,38,1983-04-18,38
1983-04-19,42,1983-04-19,42
1983-04-20,48,1983-04-20,48
1983-04-21,59,1983-04-21,59
1983-04-22,65,1983-04-22,65
1983-04-23,65,1983-04-23,65
1983-04-24,54,1983-04-24,54
1983-04-25,60,1983-04-25,60
1983-04-26,74,1983-04-26,74
1983-04-27,80,1983-04-27,80
1983-04-28,75,1983-04-28,75
1983-04-29,62,1983-04-29,62
1983-04-30,70,1983-04-30,70
1983-05-01,67,1983-05-01,67
1983-05-02,75,1983-05-02,75
1983-05-03,61,1983-05-03,61
1983-05-04,65,1983-05-04,65
1983-05-05,59,1983-05-05,59
1983-05-06,72,1983-05-06,72
1983-05-07,78,1983-05-07,78
1983-05-08,57,1983-05-08,57
1983-05-09,55,1983-05-09,55
1983-05-10,65,1983-05-10,65
1983-05-11,74,1983-05-11,74
1983-05-12,77,1983-05-12,77
1983-05-13,81,1983-05-13,81
1983-05-14,82,1983-05-14,82
1983-05-15,65,1983-05-15,65
1983-05-16,61,1983-05-16,61
1983-05-17,65,1983-05-17,65
1983-05-18,69,1983-05-18,69
1983-05-19,65,1983-05-19,65
1983-05-20,71,1983-05-20,71
1983-05-21,71,1983-05-21,71
1983-05-22,74,1983-05-22,74
1983-05-23,73,1983-05-23,73
1983-05-24,71,1983-05-24,71
1983-05-25,69,1983-05-25,69
1983-05-26,59,1983-05-26,59
1983-05-27,64,1983-05-27,64
1983-05-28,59,1983-05-28,59
1983-05-29,69,1983-05-29,69
1983-05-30,64,1983-05-30,64
1983-05-31,65,1983-05-31,65
1983-06-01,66,1983-06-01,66
1983-06-02,70,1983-06-02,70
1983-06-03,64,1983-06-03,64
1983-06-04,74,1983-06-04,74
1983-06-05,81,1983-06-05,81
1983-06-06,71,1983-06-06,71
1983-06-07,75,1983-06-07,75
1983-06-08,74,1983-06-08,74
1983-06-09,82,1983-06-09,82
1983-06-10,84,1983-06-10,84
1983-06-11,85,1983-06-11,85
1983-06-12,87,1983-06-12,87
1983-06-13,87,1983-06-13,87
1983-06-14,87,1983-06-14,87
1983-06-15,87,1983-06-15,87
1983-06-16,83,1983-06-16,83
1983-06-17,78,1983-06-17,78
1983-06-18,73,1983-06-18,73
1983-06-19,75,1983-06-19,75
1983-06-20,81,1983-06-20,81
1983-06-21,82,1983-06-21,82
1983-06-22,82,1983-06-22,82
1983-06-23,86,1983-06-23,86
1983-06-24,88,1983-06-24,88
1983-06-25,84,1983-06-25,84
1983-06-26,88,1983-06-26,88
1983-06-27,90,1983-06-27,90
1983-06-28,83,1983-06-28,83
1983-06-29,77,1983-06-29,77
1983-06-30,87,1983-06-30,87
1983-07-01,88,1983-07-01,88
1983-07-02,91,1983-07-02,91
1983-07-03,87,1983-07-03,87
1983-07-04,89,1983-07-04,89
1983-07-05,81,1983-07-05,81
1983-07-06,70,1983-07-06,70
1983-07-07,76,1983-07-07,76
1983-07-08,81,1983-07-08,81
1983-07-09,86,1983-07-09,86
1983-07-10,82,1983-07-10,82
1983-07-11,87,1983-07-11,87
1983-07-12,94,1983-07-12,94
1983-07-13,89,1983-07-13,89
1983-07-14,91,1983-07-14,91
1983-07-15,93,1983-07-15,93
1983-07-16,93,1983-07-16,93
1983-07-17,89,1983-07-17,89
1983-07-18,90,1983-07-18,90
1983-07-19,91,1983-07-19,91
1983-07-20,91,1983-07-20,91
1983-07-21,97,1983-07-21,97
1983-07-22,84,1983-07-22,84
1983-07-23,96,1983-07-23,96
1983-07-24,85,1983-07-24,85
1983-07-25,82,1983-07-25,82
1983-07-26,84,1983-07-26,84
1983-07-27,86,1983-07-27,86
1983-07-28,90,1983-07-28,90
1983-07-29,91,1983-07-29,91
1983-07-30,93,1983-07-30,93
1983-07-31,92,1983-07-31,92
1983-08-01,86,1983-08-01,86
1983-08-02,84,1983-08-02,84
1983-08-03,89,1983-08-03,89
1983-08-04,82,1983-08-04,82
1983-08-05,90,1983-08-05,90
1983-08-06,88,1983-08-06,88
1983-08-07,88,1983-08-07,88
1983-08-08,93,1983-08-08,93
1983-08-09,85,1983-08-09,85
1983-08-10,84,1983-08-10,84
1983-08-11,85,1983-08-11,85
1983-08-12,77,1983-08-12,77
1983-08-13,79,1983-08-13,79
1983-08-14,81,1983-08-14,81
1983-08-15,84,1983-08-15,84
1983-08-16,89,1983-08-16,89
1983-08-17,87,1983-08-17,87
1983-08-18,90,1983-08-18,90
1983-08-19,96,1983-08-19,96
1983-08-20,101,1983-08-20,101
1983-08-21,95,1983-08-21,95
1983-08-22,95,1983-08-22,95
1983-08-23,86,1983-08-23,86
1983-08-24,90,1983-08-24,90
1983-08-25,92,1983-08-25,92
1983-08-26,91,1983-08-26,91
1983-08-27,95,1983-08-27,95
1983-08-28,84,1983-08-28,84
1983-08-29,89,1983-08-29,89
1983-08-30,91,1983-08-30,91
1983-08-31,80,1983-08-31,80
1983-09-01,84,1983-09-01,84
1983-09-02,85,1983-09-02,85
1983-09-03,87,1983-09-03,87
1983-09-04,88,1983-09-04,88
1983-09-05,89,1983-09-05,89
1983-09-06,89,1983-09-06,89
1983-09-07,82,1983-09-07,82
1983-09-08,84,1983-09-08,84
1983-09-09,90,1983-09-09,90
1983-09-10,96,1983-09-10,96
1983-09-11,91,1983-09-11,91
1983-09-12,85,1983-09-12,85
1983-09-13,77,1983-09-13,77
1983-09-14,71,1983-09-14,71
1983-09-15,73,1983-09-15,73
1983-09-16,75,1983-09-16,75
1983-09-17,74,1983-09-17,74
1983-09-18,89,1983-09-18,89
1983-09-19,89,1983-09-19,89
1983-09-20,81,1983-09-20,81
1983-09-21,74,1983-09-21,74
1983-09-22,58,1983-09-22,58
1983-09-23,58,1983-09-23,58
1983-09-24,65,1983-09-24,65
1983-09-25,72,1983-09-25,72
1983-09-26,70,1983-09-26,70
1983-09-27,74,1983-09-27,74
1983-09-28,79,1983-09-28,79
1983-09-29,77,1983-09-29,77
1983-09-30,78,1983-09-30,78
1983-10-01,69,1983-10-01,69
1983-10-02,79,1983-10-02,79
1983-10-03,84,1983-10-03,84
1983-10-04,73,1983-10-04,73
1983-10-05,69,1983-10-05,69
1983-10-06,68,1983-10-06,68
1983-10-07,70,1983-10-07,70
1983-10-08,77,1983-10-08,77
1983-10-09,64,1983-10-09,64
1983-10-10,70,1983-10-10,70
1983-10-11,71,1983-10-11,71
1983-10-12,72,1983-10-12,72
1983-10-13,69,1983-10-13,69
1983-10-14,59,1983-10-14,59
1983-10-15,68,1983-10-15,68
1983-10-16,72,1983-10-16,72
1983-10-17,62,1983-10-17,62
1983-10-18,55,1983-10-18,55
1983-10-19,58,1983-10-19,58
1983-10-20,51,1983-10-20,51
1983-10-21,52,1983-10-21,52
1983-10-22,52,1983-10-22,52
1983-10-23,58,1983-10-23,58
1983-10-24,59,1983-10-24,59
1983-10-25,53,1983-10-25,53
1983-10-26,51,1983-10-26,51
1983-10-27,55,1983-10-27,55
1983-10-28,72,1983-10-28,72
1983-10-29,59,1983-10-29,59
1983-10-30,54,1983-10-30,54
1983-10-31,62,1983-10-31,62
1983-11-01,70,1983-11-01,70
1983-11-02,67,1983-11-02,67
1983-11-03,59,1983-11-03,59
1983-11-04,41,1983-11-04,41
1983-11-05,44,1983-11-05,44
1983-11-06,56,1983-11-06,56
1983-11-07,57,1983-11-07,57
1983-11-08,64,1983-11-08,64
1983-11-09,69,1983-11-09,69
1983-11-10,57,1983-11-10,57
1983-11-11,42,1983-11-11,42
1983-11-12,35,1983-11-12,35
1983-11-13,39,1983-11-13,39
1983-11-14,47,1983-11-14,47
1983-11-15,44,1983-11-15,44
1983-11-16,38,1983-11-16,38
1983-11-17,42,1983-11-17,42
1983-11-18,53,1983-11-18,53
1983-11-19,67,1983-11-19,67
1983-11-20,62,1983-11-20,62
1983-11-21,59,1983-11-21,59
1983-11-22,62,1983-11-22,62
1983-11-23,62,1983-11-23,62
1983-11-24,60,1983-11-24,60
1983-11-25,47,1983-11-25,47
1983-11-26,57,1983-11-26,57
1983-11-27,50,1983-11-27,50
1983-11-28,58,1983-11-28,58
1983-11-29,38,1983-11-29,38
1983-11-30,40,1983-11-30,40
1983-12-01,30,1983-12-01,30
1983-12-02,34,1983-12-02,34
1983-12-03,36,1983-12-03,36
1983-12-04,45,1983-12-04,45
1983-12-05,44,1983-12-05,44
1983-12-06,49,1983-12-06,49
1983-12-07,33,1983-12-07,33
1983-12-08,34,1983-12-08,34
1983-12-09,36,1983-12-09,36
1983-12-10,37,1983-12-10,37
1983-12-11,53,1983-12-11,53
1983-12-12,49,1983-12-12,49
1983-12-13,42,1983-12-13,42
1983-12-14,48,1983-12-14,48
1983-12-15,37,1983-12-15,37
1983-12-16,31,1983-12-16,31
1983-12-17,28,1983-12-17,28
1983-12-18,26,1983-12-18,26
1983-12-19,17,1983-12-19,17
1983-12-20,26,1983-12-20,26
1983-12-21,41,1983-12-21,41
1983-12-22,41,1983-12-22,41
1983-12-23,12,1983-12-23,12
1983-12-24,4,1983-12-24,4
1983-12-25,1,1983-12-25,1
1983-12-26,16,1983-12-26,16
1983-12-27,24,1983-12-27,24
1983-12-28,34,1983-12-28,34
1983-12-29,21,1983-12-29,21
1983-12-30,10,1983-12-30,10
1983-12-31,24,1983-12-31,24
1984-01-01,34,1984-01-01,34
1984-01-02,37,1984-01-02,37
1984-01-03,34,1984-01-03,34
1984-01-04,38,1984-01-04,38
1984-01-05,36,1984-01-05,36
1984-01-06,38,1984-01-06,38
1984-01-07,30,1984-01-07,30
1984-01-08,36,1984-01-08,36
1984-01-09,37,1984-01-09,37
1984-01-10,37,1984-01-10,37
1984-01-11,19,1984-01-11,19
1984-01-12,26,1984-01-12,26
1984-01-13,34,1984-01-13,34
1984-01-14,31,1984-01-14,31
1984-01-15,20,1984-01-15,20
1984-01-16,24,1984-01-16,24
1984-01-17,27,1984-01-17,27
1984-01-18,20,1984-01-18,20
1984-01-19,10,1984-01-19,10
1984-01-20,7,1984-01-20,7
1984-01-21,-0,1984-01-21,-0
1984-01-22,23,1984-01-22,23
1984-01-23,38,1984-01-23,38
1984-01-24,39,1984-01-24,39
1984-01-25,37,1984-01-25,37
1984-01-26,45,1984-01-26,45
1984-01-27,35,1984-01-27,35
1984-01-28,34,1984-01-28,34
1984-01-29,33,1984-01-29,33
1984-01-30,38,1984-01-30,38
1984-01-31,25,1984-01-31,25
1984-02-01,34,1984-02-01,34
1984-02-02,51,1984-02-02,51
1984-02-03,46,1984-02-03,46
1984-02-04,38,1984-02-04,38
1984-02-05,33,1984-02-05,33
1984-02-06,25,1984-02-06,25
1984-02-07,21,1984-02-07,21
1984-02-08,33,1984-02-08,33
1984-02-09,50,1984-02-09,50
1984-02-10,48,1984-02-10,48
1984-02-11,50,1984-02-11,50
1984-02-12,69,1984-02-12,69
1984-02-13,58,1984-02-13,58
1984-02-14,54,1984-02-14,54
1984-02-15,58,1984-02-15,58
1984-02-16,58,1984-02-16,58
1984-02-17,51,1984-02-17,51
1984-02-18,55,1984-02-18,55
1984-02-19,61,1984-02-19,61
1984-02-20,44,1984-02-20,44
1984-02-21,48,1984-02-21,48
1984-02-22,58,1984-02-22,58
1984-02-23,62,1984-02-23,62
1984-02-24,61,1984-02-24,61
1984-02-25,38,1984-02-25,38
1984-02-26,40,1984-02-26,40
1984-02-27,32,1984-02-27,32
1984-02-28,32,1984-02-28,32
1984-02-29,26,1984-02-29,26
1984-03-01,30,1984-03-01,30
1984-03-02,32,1984-03-02,32
1984-03-03,30,1984-03-03,30
1984-03-04,36,1984-03-04,36
1984-03-05,43,1984-03-05,43
1984-03-06,34,1984-03-06,34
1984-03-07,28,1984-03-07,28
1984-03-08,27,1984-03-08,27
1984-03-09,20,1984-03-09,20
1984-03-10,29,1984-03-10,29
1984-03-11,30,1984-03-11,30
1984-03-12,33,1984-03-12,33
1984-03-13,40,1984-03-13,40
1984-03-14,38,1984-03-14,38
1984-03-15,62,1984-03-15,62
1984-03-16,62,1984-03-16,62
1984-03-17,35,1984-03-17,35
1984-03-18,34,1984-03-18,34
1984-03-19,51,1984-03-19,51
1984-03-20,63,1984-03-20,63
1984-03-21,43,1984-03-21,43
1984-03-22,36,1984-03-22,36
1984-03-23,44,1984-03-23,44
1984-03-24,46,1984-03-24,46
1984-03-25,43,1984-03-25,43
1984-03-26,53,1984-03-26,53
1984-03-27,51,1984-03-27,51
1984-03-28,46,1984-03-28,46
1984-03-29,40,1984-03-29,40
1984-03-30,44,1984-03-30,44
1984-03-31,49,1984-03-31,49
1984-04-01,53,1984-04-01,53
1984-04-02,55,1984-04-02,55
1984-04-03,55,1984-04-03,55
1984-04-04,54,1984-04-04,54
1984-04-05,48,1984-04-05,48
1984-04-06,42,1984-04-06,42
1984-04-07,51,1984-04-07,51
1984-04-08,57,1984-04-08,57
1984-04-09,61,1984-04-09,61
1984-04-10,62,1984-04-10,62
1984-04-11,63,1984-04-11,63
1984-04-12,71,1984-04-12,71
1984-04-13,68,1984-04-13,68
1984-04-14,67,1984-04-14,67
1984-04-15,60,1984-04-15,60
1984-04-16,58,1984-04-16,58
1984-04-17,47,1984-04-17,47
1984-04-18,44,1984-04-18,44
1984-04-19,49,1984-04-19,49
1984-04-20,58,1984-04-20,58
1984-04-21,59,1984-04-21,59
1984-04-22,52,1984-04-22,52
1984-04-23,60,1984-04-23,60
1984-04-24,48,1984-04-24,48
1984-04-25,72,1984-04-25,72
1984-04-26,83,1984-04-26,83
1984-04-27,82,1984-04-27,82
1984-04-28,75,1984-04-28,75
1984-04-29,77,1984-04-29,77
1984-04-30,70,1984-04-30,70
1984-05-01,63,1984-05-01,63
1984-05-02,66,1984-05-02,66
1984-05-03,54,1984-05-03,54
1984-05-04,54,1984-05-04,54
1984-05-05,62,1984-05-05,62
1984-05-06,68,1984-05-06,68
1984-05-07,72,1984-05-07,72
1984-05-08,63,1984-05-08,63
1984-05-09,48,1984-05-09,48
1984-05-10,67,1984-05-10,67
1984-05-11,76,1984-05-11,76
1984-05-12,72,1984-05-12,72
1984-05-13,65,1984-05-13,65
1984-05-14,60,1984-05-14,60
1984-05-15,58,1984-05-15,58
1984-05-16,62,1984-05-16,62
1984-05-17,69,1984-05-17,69
1984-05-18,81,1984-05-18,81
1984-05-19,86,1984-05-19,86
1984-05-20,80,1984-05-20,80
1984-05-21,81,1984-05-21,81
1984-05-22,84,1984-05-22,84
1984-05-23,73,1984-05-23,73
1984-05-24,73,1984-05-24,73
1984-05-25,80,1984-05-25,80
1984-05-26,73,1984-05-26,73
1984-05-27,70,1984-05-27,70
1984-05-28,63,1984-05-28,63
1984-05-29,52,1984-05-29,52
1984-05-30,56,1984-05-30,56
1984-05-31,70,1984-05-31,70
1984-06-01,77,1984-06-01,77
1984-06-02,84,1984-06-02,84
1984-06-03,78,1984-06-03,78
1984-06-04,80,1984-06-04,80
1984-06-05,88,1984-06-05,88
1984-06-06,88,1984-06-06,88
1984-06-07,89,1984-06-07,89
1984-06-08,91,1984-06-08,91
1984-06-09,91,1984-06-09,91
1984-06-10,91,1984-06-10,91
1984-06-11,86,1984-06-11,86
1984-06-12,90,1984-06-12,90
1984-06-13,93,1984-06-13,93
1984-06-14,84,1984-06-14,84
1984-06-15,77,1984-06-15,77
1984-06-16,79,1984-06-16,79
1984-06-17,91,1984-06-17,91
1984-06-18,93,1984-06-18,93
1984-06-19,88,1984-06-19,88
1984-06-20,81,1984-06-20,81
1984-06-21,85,1984-06-21,85
1984-06-22,86,1984-06-22,86
1984-06-23,80,1984-06-23,80
1984-06-24,81,1984-06-24,81
1984-06-25,81,1984-06-25,81
1984-06-26,82,1984-06-26,82
1984-06-27,84,1984-06-27,84
1984-06-28,85,1984-06-28,85
1984-06-29,79,1984-06-29,79
1984-06-30,75,1984-06-30,75
1984-07-01,78,1984-07-01,78
1984-07-02,81,1984-07-02,81
1984-07-03,87,1984-07-03,87
1984-07-04,81,1984-07-04,81
1984-07-05,75,1984-07-05,75
1984-07-06,81,1984-07-06,81
1984-07-07,71,1984-07-07,71
1984-07-08,77,1984-07-08,77
1984-07-09,78,1984-07-09,78
1984-07-10,93,1984-07-10,93
1984-07-11,88,1984-07-11,88
1984-07-12,84,1984-07-12,84
1984-07-13,86,1984-07-13,86
1984-07-14,88,1984-07-14,88
1984-07-15,85,1984-07-15,85
1984-07-16,83,1984-07-16,83
1984-07-17,84,1984-07-17,84
1984-07-18,73,1984-07-18,73
1984-07-19,81,1984-07-19,81
1984-07-20,79,1984-07-20,79
1984-07-21,84,1984-07-21,84
1984-07-22,88,1984-07-22,88
1984-07-23,90,1984-07-23,90
1984-07-24,80,1984-07-24,80
1984-07-25,77,1984-07-25,77
1984-07-26,73,1984-07-26,73
1984-07-27,77,1984-07-27,77
1984-07-28,79,1984-07-28,79
1984-07-29,82,1984-07-29,82
1984-07-30,82,1984-07-30,82
1984-07-31,87,1984-07-31,87
1984-08-01,87,1984-08-01,87
1984-08-02,87,1984-08-02,87
1984-08-03,83,1984-08-03,83
1984-08-04,83,1984-08-04,83
1984-08-05,84,1984-08-05,84
1984-08-06,86,1984-08-06,86
1984-08-07,88,1984-08-07,88
1984-08-08,87,1984-08-08,87
1984-08-09,87,1984-08-09,87
1984-08-10,89,1984-08-10,89
1984-08-11,83,1984-08-11,83
1984-08-12,83,1984-08-12,83
1984-08-13,83,1984-08-13,83
1984-08-14,85,1984-08-14,85
1984-08-15,86,1984-08-15,86
1984-08-16,86,1984-08-16,86
1984-08-17,87,1984-08-17,87
1984-08-18,82,1984-08-18,82
1984-08-19,81,1984-08-19,81
1984-08-20,78,1984-08-20,78
1984-08-21,84,1984-08-21,84
1984-08-22,76,1984-08-22,76
1984-08-23,76,1984-08-23,76
1984-08-24,74,1984-08-24,74
1984-08-25,77,1984-08-25,77
1984-08-26,81,1984-08-26,81
1984-08-27,85,1984-08-27,85
1984-08-28,83,1984-08-28,83
1984-08-29,87,1984-08-29,87
1984-08-30,84,1984-08-30,84
1984-08-31,81,1984-08-31,81
1984-09-01,74,1984-09-01,74
1984-09-02,93,1984-09-02,93
1984-09-03,75,1984-09-03,75
1984-09-04,70,1984-09-04,70
1984-09-05,69,1984-09-05,69
1984-09-06,70,1984-09-06,70
1984-09-07,71,1984-09-07,71
1984-09-08,81,1984-09-08,81
1984-09-09,79,1984-09-09,79
1984-09-10,79,1984-09-10,79
1984-09-11,84,1984-09-11,84
1984-09-12,81,1984-09-12,81
1984-09-13,89,1984-09-13,89
1984-09-14,75,1984-09-14,75
1984-09-15,64,1984-09-15,64
1984-09-16,65,1984-09-16,65
1984-09-17,68,1984-09-17,68
1984-09-18,72,1984-09-18,72
1984-09-19,78,1984-09-19,78
1984-09-20,87,1984-09-20,87
1984-09-21,82,1984-09-21,82
1984-09-22,88,1984-09-22,88
1984-09-23,73,1984-09-23,73
1984-09-24,75,1984-09-24,75
1984-09-25,85,1984-09-25,85
1984-09-26,60,1984-09-26,60
1984-09-27,53,1984-09-27,53
1984-09-28,55,1984-09-28,55
1984-09-29,60,1984-09-29,60
1984-09-30,60,1984-09-30,60
1984-10-01,56,1984-10-01,56
1984-10-02,63,1984-10-02,63
1984-10-03,73,1984-10-03,73
1984-10-04,68,1984-10-04,68
1984-10-05,72,1984-10-05,72
1984-10-06,75,1984-10-06,75
1984-10-07,69,1984-10-07,69
1984-10-08,65,1984-10-08,65
1984-10-09,71,1984-10-09,71
1984-10-10,75,1984-10-10,75
1984-10-11,62,1984-10-11,62
1984-10-12,68,1984-10-12,68
1984-10-13,61,1984-10-13,61
1984-10-14,70,1984-10-14,70
1984-10-15,75,1984-10-15,75
1984-10-16,79,1984-10-16,79
1984-10-17,70,1984-10-17,70
1984-10-18,74,1984-10-18,74
1984-10-19,76,1984-10-19,76
1984-10-20,69,1984-10-20,69
1984-10-21,70,1984-10-21,70
1984-10-22,55,1984-10-22,55
1984-10-23,54,1984-10-23,54
1984-10-24,62,1984-10-24,62
1984-10-25,63,1984-10-25,63
1984-10-26,75,1984-10-26,75
1984-10-27,78,1984-10-27,78
1984-10-28,71,1984-10-28,71
1984-10-29,66,1984-10-29,66
1984-10-30,69,1984-10-30,69
1984-10-31,66,1984-10-31,66
1984-11-01,75,1984-11-01,75
1984-11-02,48,1984-11-02,48
1984-11-03,56,1984-11-03,56
1984-11-04,57,1984-11-04,57
1984-11-05,56,1984-11-05,56
1984-11-06,46,1984-11-06,46
1984-11-07,51,1984-11-07,51
1984-11-08,53,1984-11-08,53
1984-11-09,56,1984-11-09,56
1984-11-10,55,1984-11-10,55
1984-11-11,54,1984-11-11,54
1984-11-12,41,1984-11-12,41
1984-11-13,46,1984-11-13,46
1984-11-14,51,1984-11-14,51
1984-11-15,54,1984-11-15,54
1984-11-16,41,1984-11-16,41
1984-11-17,41,1984-11-17,41
1984-11-18,36,1984-11-18,36
1984-11-19,39,1984-11-19,39
1984-11-20,33,1984-11-20,33
1984-11-21,35,1984-11-21,35
1984-11-22,38,1984-11-22,38
1984-11-23,47,1984-11-23,47
1984-11-24,51,1984-11-24,51
1984-11-25,55,1984-11-25,55
1984-11-26,63,1984-11-26,63
1984-11-27,67,1984-11-27,67
1984-11-28,56,1984-11-28,56
1984-11-29,48,1984-11-29,48
1984-11-30,44,1984-11-30,44
1984-12-01,46,1984-12-01,46
1984-12-02,49,1984-12-02,49
1984-12-03,48,1984-12-03,48
1984-12-04,32,1984-12-04,32
1984-12-05,30,1984-12-05,30
1984-12-06,26,1984-12-06,26
1984-12-07,20,1984-12-07,20
1984-12-08,38,1984-12-08,38
1984-12-09,44,1984-12-09,44
1984-12-10,44,1984-12-10,44
1984-12-11,41,1984-12-11,41
1984-12-12,59,1984-12-12,59
1984-12-13,59,1984-12-13,59
1984-12-14,63,1984-12-14,63
1984-12-15,55,1984-12-15,55
1984-12-16,64,1984-12-16,64
1984-12-17,67,1984-12-17,67
1984-12-18,57,1984-12-18,57
1984-12-19,47,1984-12-19,47
1984-12-20,40,1984-12-20,40
1984-12-21,59,1984-12-21,59
1984-12-22,55,1984-12-22,55
1984-12-23,45,1984-12-23,45
1984-12-24,47,1984-12-24,47
1984-12-25,26,1984-12-25,26
1984-12-26,36,1984-12-26,36
1984-12-27,56,1984-12-27,56
1984-12-28,68,1984-12-28,68
1984-12-29,64,1984-12-29,64
1984-12-30,50,1984-12-30,50
1984-12-31,53,1984-12-31,53
1985-01-01,65,1985-01-01,65
1985-01-02,34,1985-01-02,34
1985-01-03,34,1985-01-03,34
1985-01-04,36,1985-01-04,36
1985-01-05,40,1985-01-05,40
1985-01-06,34,1985-01-06,34
1985-01-07,35,1985-01-07,35
1985-01-08,32,1985-01-08,32
1985-01-09,21,1985-01-09,21
1985-01-10,27,1985-01-10,27
1985-01-11,24,1985-01-11,24
1985-01-12,20,1985-01-12,20
1985-01-13,29,1985-01-13,29
1985-01-14,30,1985-01-14,30
1985-01-15,20,1985-01-15,20
1985-01-16,22,1985-01-16,22
1985-01-17,32,1985-01-17,32
1985-01-18,33,1985-01-18,33
1985-01-19,27,1985-01-19,27
1985-01-20,-5,1985-01-20,-5
1985-01-21,11,1985-01-21,11
1985-01-22,21,1985-01-22,21
1985-01-23,28,1985-01-23,28
1985-01-24,30,1985-01-24,30
1985-01-25,30,1985-01-25,30
1985-01-26,18,1985-01-26,18
1985-01-27,28,1985-01-27,28
1985-01-28,27,1985-01-28,27
1985-01-29,24,1985-01-29,24
1985-01-30,32,1985-01-30,32
1985-01-31,34,1985-01-31,34
1985-02-01,25,1985-02-01,25
1985-02-02,14,1985-02-02,14
1985-02-03,15,1985-02-03,15
1985-02-04,25,1985-02-04,25
1985-02-05,33,1985-02-05,33
1985-02-06,32,1985-02-06,32
1985-02-07,16,1985-02-07,16
1985-02-08,19,1985-02-08,19
1985-02-09,24,1985-02-09,24
1985-02-10,31,1985-02-10,31
1985-02-11,44,1985-02-11,44
1985-02-12,37,1985-02-12,37
1985-02-13,27,1985-02-13,27
1985-02-14,23,1985-02-14,23
1985-02-15,19,1985-02-15,19
1985-02-16,32,1985-02-16,32
1985-02-17,39,1985-02-17,39
1985-02-18,40,1985-02-18,40
1985-02-19,37,1985-02-19,37
1985-02-20,40,1985-02-20,40
1985-02-21,49,1985-02-21,49
1985-02-22,49,1985-02-22,49
1985-02-23,66,1985-02-23,66
1985-02-24,62,1985-02-24,62
1985-02-25,40,1985-02-25,40
1985-02-26,48,1985-02-26,48
1985-02-27,42,1985-02-27,42
1985-02-28,46,1985-02-28,46
1985-03-01,51,1985-03-01,51
1985-03-02,48,1985-03-02,48
1985-03-03,49,1985-03-03,49
1985-03-04,71,1985-03-04,71
1985-03-05,48,1985-03-05,48
1985-03-06,37,1985-03-06,37
1985-03-07,49,1985-03-07,49
1985-03-08,56,1985-03-08,56
1985-03-09,54,1985-03-09,54
1985-03-10,62,1985-03-10,62
1985-03-11,58,1985-03-11,58
1985-03-12,59,1985-03-12,59
1985-03-13,42,1985-03-13,42
1985-03-14,50,1985-03-14,50
1985-03-15,45,1985-03-15,45
1985-03-16,55,1985-03-16,55
1985-03-17,41,1985-03-17,41
1985-03-18,39,1985-03-18,39
1985-03-19,63,1985-03-19,63
1985-03-20,59,1985-03-20,59
1985-03-21,50,1985-03-21,50
1985-03-22,46,1985-03-22,46
1985-03-23,50,1985-03-23,50
1985-03-24,55,1985-03-24,55
1985-03-25,51,1985-03-25,51
1985-03-26,62,1985-03-26,62
1985-03-27,68,1985-03-27,68
1985-03-28,74,1985-03-28,74
1985-03-29,68,1985-03-29,68
1985-03-30,48,1985-03-30,48
1985-03-31,66,1985-03-31,66
1985-04-01,45,1985-04-01,45
1985-04-02,47,1985-04-02,47
1985-04-03,58,1985-04-03,58
1985-04-04,76,1985-04-04,76
1985-04-05,73,1985-04-05,73
1985-04-06,49,1985-04-06,49
1985-04-07,48,1985-04-07,48
1985-04-08,45,1985-04-08,45
1985-04-09,36,1985-04-09,36
1985-04-10,51,1985-04-10,51
1985-04-11,65,1985-04-11,65
1985-04-12,73,1985-04-12,73
1985-04-13,76,1985-04-13,76
1985-04-14,75,1985-04-14,75
1985-04-15,74,1985-04-15,74
1985-04-16,75,1985-04-16,75
1985-04-17,65,1985-04-17,65
1985-04-18,84,1985-04-18,84
1985-04-19,84,1985-04-19,84
1985-04-20,84,1985-04-20,84
1985-04-21,86,1985-04-21,86
1985-04-22,87,1985-04-22,87
1985-04-23,85,1985-04-23,85
1985-04-24,75,1985-04-24,75
1985-04-25,75,1985-04-25,75
1985-04-26,83,1985-04-26,83
1985-04-27,71,1985-04-27,71
1985-04-28,71,1985-04-28,71
1985-04-29,71,1985-04-29,71
1985-04-30,81,1985-04-30,81
1985-05-01,64,1985-05-01,64
1985-05-02,59,1985-05-02,59
1985-05-03,66,1985-05-03,66
1985-05-04,69,1985-05-04,69
1985-05-05,77,1985-05-05,77
1985-05-06,77,1985-05-06,77
1985-05-07,67,1985-05-07,67
1985-05-08,72,1985-05-08,72
1985-05-09,77,1985-05-09,77
1985-05-10,78,1985-05-10,78
1985-05-11,82,1985-05-11,82
1985-05-12,78,1985-05-12,78
1985-05-13,84,1985-05-13,84
1985-05-14,85,1985-05-14,85
1985-05-15,75,1985-05-15,75
1985-05-16,74,1985-05-16,74
1985-05-17,59,1985-05-17,59
1985-05-18,61,1985-05-18,61
1985-05-19,76,1985-05-19,76
1985-05-20,79,1985-05-20,79
1985-05-21,66,1985-05-21,66
1985-05-22,65,1985-05-22,65
1985-05-23,74,1985-05-23,74
1985-05-24,75,1985-05-24,75
1985-05-25,81,1985-05-25,81
1985-05-26,82,1985-05-26,82
1985-05-27,87,1985-05-27,87
1985-05-28,67,1985-05-28,67
1985-05-29,73,1985-05-29,73
1985-05-30,83,1985-05-30,83
1985-05-31,84,1985-05-31,84
1985-06-01,79,1985-06-01,79
1985-06-02,76,1985-06-02,76
1985-06-03,77,1985-06-03,77
1985-06-04,70,1985-06-04,70
1985-06-05,70,1985-06-05,70
1985-06-06,77,1985-06-06,77
1985-06-07,71,1985-06-07,71
1985-06-08,85,1985-06-08,85
1985-06-09,87,1985-06-09,87
1985-06-10,82,1985-06-10,82
1985-06-11,82,1985-06-11,82
1985-06-12,55,1985-06-12,55
1985-06-13,68,1985-06-13,68
1985-06-14,73,1985-06-14,73
1985-06-15,66,1985-06-15,66
1985-06-16,82,1985-06-16,82
1985-06-17,73,1985-06-17,73
1985-06-18,78,1985-06-18,78
1985-06-19,74,1985-06-19,74
1985-06-20,76,1985-06-20,76
1985-06-21,81,1985-06-21,81
1985-06-22,77,1985-06-22,77
1985-06-23,85,1985-06-23,85
1985-06-24,82,1985-06-24,82
1985-06-25,83,1985-06-25,83
1985-06-26,82,1985-06-26,82
1985-06-27,78,1985-06-27,78
1985-06-28,81,1985-06-28,81
1985-06-29,82,1985-06-29,82
1985-06-30,85,1985-06-30,85
1985-07-01,74,1985-07-01,74
1985-07-02,75,1985-07-02,75
1985-07-03,82,1985-07-03,82
1985-07-04,85,1985-07-04,85
1985-07-05,84,1985-07-05,84
1985-07-06,80,1985-07-06,80
1985-07-07,84,1985-07-07,84
1985-07-08,89,1985-07-08,89
1985-07-09,90,1985-07-09,90
1985-07-10,83,1985-07-10,83
1985-07-11,81,1985-07-11,81
1985-07-12,86,1985-07-12,86
1985-07-13,86,1985-07-13,86
1985-07-14,89,1985-07-14,89
1985-07-15,84,1985-07-15,84
1985-07-16,80,1985-07-16,80
1985-07-17,78,1985-07-17,78
1985-07-18,83,1985-07-18,83
1985-07-19,86,1985-07-19,86
1985-07-20,82,1985-07-20,82
1985-07-21,87,1985-07-21,87
1985-07-22,80,1985-07-22,80
1985-07-23,77,1985-07-23,77
1985-07-24,86,1985-07-24,86
1985-07-25,87,1985-07-25,87
1985-07-26,77,1985-07-26,77
1985-07-27,80,1985-07-27,80
1985-07-28,82,1985-07-28,82
1985-07-29,87,1985-07-29,87
1985-07-30,88,1985-07-30,88
1985-07-31,78,1985-07-31,78
1985-08-01,76,1985-08-01,76
1985-08-02,79,1985-08-02,79
1985-08-03,81,1985-08-03,81
1985-08-04,82,1985-08-04,82
1985-08-05,71,1985-08-05,71
1985-08-06,80,1985-08-06,80
1985-08-07,77,1985-08-07,77
1985-08-08,84,1985-08-08,84
1985-08-09,86,1985-08-09,86
1985-08-10,88,1985-08-10,88
1985-08-11,83,1985-08-11,83
1985-08-12,85,1985-08-12,85
1985-08-13,92,1985-08-13,92
1985-08-14,92,1985-08-14,92
1985-08-15,88,1985-08-15,88
1985-08-16,77,1985-08-16,77
1985-08-17,86,1985-08-17,86
1985-08-18,88,1985-08-18,88
1985-08-19,80,1985-08-19,80
1985-08-20,76,1985-08-20,76
1985-08-21,74,1985-08-21,74
1985-08-22,77,1985-08-22,77
1985-08-23,80,1985-08-23,80
1985-08-24,69,1985-08-24,69
1985-08-25,80,1985-08-25,80
1985-08-26,78,1985-08-26,78
1985-08-27,78,1985-08-27,78
1985-08-28,80,1985-08-28,80
1985-08-29,81,1985-08-29,81
1985-08-30,80,1985-08-30,80
1985-08-31,76,1985-08-31,76
1985-09-01,82,1985-09-01,82
1985-09-02,86,1985-09-02,86
1985-09-03,89,1985-09-03,89
1985-09-04,88,1985-09-04,88
1985-09-05,90,1985-09-05,90
1985-09-06,86,1985-09-06,86
1985-09-07,91,1985-09-07,91
1985-09-08,92,1985-09-08,92
1985-09-09,88,1985-09-09,88
1985-09-10,82,1985-09-10,82
1985-09-11,72,1985-09-11,72
1985-09-12,67,1985-09-12,67
1985-09-13,65,1985-09-13,65
1985-09-14,69,1985-09-14,69
1985-09-15,72,1985-09-15,72
1985-09-16,75,1985-09-16,75
1985-09-17,81,1985-09-17,81
1985-09-18,83,1985-09-18,83
1985-09-19,84,1985-09-19,84
1985-09-20,84,1985-09-20,84
1985-09-21,83,1985-09-21,83
1985-09-22,85,1985-09-22,85
1985-09-23,87,1985-09-23,87
1985-09-24,68,1985-09-24,68
1985-09-25,72,1985-09-25,72
1985-09-26,67,1985-09-26,67
1985-09-27,66,1985-09-27,66
1985-09-28,70,1985-09-28,70
1985-09-29,75,1985-09-29,75
1985-09-30,79,1985-09-30,79
1985-10-01,55,1985-10-01,55
1985-10-02,62,1985-10-02,62
1985-10-03,67,1985-10-03,67
1985-10-04,75,1985-10-04,75
1985-10-05,56,1985-10-05,56
1985-10-06,57,1985-10-06,57
1985-10-07,68,1985-10-07,68
1985-10-08,73,1985-10-08,73
1985-10-09,77,1985-10-09,77
1985-10-10,81,1985-10-10,81
1985-10-11,64,1985-10-11,64
1985-10-12,80,1985-10-12,80
1985-10-13,81,1985-10-13,81
1985-10-14,72,1985-10-14,72
1985-10-15,69,1985-10-15,69
1985-10-16,63,1985-10-16,63
1985-10-17,71,1985-10-17,71
1985-10-18,79,1985-10-18,79
1985-10-19,71,1985-10-19,71
1985-10-20,63,1985-10-20,63
1985-10-21,55,1985-10-21,55
1985-10-22,60,1985-10-22,60
1985-10-23,74,1985-10-23,74
1985-10-24,73,1985-10-24,73
1985-10-25,64,1985-10-25,64
1985-10-26,69,1985-10-26,69
1985-10-27,74,1985-10-27,74
1985-10-28,59,1985-10-28,59
1985-10-29,57,1985-10-29,57
1985-10-30,53,1985-10-30,53
1985-10-31,68,1985-10-31,68
1985-11-01,69,1985-11-01,69
1985-11-02,61,1985-11-02,61
1985-11-03,55,1985-11-03,55
1985-11-04,48,1985-11-04,48
1985-11-05,52,1985-11-05,52
1985-11-06,49,1985-11-06,49
1985-11-07,47,1985-11-07,47
1985-11-08,57,1985-11-08,57
1985-11-09,59,1985-11-09,59
1985-11-10,59,1985-11-10,59
1985-11-11,50,1985-11-11,50
1985-11-12,62,1985-11-12,62
1985-11-13,68,1985-11-13,68
1985-11-14,67,1985-11-14,67
1985-11-15,49,1985-11-15,49
1985-11-16,61,1985-11-16,61
1985-11-17,53,1985-11-17,53
1985-11-18,68,1985-11-18,68
1985-11-19,73,1985-11-19,73
1985-11-20,69,1985-11-20,69
1985-11-21,39,1985-11-21,39
1985-11-22,42,1985-11-22,42
1985-11-23,48,1985-11-23,48
1985-11-24,43,1985-11-24,43
1985-11-25,40,1985-11-25,40
1985-11-26,62,1985-11-26,62
1985-11-27,55,1985-11-27,55
1985-11-28,42,1985-11-28,42
1985-11-29,41,1985-11-29,41
1985-11-30,45,1985-11-30,45
1985-12-01,58,1985-12-01,58
1985-12-02,34,1985-12-02,34
1985-12-03,26,1985-12-03,26
1985-12-04,32,1985-12-04,32
1985-12-05,36,1985-12-05,36
1985-12-06,33,1985-12-06,33
1985-12-07,35,1985-12-07,35
1985-12-08,43,1985-12-08,43
1985-12-09,47,1985-12-09,47
1985-12-10,52,1985-12-10,52
1985-12-11,52,1985-12-11,52
1985-12-12,39,1985-12-12,39
1985-12-13,36,1985-12-13,36
1985-12-14,20,1985-12-14,20
1985-12-15,30,1985-12-15,30
1985-12-16,36,1985-12-16,36
1985-12-17,25,1985-12-17,25
1985-12-18,16,1985-12-18,16
1985-12-19,22,1985-12-19,22
1985-12-20,25,1985-12-20,25
1985-12-21,19,1985-12-21,19
1985-12-22,36,1985-12-22,36
1985-12-23,37,1985-12-23,37
1985-12-24,38,1985-12-24,38
1985-12-25,17,1985-12-25,17
1985-12-26,30,1985-12-26,30
1985-12-27,34,1985-12-27,34
1985-12-28,25,1985-12-28,25
1985-12-29,28,1985-12-29,28
1985-12-30,34,1985-12-30,34
1985-12-31,42,1985-12-31,42
1986-01-01,34,1986-01-01,34
1986-01-02,45,1986-01-02,45
1986-01-03,45,1986-01-03,45
1986-01-04,41,1986-01-04,41
1986-01-05,35,1986-01-05,35
1986-01-06,29,1986-01-06,29
1986-01-07,21,1986-01-07,21
1986-01-08,25,1986-01-08,25
1986-01-09,42,1986-01-09,42
1986-01-10,42,1986-01-10,42
1986-01-11,46,1986-01-11,46
1986-01-12,48,1986-01-12,48
1986-01-13,32,1986-01-13,32
1986-01-14,28,1986-01-14,28
1986-01-15,34,1986-01-15,34
1986-01-16,53,1986-01-16,53
1986-01-17,49,1986-01-17,49
1986-01-18,55,1986-01-18,55
1986-01-19,50,1986-01-19,50
1986-01-20,34,1986-01-20,34
1986-01-21,43,1986-01-21,43
1986-01-22,51,1986-01-22,51
1986-01-23,40,1986-01-23,40
1986-01-24,41,1986-01-24,41
1986-01-25,39,1986-01-25,39
1986-01-26,36,1986-01-26,36
1986-01-27,18,1986-01-27,18
1986-01-28,17,1986-01-28,17
1986-01-29,28,1986-01-29,28
1986-01-30,29,1986-01-30,29
1986-01-31,35,1986-01-31,35
1986-02-01,57,1986-02-01,57
1986-02-02,50,1986-02-02,50
1986-02-03,43,1986-02-03,43
1986-02-04,59,1986-02-04,59
1986-02-05,64,1986-02-05,64
1986-02-06,41,1986-02-06,41
1986-02-07,46,1986-02-07,46
1986-02-08,32,1986-02-08,32
1986-02-09,31,1986-02-09,31
1986-02-10,26,1986-02-10,26
1986-02-11,25,1986-02-11,25
1986-02-12,20,1986-02-12,20
1986-02-13,19,1986-02-13,19
1986-02-14,30,1986-02-14,30
1986-02-15,26,1986-02-15,26
1986-02-16,41,1986-02-16,41
1986-02-17,52,1986-02-17,52
1986-02-18,61,1986-02-18,61
1986-02-19,62,1986-02-19,62
1986-02-20,53,1986-02-20,53
1986-02-21,47,1986-02-21,47
1986-02-22,33,1986-02-22,33
1986-02-23,37,1986-02-23,37
1986-02-24,38,1986-02-24,38
1986-02-25,34,1986-02-25,34
1986-02-26,32,1986-02-26,32
1986-02-27,31,1986-02-27,31
1986-02-28,26,1986-02-28,26
1986-03-01,31,1986-03-01,31
1986-03-02,41,1986-03-02,41
1986-03-03,38,1986-03-03,38
1986-03-04,38,1986-03-04,38
1986-03-05,42,1986-03-05,42
1986-03-06,38,1986-03-06,38
1986-03-07,29,1986-03-07,29
1986-03-08,31,1986-03-08,31
1986-03-09,69,1986-03-09,69
1986-03-10,71,1986-03-10,71
1986-03-11,46,1986-03-11,46
1986-03-12,48,1986-03-12,48
1986-03-13,62,1986-03-13,62
1986-03-14,61,1986-03-14,61
1986-03-15,53,1986-03-15,53
1986-03-16,40,1986-03-16,40
1986-03-17,49,1986-03-17,49
1986-03-18,63,1986-03-18,63
1986-03-19,62,1986-03-19,62
1986-03-20,35,1986-03-20,35
1986-03-21,32,1986-03-21,32
1986-03-22,46,1986-03-22,46
1986-03-23,58,1986-03-23,58
1986-03-24,55,1986-03-24,55
1986-03-25,76,1986-03-25,76
1986-03-26,73,1986-03-26,73
1986-03-27,51,1986-03-27,51
1986-03-28,65,1986-03-28,65
1986-03-29,78,1986-03-29,78
1986-03-30,82,1986-03-30,82
1986-03-31,82,1986-03-31,82
1986-04-01,79,1986-04-01,79
1986-04-02,62,1986-04-02,62
1986-04-03,75,1986-04-03,75
1986-04-04,82,1986-04-04,82
1986-04-05,73,1986-04-05,73
1986-04-06,73,1986-04-06,73
1986-04-07,73,1986-04-07,73
1986-04-08,64,1986-04-08,64
1986-04-09,43,1986-04-09,43
1986-04-10,49,1986-04-10,49
1986-04-11,61,1986-04-11,61
1986-04-12,66,1986-04-12,66
1986-04-13,62,1986-04-13,62
1986-04-14,76,1986-04-14,76
1986-04-15,54,1986-04-15,54
1986-04-16,48,1986-04-16,48
1986-04-17,58,1986-04-17,58
1986-04-18,71,1986-04-18,71
1986-04-19,75,1986-04-19,75
1986-04-20,61,1986-04-20,61
1986-04-21,54,1986-04-21,54
1986-04-22,38,1986-04-22,38
1986-04-23,52,1986-04-23,52
1986-04-24,67,1986-04-24,67
1986-04-25,82,1986-04-25,82
1986-04-26,86,1986-04-26,86
1986-04-27,88,1986-04-27,88
1986-04-28,83,1986-04-28,83
1986-04-29,72,1986-04-29,72
1986-04-30,79,1986-04-30,79
1986-05-01,69,1986-05-01,69
1986-05-02,55,1986-05-02,55
1986-05-03,57,1986-05-03,57
1986-05-04,70,1986-05-04,70
1986-05-05,83,1986-05-05,83
1986-05-06,83,1986-05-06,83
1986-05-07,82,1986-05-07,82
1986-05-08,75,1986-05-08,75
1986-05-09,74,1986-05-09,74
1986-05-10,76,1986-05-10,76
1986-05-11,83,1986-05-11,83
1986-05-12,82,1986-05-12,82
1986-05-13,65,1986-05-13,65
1986-05-14,78,1986-05-14,78
1986-05-15,78,1986-05-15,78
1986-05-16,82,1986-05-16,82
1986-05-17,87,1986-05-17,87
1986-05-18,83,1986-05-18,83
1986-05-19,67,1986-05-19,67
1986-05-20,55,1986-05-20,55
1986-05-21,55,1986-05-21,55
1986-05-22,61,1986-05-22,61
1986-05-23,69,1986-05-23,69
1986-05-24,76,1986-05-24,76
1986-05-25,73,1986-05-25,73
1986-05-26,78,1986-05-26,78
1986-05-27,78,1986-05-27,78
1986-05-28,82,1986-05-28,82
1986-05-29,83,1986-05-29,83
1986-05-30,81,1986-05-30,81
1986-05-31,85,1986-05-31,85
1986-06-01,86,1986-06-01,86
1986-06-02,66,1986-06-02,66
1986-06-03,78,1986-06-03,78
1986-06-04,80,1986-06-04,80
1986-06-05,82,1986-06-05,82
1986-06-06,83,1986-06-06,83
1986-06-07,85,1986-06-07,85
1986-06-08,84,1986-06-08,84
1986-06-09,79,1986-06-09,79
1986-06-10,83,1986-06-10,83
1986-06-11,85,1986-06-11,85
1986-06-12,79,1986-06-12,79
1986-06-13,77,1986-06-13,77
1986-06-14,83,1986-06-14,83
1986-06-15,87,1986-06-15,87
1986-06-16,87,1986-06-16,87
1986-06-17,71,1986-06-17,71
1986-06-18,76,1986-06-18,76
1986-06-19,82,1986-06-19,82
1986-06-20,81,1986-06-20,81
1986-06-21,83,1986-06-21,83
1986-06-22,92,1986-06-22,92
1986-06-23,85,1986-06-23,85
1986-06-24,77,1986-06-24,77
1986-06-25,74,1986-06-25,74
1986-06-26,83,1986-06-26,83
1986-06-27,91,1986-06-27,91
1986-06-28,85,1986-06-28,85
1986-06-29,85,1986-06-29,85
1986-06-30,69,1986-06-30,69
1986-07-01,76,1986-07-01,76
1986-07-02,74,1986-07-02,74
1986-07-03,76,1986-07-03,76
1986-07-04,82,1986-07-04,82
1986-07-05,88,1986-07-05,88
1986-07-06,90,1986-07-06,90
1986-07-07,92,1986-07-07,92
1986-07-08,91,1986-07-08,91
1986-07-09,85,1986-07-09,85
1986-07-10,79,1986-07-10,79
1986-07-11,87,1986-07-11,87
1986-07-12,83,1986-07-12,83
1986-07-13,84,1986-07-13,84
1986-07-14,82,1986-07-14,82
1986-07-15,86,1986-07-15,86
1986-07-16,89,1986-07-16,89
1986-07-17,92,1986-07-17,92
1986-07-18,91,1986-07-18,91
1986-07-19,92,1986-07-19,92
1986-07-20,91,1986-07-20,91
1986-07-21,84,1986-07-21,84
1986-07-22,85,1986-07-22,85
1986-07-23,86,1986-07-23,86
1986-07-24,89,1986-07-24,89
1986-07-25,92,1986-07-25,92
1986-07-26,89,1986-07-26,89
1986-07-27,87,1986-07-27,87
1986-07-28,89,1986-07-28,89
1986-07-29,82,1986-07-29,82
1986-07-30,84,1986-07-30,84
1986-07-31,85,1986-07-31,85
1986-08-01,86,1986-08-01,86
1986-08-02,85,1986-08-02,85
1986-08-03,82,1986-08-03,82
1986-08-04,83,1986-08-04,83
1986-08-05,87,1986-08-05,87
1986-08-06,89,1986-08-06,89
1986-08-07,86,1986-08-07,86
1986-08-08,84,1986-08-08,84
1986-08-09,87,1986-08-09,87
1986-08-10,74,1986-08-10,74
1986-08-11,77,1986-08-11,77
1986-08-12,78,1986-08-12,78
1986-08-13,81,1986-08-13,81
1986-08-14,88,1986-08-14,88
1986-08-15,91,1986-08-15,91
1986-08-16,82,1986-08-16,82
1986-08-17,87,1986-08-17,87
1986-08-18,87,1986-08-18,87
1986-08-19,85,1986-08-19,85
1986-08-20,87,1986-08-20,87
1986-08-21,87,1986-08-21,87
1986-08-22,86,1986-08-22,86
1986-08-23,90,1986-08-23,90
1986-08-24,78,1986-08-24,78
1986-08-25,82,1986-08-25,82
1986-08-26,90,1986-08-26,90
1986-08-27,71,1986-08-27,71
1986-08-28,65,1986-08-28,65
1986-08-29,70,1986-08-29,70
1986-08-30,76,1986-08-30,76
1986-08-31,78,1986-08-31,78
1986-09-01,79,1986-09-01,79
1986-09-02,81,1986-09-02,81
1986-09-03,83,1986-09-03,83
1986-09-04,79,1986-09-04,79
1986-09-05,79,1986-09-05,79
1986-09-06,74,1986-09-06,74
1986-09-07,67,1986-09-07,67
1986-09-08,71,1986-09-08,71
1986-09-09,75,1986-09-09,75
1986-09-10,84,1986-09-10,84
1986-09-11,80,1986-09-11,80
1986-09-12,72,1986-09-12,72
1986-09-13,76,1986-09-13,76
1986-09-14,78,1986-09-14,78
1986-09-15,82,1986-09-15,82
1986-09-16,67,1986-09-16,67
1986-09-17,75,1986-09-17,75
1986-09-18,70,1986-09-18,70
1986-09-19,79,1986-09-19,79
1986-09-20,81,1986-09-20,81
1986-09-21,79,1986-09-21,79
1986-09-22,87,1986-09-22,87
1986-09-23,85,1986-09-23,85
1986-09-24,77,1986-09-24,77
1986-09-25,88,1986-09-25,88
1986-09-26,89,1986-09-26,89
1986-09-27,82,1986-09-27,82
1986-09-28,87,1986-09-28,87
1986-09-29,89,1986-09-29,89
1986-09-30,87,1986-09-30,87
1986-10-01,72,1986-10-01,72
1986-10-02,75,1986-10-02,75
1986-10-03,81,1986-10-03,81
1986-10-04,82,1986-10-04,82
1986-10-05,65,1986-10-05,65
1986-10-06,58,1986-10-06,58
1986-10-07,63,1986-10-07,63
1986-10-08,71,1986-10-08,71
1986-10-09,65,1986-10-09,65
1986-10-10,61,1986-10-10,61
1986-10-11,68,1986-10-11,68
1986-10-12,70,1986-10-12,70
1986-10-13,66,1986-10-13,66
1986-10-14,53,1986-10-14,53
1986-10-15,56,1986-10-15,56
1986-10-16,55,1986-10-16,55
1986-10-17,60,1986-10-17,60
1986-10-18,58,1986-10-18,58
1986-10-19,62,1986-10-19,62
1986-10-20,64,1986-10-20,64
1986-10-21,75,1986-10-21,75
1986-10-22,75,1986-10-22,75
1986-10-23,70,1986-10-23,70
1986-10-24,63,1986-10-24,63
1986-10-25,59,1986-10-25,59
1986-10-26,66,1986-10-26,66
1986-10-27,55,1986-10-27,55
1986-10-28,65,1986-10-28,65
1986-10-29,70,1986-10-29,70
1986-10-30,57,1986-10-30,57
1986-10-31,69,1986-10-31,69
1986-11-01,72,1986-11-01,72
1986-11-02,57,1986-11-02,57
1986-11-03,55,1986-11-03,55
1986-11-04,50,1986-11-04,50
1986-11-05,47,1986-11-05,47
1986-11-06,57,1986-11-06,57
1986-11-07,60,1986-11-07,60
1986-11-08,65,1986-11-08,65
1986-11-09,55,1986-11-09,55
1986-11-10,44,1986-11-10,44
1986-11-11,40,1986-11-11,40
1986-11-12,46,1986-11-12,46
1986-11-13,31,1986-11-13,31
1986-11-14,35,1986-11-14,35
1986-11-15,40,1986-11-15,40
1986-11-16,43,1986-11-16,43
1986-11-17,52,1986-11-17,52
1986-11-18,47,1986-11-18,47
1986-11-19,41,1986-11-19,41
1986-11-20,45,1986-11-20,45
1986-11-21,40,1986-11-21,40
1986-11-22,47,1986-11-22,47
1986-11-23,50,1986-11-23,50
1986-11-24,49,1986-11-24,49
1986-11-25,48,1986-11-25,48
1986-11-26,63,1986-11-26,63
1986-11-27,45,1986-11-27,45
1986-11-28,42,1986-11-28,42
1986-11-29,49,1986-11-29,49
1986-11-30,50,1986-11-30,50
1986-12-01,40,1986-12-01,40
1986-12-02,43,1986-12-02,43
1986-12-03,45,1986-12-03,45
1986-12-04,36,1986-12-04,36
1986-12-05,30,1986-12-05,30
1986-12-06,43,1986-12-06,43
1986-12-07,49,1986-12-07,49
1986-12-08,47,1986-12-08,47
1986-12-09,58,1986-12-09,58
1986-12-10,40,1986-12-10,40
1986-12-11,32,1986-12-11,32
1986-12-12,35,1986-12-12,35
1986-12-13,26,1986-12-13,26
1986-12-14,43,1986-12-14,43
1986-12-15,45,1986-12-15,45
1986-12-16,38,1986-12-16,38
1986-12-17,43,1986-12-17,43
1986-12-18,43,1986-12-18,43
1986-12-19,32,1986-12-19,32
1986-12-20,34,1986-12-20,34
1986-12-21,39,1986-12-21,39
1986-12-22,39,1986-12-22,39
1986-12-23,41,1986-12-23,41
1986-12-24,44,1986-12-24,44
1986-12-25,37,1986-12-25,37
1986-12-26,35,1986-12-26,35
1986-12-27,34,1986-12-27,34
1986-12-28,33,1986-12-28,33
1986-12-29,32,1986-12-29,32
1986-12-30,36,1986-12-30,36
1986-12-31,37,1986-12-31,37
1987-01-01,37,1987-01-01,37
1987-01-02,34,1987-01-02,34
1987-01-03,36,1987-01-03,36
1987-01-04,38,1987-01-04,38
1987-01-05,40,1987-01-05,40
1987-01-06,52,1987-01-06,52
1987-01-07,48,1987-01-07,48
1987-01-08,35,1987-01-08,35
1987-01-09,35,1987-01-09,35
1987-01-10,41,1987-01-10,41
1987-01-11,33,1987-01-11,33
1987-01-12,37,1987-01-12,37
1987-01-13,44,1987-01-13,44
1987-01-14,49,1987-01-14,49
1987-01-15,49,1987-01-15,49
1987-01-16,34,1987-01-16,34
1987-01-17,38,1987-01-17,38
1987-01-18,39,1987-01-18,39
1987-01-19,39,1987-01-19,39
1987-01-20,33,1987-01-20,33
1987-01-21,34,1987-01-21,34
1987-01-22,34,1987-01-22,34
1987-01-23,25,1987-01-23,25
1987-01-24,14,1987-01-24,14
1987-01-25,21,1987-01-25,21
1987-01-26,27,1987-01-26,27
1987-01-27,29,1987-01-27,29
1987-01-28,32,1987-01-28,32
1987-01-29,40,1987-01-29,40
1987-01-30,42,1987-01-30,42
1987-01-31,36,1987-01-31,36
1987-02-01,46,1987-02-01,46
1987-02-02,50,1987-02-02,50
1987-02-03,41,1987-02-03,41
1987-02-04,41,1987-02-04,41
1987-02-05,45,1987-02-05,45
1987-02-06,51,1987-02-06,51
1987-02-07,49,1987-02-07,49
1987-02-08,42,1987-02-08,42
1987-02-09,31,1987-02-09,31
1987-02-10,45,1987-02-10,45
1987-02-11,49,1987-02-11,49
1987-02-12,46,1987-02-12,46
1987-02-13,40,1987-02-13,40
1987-02-14,40,1987-02-14,40
1987-02-15,29,1987-02-15,29
1987-02-16,34,1987-02-16,34
1987-02-17,36,1987-02-17,36
1987-02-18,45,1987-02-18,45
1987-02-19,44,1987-02-19,44
1987-02-20,46,1987-02-20,46
1987-02-21,43,1987-02-21,43
1987-02-22,47,1987-02-22,47
1987-02-23,46,1987-02-23,46
1987-02-24,45,1987-02-24,45
1987-02-25,49,1987-02-25,49
1987-02-26,47,1987-02-26,47
1987-02-27,46,1987-02-27,46
1987-02-28,51,1987-02-28,51
1987-03-01,52,1987-03-01,52
1987-03-02,49,1987-03-02,49
1987-03-03,47,1987-03-03,47
1987-03-04,42,1987-03-04,42
1987-03-05,47,1987-03-05,47
1987-03-06,68,1987-03-06,68
1987-03-07,72,1987-03-07,72
1987-03-08,70,1987-03-08,70
1987-03-09,55,1987-03-09,55
1987-03-10,36,1987-03-10,36
1987-03-11,46,1987-03-11,46
1987-03-12,45,1987-03-12,45
1987-03-13,46,1987-03-13,46
1987-03-14,58,1987-03-14,58
1987-03-15,42,1987-03-15,42
1987-03-16,50,1987-03-16,50
1987-03-17,53,1987-03-17,53
1987-03-18,60,1987-03-18,60
1987-03-19,62,1987-03-19,62
1987-03-20,58,1987-03-20,58
1987-03-21,57,1987-03-21,57
1987-03-22,63,1987-03-22,63
1987-03-23,67,1987-03-23,67
1987-03-24,69,1987-03-24,69
1987-03-25,69,1987-03-25,69
1987-03-26,58,1987-03-26,58
1987-03-27,66,1987-03-27,66
1987-03-28,67,1987-03-28,67
1987-03-29,78,1987-03-29,78
1987-03-30,56,1987-03-30,56
1987-03-31,31,1987-03-31,31
1987-04-01,48,1987-04-01,48
1987-04-02,44,1987-04-02,44
1987-04-03,37,1987-04-03,37
1987-04-04,34,1987-04-04,34
1987-04-05,47,1987-04-05,47
1987-04-06,48,1987-04-06,48
1987-04-07,63,1987-04-07,63
1987-04-08,60,1987-04-08,60
1987-04-09,62,1987-04-09,62
1987-04-10,67,1987-04-10,67
1987-04-11,63,1987-04-11,63
1987-04-12,53,1987-04-12,53
1987-04-13,65,1987-04-13,65
1987-04-14,72,1987-04-14,72
1987-04-15,64,1987-04-15,64
1987-04-16,57,1987-04-16,57
1987-04-17,64,1987-04-17,64
1987-04-18,73,1987-04-18,73
1987-04-19,80,1987-04-19,80
1987-04-20,84,1987-04-20,84
1987-04-21,86,1987-04-21,86
1987-04-22,82,1987-04-22,82
1987-04-23,70,1987-04-23,70
1987-04-24,56,1987-04-24,56
1987-04-25,63,1987-04-25,63
1987-04-26,68,1987-04-26,68
1987-04-27,71,1987-04-27,71
1987-04-28,61,1987-04-28,61
1987-04-29,80,1987-04-29,80
1987-04-30,61,1987-04-30,61
1987-05-01,68,1987-05-01,68
1987-05-02,75,1987-05-02,75
1987-05-03,57,1987-05-03,57
1987-05-04,64,1987-05-04,64
1987-05-05,67,1987-05-05,67
1987-05-06,72,1987-05-06,72
1987-05-07,68,1987-05-07,68
1987-05-08,71,1987-05-08,71
1987-05-09,79,1987-05-09,79
1987-05-10,84,1987-05-10,84
1987-05-11,84,1987-05-11,84
1987-05-12,73,1987-05-12,73
1987-05-13,80,1987-05-13,80
1987-05-14,86,1987-05-14,86
1987-05-15,71,1987-05-15,71
1987-05-16,77,1987-05-16,77
1987-05-17,85,1987-05-17,85
1987-05-18,84,1987-05-18,84
1987-05-19,81,1987-05-19,81
1987-05-20,86,1987-05-20,86
1987-05-21,87,1987-05-21,87
1987-05-22,85,1987-05-22,85
1987-05-23,78,1987-05-23,78
1987-05-24,78,1987-05-24,78
1987-05-25,81,1987-05-25,81
1987-05-26,85,1987-05-26,85
1987-05-27,87,1987-05-27,87
1987-05-28,89,1987-05-28,89
1987-05-29,91,1987-05-29,91
1987-05-30,88,1987-05-30,88
1987-05-31,82,1987-05-31,82
1987-06-01,78,1987-06-01,78
1987-06-02,84,1987-06-02,84
1987-06-03,81,1987-06-03,81
1987-06-04,76,1987-06-04,76
1987-06-05,77,1987-06-05,77
1987-06-06,82,1987-06-06,82
1987-06-07,85,1987-06-07,85
1987-06-08,87,1987-06-08,87
1987-06-09,75,1987-06-09,75
1987-06-10,72,1987-06-10,72
1987-06-11,82,1987-06-11,82
1987-06-12,77,1987-06-12,77
1987-06-13,84,1987-06-13,84
1987-06-14,89,1987-06-14,89
1987-06-15,91,1987-06-15,91
1987-06-16,87,1987-06-16,87
1987-06-17,90,1987-06-17,90
1987-06-18,90,1987-06-18,90
1987-06-19,90,1987-06-19,90
1987-06-20,83,1987-06-20,83
1987-06-21,89,1987-06-21,89
1987-06-22,85,1987-06-22,85
1987-06-23,81,1987-06-23,81
1987-06-24,87,1987-06-24,87
1987-06-25,86,1987-06-25,86
1987-06-26,82,1987-06-26,82
1987-06-27,75,1987-06-27,75
1987-06-28,82,1987-06-28,82
1987-06-29,89,1987-06-29,89
1987-06-30,86,1987-06-30,86
1987-07-01,73,1987-07-01,73
1987-07-02,78,1987-07-02,78
1987-07-03,85,1987-07-03,85
1987-07-04,83,1987-07-04,83
1987-07-05,85,1987-07-05,85
1987-07-06,84,1987-07-06,84
1987-07-07,85,1987-07-07,85
1987-07-08,89,1987-07-08,89
1987-07-09,88,1987-07-09,88
1987-07-10,88,1987-07-10,88
1987-07-11,90,1987-07-11,90
1987-07-12,89,1987-07-12,89
1987-07-13,88,1987-07-13,88
1987-07-14,73,1987-07-14,73
1987-07-15,76,1987-07-15,76
1987-07-16,79,1987-07-16,79
1987-07-17,84,1987-07-17,84
1987-07-18,90,1987-07-18,90
1987-07-19,91,1987-07-19,91
1987-07-20,93,1987-07-20,93
1987-07-21,93,1987-07-21,93
1987-07-22,93,1987-07-22,93
1987-07-23,92,1987-07-23,92
1987-07-24,94,1987-07-24,94
1987-07-25,92,1987-07-25,92
1987-07-26,87,1987-07-26,87
1987-07-27,86,1987-07-27,86
1987-07-28,84,1987-07-28,84
1987-07-29,89,1987-07-29,89
1987-07-30,91,1987-07-30,91
1987-07-31,92,1987-07-31,92
1987-08-01,91,1987-08-01,91
1987-08-02,95,1987-08-02,95
1987-08-03,93,1987-08-03,93
1987-08-04,93,1987-08-04,93
1987-08-05,84,1987-08-05,84
1987-08-06,85,1987-08-06,85
1987-08-07,88,1987-08-07,88
1987-08-08,89,1987-08-08,89
1987-08-09,88,1987-08-09,88
1987-08-10,77,1987-08-10,77
1987-08-11,83,1987-08-11,83
1987-08-12,88,1987-08-12,88
1987-08-13,91,1987-08-13,91
1987-08-14,92,1987-08-14,92
1987-08-15,93,1987-08-15,93
1987-08-16,94,1987-08-16,94
1987-08-17,89,1987-08-17,89
1987-08-18,89,1987-08-18,89
1987-08-19,87,1987-08-19,87
1987-08-20,87,1987-08-20,87
1987-08-21,82,1987-08-21,82
1987-08-22,87,1987-08-22,87
1987-08-23,78,1987-08-23,78
1987-08-24,76,1987-08-24,76
1987-08-25,66,1987-08-25,66
1987-08-26,83,1987-08-26,83
1987-08-27,83,1987-08-27,83
1987-08-28,74,1987-08-28,74
1987-08-29,76,1987-08-29,76
1987-08-30,80,1987-08-30,80
1987-08-31,75,1987-08-31,75
1987-09-01,75,1987-09-01,75
1987-09-02,79,1987-09-02,79
1987-09-03,75,1987-09-03,75
1987-09-04,83,1987-09-04,83
1987-09-05,81,1987-09-05,81
1987-09-06,75,1987-09-06,75
1987-09-07,81,1987-09-07,81
1987-09-08,85,1987-09-08,85
1987-09-09,84,1987-09-09,84
1987-09-10,88,1987-09-10,88
1987-09-11,73,1987-09-11,73
1987-09-12,76,1987-09-12,76
1987-09-13,85,1987-09-13,85
1987-09-14,84,1987-09-14,84
1987-09-15,80,1987-09-15,80
1987-09-16,83,1987-09-16,83
1987-09-17,83,1987-09-17,83
1987-09-18,76,1987-09-18,76
1987-09-19,75,1987-09-19,75
1987-09-20,78,1987-09-20,78
1987-09-21,70,1987-09-21,70
1987-09-22,62,1987-09-22,62
1987-09-23,71,1987-09-23,71
1987-09-24,78,1987-09-24,78
1987-09-25,71,1987-09-25,71
1987-09-26,79,1987-09-26,79
1987-09-27,84,1987-09-27,84
1987-09-28,85,1987-09-28,85
1987-09-29,73,1987-09-29,73
1987-09-30,70,1987-09-30,70
1987-10-01,63,1987-10-01,63
1987-10-02,67,1987-10-02,67
1987-10-03,52,1987-10-03,52
1987-10-04,63,1987-10-04,63
1987-10-05,71,1987-10-05,71
1987-10-06,65,1987-10-06,65
1987-10-07,50,1987-10-07,50
1987-10-08,53,1987-10-08,53
1987-10-09,67,1987-10-09,67
1987-10-10,63,1987-10-10,63
1987-10-11,53,1987-10-11,53
1987-10-12,57,1987-10-12,57
1987-10-13,59,1987-10-13,59
1987-10-14,64,1987-10-14,64
1987-10-15,70,1987-10-15,70
1987-10-16,73,1987-10-16,73
1987-10-17,64,1987-10-17,64
1987-10-18,62,1987-10-18,62
1987-10-19,69,1987-10-19,69
1987-10-20,59,1987-10-20,59
1987-10-21,48,1987-10-21,48
1987-10-22,52,1987-10-22,52
1987-10-23,65,1987-10-23,65
1987-10-24,69,1987-10-24,69
1987-10-25,54,1987-10-25,54
1987-10-26,62,1987-10-26,62
1987-10-27,58,1987-10-27,58
1987-10-28,51,1987-10-28,51
1987-10-29,53,1987-10-29,53
1987-10-30,71,1987-10-30,71
1987-10-31,72,1987-10-31,72
1987-11-01,78,1987-11-01,78
1987-11-02,79,1987-11-02,79
1987-11-03,80,1987-11-03,80
1987-11-04,78,1987-11-04,78
1987-11-05,62,1987-11-05,62
1987-11-06,52,1987-11-06,52
1987-11-07,59,1987-11-07,59
1987-11-08,68,1987-11-08,68
1987-11-09,58,1987-11-09,58
1987-11-10,38,1987-11-10,38
1987-11-11,40,1987-11-11,40
1987-11-12,53,1987-11-12,53
1987-11-13,62,1987-11-13,62
1987-11-14,62,1987-11-14,62
1987-11-15,66,1987-11-15,66
1987-11-16,71,1987-11-16,71
1987-11-17,65,1987-11-17,65
1987-11-18,52,1987-11-18,52
1987-11-19,49,1987-11-19,49
1987-11-20,43,1987-11-20,43
1987-11-21,30,1987-11-21,30
1987-11-22,46,1987-11-22,46
1987-11-23,56,1987-11-23,56
1987-11-24,54,1987-11-24,54
1987-11-25,65,1987-11-25,65
1987-11-26,55,1987-11-26,55
1987-11-27,53,1987-11-27,53
1987-11-28,65,1987-11-28,65
1987-11-29,54,1987-11-29,54
1987-11-30,40,1987-11-30,40
1987-12-01,39,1987-12-01,39
1987-12-02,34,1987-12-02,34
1987-12-03,38,1987-12-03,38
1987-12-04,35,1987-12-04,35
1987-12-05,34,1987-12-05,34
1987-12-06,36,1987-12-06,36
1987-12-07,41,1987-12-07,41
1987-12-08,60,1987-12-08,60
1987-12-09,60,1987-12-09,60
1987-12-10,47,1987-12-10,47
1987-12-11,48,1987-12-11,48
1987-12-12,44,1987-12-12,44
1987-12-13,37,1987-12-13,37
1987-12-14,40,1987-12-14,40
1987-12-15,58,1987-12-15,58
1987-12-16,30,1987-12-16,30
1987-12-17,33,1987-12-17,33
1987-12-18,35,1987-12-18,35
1987-12-19,43,1987-12-19,43
1987-12-20,55,1987-12-20,55
1987-12-21,44,1987-12-21,44
1987-12-22,38,1987-12-22,38
1987-12-23,44,1987-12-23,44
1987-12-24,51,1987-12-24,51
1987-12-25,52,1987-12-25,52
1987-12-26,38,1987-12-26,38
1987-12-27,37,1987-12-27,37
1987-12-28,39,1987-12-28,39
1987-12-29,34,1987-12-29,34
1987-12-30,33,1987-12-30,33
1987-12-31,43,1987-12-31,43
1988-01-01,33,1988-01-01,33
1988-01-02,27,1988-01-02,27
1988-01-03,35,1988-01-03,35
1988-01-04,30,1988-01-04,30
1988-01-05,12,1988-01-05,12
1988-01-06,15,1988-01-06,15
1988-01-07,19,1988-01-07,19
1988-01-08,25,1988-01-08,25
1988-01-09,24,1988-01-09,24
1988-01-10,26,1988-01-10,26
1988-01-11,37,1988-01-11,37
1988-01-12,46,1988-01-12,46
1988-01-13,41,1988-01-13,41
1988-01-14,19,1988-01-14,19
1988-01-15,39,1988-01-15,39
1988-01-16,50,1988-01-16,50
1988-01-17,47,1988-01-17,47
1988-01-18,46,1988-01-18,46
1988-01-19,48,1988-01-19,48
1988-01-20,57,1988-01-20,57
1988-01-21,37,1988-01-21,37
1988-01-22,30,1988-01-22,30
1988-01-23,35,1988-01-23,35
1988-01-24,40,1988-01-24,40
1988-01-25,39,1988-01-25,39
1988-01-26,19,1988-01-26,19
1988-01-27,18,1988-01-27,18
1988-01-28,32,1988-01-28,32
1988-01-29,53,1988-01-29,53
1988-01-30,57,1988-01-30,57
1988-01-31,61,1988-01-31,61
1988-02-01,57,1988-02-01,57
1988-02-02,59,1988-02-02,59
1988-02-03,35,1988-02-03,35
1988-02-04,32,1988-02-04,32
1988-02-05,20,1988-02-05,20
1988-02-06,9,1988-02-06,9
1988-02-07,27,1988-02-07,27
1988-02-08,29,1988-02-08,29
1988-02-09,34,1988-02-09,34
1988-02-10,35,1988-02-10,35
1988-02-11,41,1988-02-11,41
1988-02-12,26,1988-02-12,26
1988-02-13,18,1988-02-13,18
1988-02-14,49,1988-02-14,49
1988-02-15,46,1988-02-15,46
1988-02-16,35,1988-02-16,35
1988-02-17,49,1988-02-17,49
1988-02-18,50,1988-02-18,50
1988-02-19,45,1988-02-19,45
1988-02-20,40,1988-02-20,40
1988-02-21,27,1988-02-21,27
1988-02-22,61,1988-02-22,61
1988-02-23,49,1988-02-23,49
1988-02-24,32,1988-02-24,32
1988-02-25,29,1988-02-25,29
1988-02-26,43,1988-02-26,43
1988-02-27,42,1988-02-27,42
1988-02-28,43,1988-02-28,43
1988-02-29,49,1988-02-29,49
1988-03-01,51,1988-03-01,51
1988-03-02,43,1988-03-02,43
1988-03-03,42,1988-03-03,42
1988-03-04,34,1988-03-04,34
1988-03-05,38,1988-03-05,38
1988-03-06,50,1988-03-06,50
1988-03-07,50,1988-03-07,50
1988-03-08,68,1988-03-08,68
1988-03-09,57,1988-03-09,57
1988-03-10,47,1988-03-10,47
1988-03-11,58,1988-03-11,58
1988-03-12,54,1988-03-12,54
1988-03-13,41,1988-03-13,41
1988-03-14,30,1988-03-14,30
1988-03-15,29,1988-03-15,29
1988-03-16,35,1988-03-16,35
1988-03-17,41,1988-03-17,41
1988-03-18,38,1988-03-18,38
1988-03-19,44,1988-03-19,44
1988-03-20,37,1988-03-20,37
1988-03-21,38,1988-03-21,38
1988-03-22,54,1988-03-22,54
1988-03-23,74,1988-03-23,74
1988-03-24,76,1988-03-24,76
1988-03-25,65,1988-03-25,65
1988-03-26,58,1988-03-26,58
1988-03-27,41,1988-03-27,41
1988-03-28,63,1988-03-28,63
1988-03-29,77,1988-03-29,77
1988-03-30,67,1988-03-30,67
1988-03-31,62,1988-03-31,62
1988-04-01,63,1988-04-01,63
1988-04-02,66,1988-04-02,66
1988-04-03,63,1988-04-03,63
1988-04-04,64,1988-04-04,64
1988-04-05,82,1988-04-05,82
1988-04-06,70,1988-04-06,70
1988-04-07,46,1988-04-07,46
1988-04-08,54,1988-04-08,54
1988-04-09,62,1988-04-09,62
1988-04-10,68,1988-04-10,68
1988-04-11,66,1988-04-11,66
1988-04-12,67,1988-04-12,67
1988-04-13,67,1988-04-13,67
1988-04-14,65,1988-04-14,65
1988-04-15,48,1988-04-15,48
1988-04-16,54,1988-04-16,54
1988-04-17,69,1988-04-17,69
1988-04-18,63,1988-04-18,63
1988-04-19,52,1988-04-19,52
1988-04-20,61,1988-04-20,61
1988-04-21,56,1988-04-21,56
1988-04-22,58,1988-04-22,58
1988-04-23,81,1988-04-23,81
1988-04-24,53,1988-04-24,53
1988-04-25,63,1988-04-25,63
1988-04-26,71,1988-04-26,71
1988-04-27,53,1988-04-27,53
1988-04-28,48,1988-04-28,48
1988-04-29,61,1988-04-29,61
1988-04-30,67,1988-04-30,67
1988-05-01,71,1988-05-01,71
1988-05-02,71,1988-05-02,71
1988-05-03,66,1988-05-03,66
1988-05-04,61,1988-05-04,61
1988-05-05,59,1988-05-05,59
1988-05-06,74,1988-05-06,74
1988-05-07,79,1988-05-07,79
1988-05-08,84,1988-05-08,84
1988-05-09,74,1988-05-09,74
1988-05-10,75,1988-05-10,75
1988-05-11,68,1988-05-11,68
1988-05-12,79,1988-05-12,79
1988-05-13,83,1988-05-13,83
1988-05-14,74,1988-05-14,74
1988-05-15,89,1988-05-15,89
1988-05-16,80,1988-05-16,80
1988-05-17,70,1988-05-17,70
1988-05-18,69,1988-05-18,69
1988-05-19,65,1988-05-19,65
1988-05-20,71,1988-05-20,71
1988-05-21,79,1988-05-21,79
1988-05-22,85,1988-05-22,85
1988-05-23,81,1988-05-23,81
1988-05-24,70,1988-05-24,70
1988-05-25,61,1988-05-25,61
1988-05-26,74,1988-05-26,74
1988-05-27,79,1988-05-27,79
1988-05-28,83,1988-05-28,83
1988-05-29,88,1988-05-29,88
1988-05-30,90,1988-05-30,90
1988-05-31,93,1988-05-31,93
1988-06-01,92,1988-06-01,92
1988-06-02,69,1988-06-02,69
1988-06-03,67,1988-06-03,67
1988-06-04,72,1988-06-04,72
1988-06-05,85,1988-06-05,85
1988-06-06,92,1988-06-06,92
1988-06-07,91,1988-06-07,91
1988-06-08,91,1988-06-08,91
1988-06-09,66,1988-06-09,66
1988-06-10,68,1988-06-10,68
1988-06-11,79,1988-06-11,79
1988-06-12,86,1988-06-12,86
1988-06-13,92,1988-06-13,92
1988-06-14,93,1988-06-14,93
1988-06-15,92,1988-06-15,92
1988-06-16,79,1988-06-16,79
1988-06-17,81,1988-06-17,81
1988-06-18,84,1988-06-18,84
1988-06-19,89,1988-06-19,89
1988-06-20,94,1988-06-20,94
1988-06-21,98,1988-06-21,98
1988-06-22,97,1988-06-22,97
1988-06-23,84,1988-06-23,84
1988-06-24,88,1988-06-24,88
1988-06-25,101,1988-06-25,101
1988-06-26,88,1988-06-26,88
1988-06-27,80,1988-06-27,80
1988-06-28,87,1988-06-28,87
1988-06-29,81,1988-06-29,81
1988-06-30,77,1988-06-30,77
1988-07-01,79,1988-07-01,79
1988-07-02,82,1988-07-02,82
1988-07-03,89,1988-07-03,89
1988-07-04,93,1988-07-04,93
1988-07-05,96,1988-07-05,96
1988-07-06,97,1988-07-06,97
1988-07-07,100,1988-07-07,100
1988-07-08,100,1988-07-08,100
1988-07-09,100,1988-07-09,100
1988-07-10,94,1988-07-10,94
1988-07-11,86,1988-07-11,86
1988-07-12,88,1988-07-12,88
1988-07-13,85,1988-07-13,85
1988-07-14,91,1988-07-14,91
1988-07-15,100,1988-07-15,100
1988-07-16,100,1988-07-16,100
1988-07-17,92,1988-07-17,92
1988-07-18,93,1988-07-18,93
1988-07-19,83,1988-07-19,83
1988-07-20,75,1988-07-20,75
1988-07-21,83,1988-07-21,83
1988-07-22,89,1988-07-22,89
1988-07-23,84,1988-07-23,84
1988-07-24,86,1988-07-24,86
1988-07-25,86,1988-07-25,86
1988-07-26,85,1988-07-26,85
1988-07-27,87,1988-07-27,87
1988-07-28,90,1988-07-28,90
1988-07-29,91,1988-07-29,91
1988-07-30,89,1988-07-30,89
1988-07-31,84,1988-07-31,84
1988-08-01,91,1988-08-01,91
1988-08-02,94,1988-08-02,94
1988-08-03,93,1988-08-03,93
1988-08-04,91,1988-08-04,91
1988-08-05,90,1988-08-05,90
1988-08-06,86,1988-08-06,86
1988-08-07,89,1988-08-07,89
1988-08-08,90,1988-08-08,90
1988-08-09,91,1988-08-09,91
1988-08-10,92,1988-08-10,92
1988-08-11,93,1988-08-11,93
1988-08-12,93,1988-08-12,93
1988-08-13,92,1988-08-13,92
1988-08-14,93,1988-08-14,93
1988-08-15,91,1988-08-15,91
1988-08-16,91,1988-08-16,91
1988-08-17,97,1988-08-17,97
1988-08-18,93,1988-08-18,93
1988-08-19,78,1988-08-19,78
1988-08-20,83,1988-08-20,83
1988-08-21,80,1988-08-21,80
1988-08-22,79,1988-08-22,79
1988-08-23,79,1988-08-23,79
1988-08-24,81,1988-08-24,81
1988-08-25,83,1988-08-25,83
1988-08-26,79,1988-08-26,79
1988-08-27,84,1988-08-27,84
1988-08-28,75,1988-08-28,75
1988-08-29,73,1988-08-29,73
1988-08-30,74,1988-08-30,74
1988-08-31,76,1988-08-31,76
1988-09-01,81,1988-09-01,81
1988-09-02,84,1988-09-02,84
1988-09-03,72,1988-09-03,72
1988-09-04,76,1988-09-04,76
1988-09-05,65,1988-09-05,65
1988-09-06,66,1988-09-06,66
1988-09-07,68,1988-09-07,68
1988-09-08,77,1988-09-08,77
1988-09-09,78,1988-09-09,78
1988-09-10,81,1988-09-10,81
1988-09-11,81,1988-09-11,81
1988-09-12,78,1988-09-12,78
1988-09-13,77,1988-09-13,77
1988-09-14,76,1988-09-14,76
1988-09-15,73,1988-09-15,73
1988-09-16,79,1988-09-16,79
1988-09-17,74,1988-09-17,74
1988-09-18,79,1988-09-18,79
1988-09-19,76,1988-09-19,76
1988-09-20,77,1988-09-20,77
1988-09-21,63,1988-09-21,63
1988-09-22,77,1988-09-22,77
1988-09-23,80,1988-09-23,80
1988-09-24,65,1988-09-24,65
1988-09-25,73,1988-09-25,73
1988-09-26,76,1988-09-26,76
1988-09-27,78,1988-09-27,78
1988-09-28,79,1988-09-28,79
1988-09-29,79,1988-09-29,79
1988-09-30,77,1988-09-30,77
1988-10-01,80,1988-10-01,80
1988-10-02,71,1988-10-02,71
1988-10-03,65,1988-10-03,65
1988-10-04,61,1988-10-04,61
1988-10-05,56,1988-10-05,56
1988-10-06,58,1988-10-06,58
1988-10-07,60,1988-10-07,60
1988-10-08,61,1988-10-08,61
1988-10-09,61,1988-10-09,61
1988-10-10,62,1988-10-10,62
1988-10-11,56,1988-10-11,56
1988-10-12,48,1988-10-12,48
1988-10-13,50,1988-10-13,50
1988-10-14,65,1988-10-14,65
1988-10-15,69,1988-10-15,69
1988-10-16,68,1988-10-16,68
1988-10-17,67,1988-10-17,67
1988-10-18,66,1988-10-18,66
1988-10-19,57,1988-10-19,57
1988-10-20,56,1988-10-20,56
1988-10-21,49,1988-10-21,49
1988-10-22,52,1988-10-22,52
1988-10-23,50,1988-10-23,50
1988-10-24,44,1988-10-24,44
1988-10-25,54,1988-10-25,54
1988-10-26,45,1988-10-26,45
1988-10-27,58,1988-10-27,58
1988-10-28,56,1988-10-28,56
1988-10-29,49,1988-10-29,49
1988-10-30,45,1988-10-30,45
1988-10-31,53,1988-10-31,53
1988-11-01,56,1988-11-01,56
1988-11-02,46,1988-11-02,46
1988-11-03,59,1988-11-03,59
1988-11-04,70,1988-11-04,70
1988-11-05,63,1988-11-05,63
1988-11-06,41,1988-11-06,41
1988-11-07,46,1988-11-07,46
1988-11-08,51,1988-11-08,51
1988-11-09,54,1988-11-09,54
1988-11-10,63,1988-11-10,63
1988-11-11,47,1988-11-11,47
1988-11-12,52,1988-11-12,52
1988-11-13,53,1988-11-13,53
1988-11-14,63,1988-11-14,63
1988-11-15,65,1988-11-15,65
1988-11-16,70,1988-11-16,70
1988-11-17,47,1988-11-17,47
1988-11-18,51,1988-11-18,51
1988-11-19,49,1988-11-19,49
1988-11-20,62,1988-11-20,62
1988-11-21,44,1988-11-21,44
1988-11-22,44,1988-11-22,44
1988-11-23,47,1988-11-23,47
1988-11-24,52,1988-11-24,52
1988-11-25,63,1988-11-25,63
1988-11-26,66,1988-11-26,66
1988-11-27,58,1988-11-27,58
1988-11-28,39,1988-11-28,39
1988-11-29,45,1988-11-29,45
1988-11-30,45,1988-11-30,45
1988-12-01,37,1988-12-01,37
1988-12-02,38,1988-12-02,38
1988-12-03,56,1988-12-03,56
1988-12-04,39,1988-12-04,39
1988-12-05,47,1988-12-05,47
1988-12-06,54,1988-12-06,54
1988-12-07,46,1988-12-07,46
1988-12-08,38,1988-12-08,38
1988-12-09,32,1988-12-09,32
1988-12-10,33,1988-12-10,33
1988-12-11,23,1988-12-11,23
1988-12-12,25,1988-12-12,25
1988-12-13,35,1988-12-13,35
1988-12-14,52,1988-12-14,52
1988-12-15,38,1988-12-15,38
1988-12-16,24,1988-12-16,24
1988-12-17,26,1988-12-17,26
1988-12-18,26,1988-12-18,26
1988-12-19,53,1988-12-19,53
1988-12-20,57,1988-12-20,57
1988-12-21,54,1988-12-21,54
1988-12-22,44,1988-12-22,44
1988-12-23,56,1988-12-23,56
1988-12-24,54,1988-12-24,54
1988-12-25,41,1988-12-25,41
1988-12-26,32,1988-12-26,32
1988-12-27,62,1988-12-27,62
1988-12-28,45,1988-12-28,45
1988-12-29,23,1988-12-29,23
1988-12-30,33,1988-12-30,33
1988-12-31,38,1988-12-31,38
1989-01-01,40,1989-01-01,40
1989-01-02,34,1989-01-02,34
1989-01-03,35,1989-01-03,35
1989-01-04,28,1989-01-04,28
1989-01-05,41,1989-01-05,41
1989-01-06,44,1989-01-06,44
1989-01-07,62,1989-01-07,62
1989-01-08,60,1989-01-08,60
1989-01-09,31,1989-01-09,31
1989-01-10,43,1989-01-10,43
1989-01-11,42,1989-01-11,42
1989-01-12,54,1989-01-12,54
1989-01-13,35,1989-01-13,35
1989-01-14,38,1989-01-14,38
1989-01-15,37,1989-01-15,37
1989-01-16,42,1989-01-16,42
1989-01-17,47,1989-01-17,47
1989-01-18,49,1989-01-18,49
1989-01-19,46,1989-01-19,46
1989-01-20,44,1989-01-20,44
1989-01-21,33,1989-01-21,33
1989-01-22,47,1989-01-22,47
1989-01-23,55,1989-01-23,55
1989-01-24,53,1989-01-24,53
1989-01-25,53,1989-01-25,53
1989-01-26,57,1989-01-26,57
1989-01-27,47,1989-01-27,47
1989-01-28,52,1989-01-28,52
1989-01-29,50,1989-01-29,50
1989-01-30,48,1989-01-30,48
1989-01-31,60,1989-01-31,60
1989-02-01,66,1989-02-01,66
1989-02-02,38,1989-02-02,38
1989-02-03,33,1989-02-03,33
1989-02-04,25,1989-02-04,25
1989-02-05,27,1989-02-05,27
1989-02-06,28,1989-02-06,28
1989-02-07,25,1989-02-07,25
1989-02-08,29,1989-02-08,29
1989-02-09,21,1989-02-09,21
1989-02-10,31,1989-02-10,31
1989-02-11,41,1989-02-11,41
1989-02-12,38,1989-02-12,38
1989-02-13,46,1989-02-13,46
1989-02-14,46,1989-02-14,46
1989-02-15,41,1989-02-15,41
1989-02-16,38,1989-02-16,38
1989-02-17,32,1989-02-17,32
1989-02-18,37,1989-02-18,37
1989-02-19,37,1989-02-19,37
1989-02-20,41,1989-02-20,41
1989-02-21,50,1989-02-21,50
1989-02-22,33,1989-02-22,33
1989-02-23,25,1989-02-23,25
1989-02-24,27,1989-02-24,27
1989-02-25,42,1989-02-25,42
1989-02-26,37,1989-02-26,37
1989-02-27,34,1989-02-27,34
1989-02-28,39,1989-02-28,39
1989-03-01,32,1989-03-01,32
1989-03-02,38,1989-03-02,38
1989-03-03,56,1989-03-03,56
1989-03-04,67,1989-03-04,67
1989-03-05,54,1989-03-05,54
1989-03-06,30,1989-03-06,30
1989-03-07,29,1989-03-07,29
1989-03-08,38,1989-03-08,38
1989-03-09,45,1989-03-09,45
1989-03-10,50,1989-03-10,50
1989-03-11,65,1989-03-11,65
1989-03-12,49,1989-03-12,49
1989-03-13,56,1989-03-13,56
1989-03-14,66,1989-03-14,66
1989-03-15,60,1989-03-15,60
1989-03-16,51,1989-03-16,51
1989-03-17,70,1989-03-17,70
1989-03-18,67,1989-03-18,67
1989-03-19,40,1989-03-19,40
1989-03-20,41,1989-03-20,41
1989-03-21,37,1989-03-21,37
1989-03-22,41,1989-03-22,41
1989-03-23,54,1989-03-23,54
1989-03-24,59,1989-03-24,59
1989-03-25,62,1989-03-25,62
1989-03-26,71,1989-03-26,71
1989-03-27,78,1989-03-27,78
1989-03-28,79,1989-03-28,79
1989-03-29,65,1989-03-29,65
1989-03-30,56,1989-03-30,56
1989-03-31,42,1989-03-31,42
1989-04-01,44,1989-04-01,44
1989-04-02,51,1989-04-02,51
1989-04-03,64,1989-04-03,64
1989-04-04,62,1989-04-04,62
1989-04-05,50,1989-04-05,50
1989-04-06,50,1989-04-06,50
1989-04-07,50,1989-04-07,50
1989-04-08,41,1989-04-08,41
1989-04-09,44,1989-04-09,44
1989-04-10,39,1989-04-10,39
1989-04-11,44,1989-04-11,44
1989-04-12,54,1989-04-12,54
1989-04-13,51,1989-04-13,51
1989-04-14,63,1989-04-14,63
1989-04-15,56,1989-04-15,56
1989-04-16,65,1989-04-16,65
1989-04-17,72,1989-04-17,72
1989-04-18,50,1989-04-18,50
1989-04-19,56,1989-04-19,56
1989-04-20,65,1989-04-20,65
1989-04-21,66,1989-04-21,66
1989-04-22,59,1989-04-22,59
1989-04-23,62,1989-04-23,62
1989-04-24,69,1989-04-24,69
1989-04-25,71,1989-04-25,71
1989-04-26,74,1989-04-26,74
1989-04-27,78,1989-04-27,78
1989-04-28,60,1989-04-28,60
1989-04-29,73,1989-04-29,73
1989-04-30,69,1989-04-30,69
1989-05-01,57,1989-05-01,57
1989-05-02,56,1989-05-02,56
1989-05-03,60,1989-05-03,60
1989-05-04,66,1989-05-04,66
1989-05-05,63,1989-05-05,63
1989-05-06,50,1989-05-06,50
1989-05-07,50,1989-05-07,50
1989-05-08,60,1989-05-08,60
1989-05-09,52,1989-05-09,52
1989-05-10,54,1989-05-10,54
1989-05-11,59,1989-05-11,59
1989-05-12,51,1989-05-12,51
1989-05-13,55,1989-05-13,55
1989-05-14,65,1989-05-14,65
1989-05-15,64,1989-05-15,64
1989-05-16,67,1989-05-16,67
1989-05-17,78,1989-05-17,78
1989-05-18,80,1989-05-18,80
1989-05-19,75,1989-05-19,75
1989-05-20,76,1989-05-20,76
1989-05-21,77,1989-05-21,77
1989-05-22,74,1989-05-22,74
1989-05-23,59,1989-05-23,59
1989-05-24,79,1989-05-24,79
1989-05-25,81,1989-05-25,81
1989-05-26,80,1989-05-26,80
1989-05-27,67,1989-05-27,67
1989-05-28,71,1989-05-28,71
1989-05-29,73,1989-05-29,73
1989-05-30,85,1989-05-30,85
1989-05-31,85,1989-05-31,85
1989-06-01,87,1989-06-01,87
1989-06-02,79,1989-06-02,79
1989-06-03,82,1989-06-03,82
1989-06-04,75,1989-06-04,75
1989-06-05,63,1989-06-05,63
1989-06-06,77,1989-06-06,77
1989-06-07,80,1989-06-07,80
1989-06-08,78,1989-06-08,78
1989-06-09,79,1989-06-09,79
1989-06-10,63,1989-06-10,63
1989-06-11,74,1989-06-11,74
1989-06-12,80,1989-06-12,80
1989-06-13,76,1989-06-13,76
1989-06-14,74,1989-06-14,74
1989-06-15,72,1989-06-15,72
1989-06-16,66,1989-06-16,66
1989-06-17,74,1989-06-17,74
1989-06-18,75,1989-06-18,75
1989-06-19,74,1989-06-19,74
1989-06-20,79,1989-06-20,79
1989-06-21,74,1989-06-21,74
1989-06-22,85,1989-06-22,85
1989-06-23,86,1989-06-23,86
1989-06-24,90,1989-06-24,90
1989-06-25,90,1989-06-25,90
1989-06-26,91,1989-06-26,91
1989-06-27,89,1989-06-27,89
1989-06-28,81,1989-06-28,81
1989-06-29,73,1989-06-29,73
1989-06-30,80,1989-06-30,80
1989-07-01,85,1989-07-01,85
1989-07-02,81,1989-07-02,81
1989-07-03,74,1989-07-03,74
1989-07-04,74,1989-07-04,74
1989-07-05,84,1989-07-05,84
1989-07-06,88,1989-07-06,88
1989-07-07,90,1989-07-07,90
1989-07-08,87,1989-07-08,87
1989-07-09,86,1989-07-09,86
1989-07-10,90,1989-07-10,90
1989-07-11,94,1989-07-11,94
1989-07-12,83,1989-07-12,83
1989-07-13,81,1989-07-13,81
1989-07-14,78,1989-07-14,78
1989-07-15,79,1989-07-15,79
1989-07-16,80,1989-07-16,80
1989-07-17,82,1989-07-17,82
1989-07-18,82,1989-07-18,82
1989-07-19,75,1989-07-19,75
1989-07-20,80,1989-07-20,80
1989-07-21,85,1989-07-21,85
1989-07-22,86,1989-07-22,86
1989-07-23,88,1989-07-23,88
1989-07-24,91,1989-07-24,91
1989-07-25,91,1989-07-25,91
1989-07-26,85,1989-07-26,85
1989-07-27,86,1989-07-27,86
1989-07-28,81,1989-07-28,81
1989-07-29,80,1989-07-29,80
1989-07-30,74,1989-07-30,74
1989-07-31,79,1989-07-31,79
1989-08-01,83,1989-08-01,83
1989-08-02,84,1989-08-02,84
1989-08-03,87,1989-08-03,87
1989-08-04,87,1989-08-04,87
1989-08-05,87,1989-08-05,87
1989-08-06,83,1989-08-06,83
1989-08-07,68,1989-08-07,68
1989-08-08,72,1989-08-08,72
1989-08-09,78,1989-08-09,78
1989-08-10,80,1989-08-10,80
1989-08-11,81,1989-08-11,81
1989-08-12,81,1989-08-12,81
1989-08-13,81,1989-08-13,81
1989-08-14,83,1989-08-14,83
1989-08-15,84,1989-08-15,84
1989-08-16,81,1989-08-16,81
1989-08-17,76,1989-08-17,76
1989-08-18,70,1989-08-18,70
1989-08-19,77,1989-08-19,77
1989-08-20,75,1989-08-20,75
1989-08-21,83,1989-08-21,83
1989-08-22,76,1989-08-22,76
1989-08-23,82,1989-08-23,82
1989-08-24,72,1989-08-24,72
1989-08-25,83,1989-08-25,83
1989-08-26,85,1989-08-26,85
1989-08-27,87,1989-08-27,87
1989-08-28,86,1989-08-28,86
1989-08-29,86,1989-08-29,86
1989-08-30,84,1989-08-30,84
1989-08-31,86,1989-08-31,86
1989-09-01,76,1989-09-01,76
1989-09-02,75,1989-09-02,75
1989-09-03,75,1989-09-03,75
1989-09-04,78,1989-09-04,78
1989-09-05,83,1989-09-05,83
1989-09-06,83,1989-09-06,83
1989-09-07,84,1989-09-07,84
1989-09-08,86,1989-09-08,86
1989-09-09,87,1989-09-09,87
1989-09-10,74,1989-09-10,74
1989-09-11,78,1989-09-11,78
1989-09-12,79,1989-09-12,79
1989-09-13,82,1989-09-13,82
1989-09-14,66,1989-09-14,66
1989-09-15,66,1989-09-15,66
1989-09-16,68,1989-09-16,68
1989-09-17,74,1989-09-17,74
1989-09-18,75,1989-09-18,75
1989-09-19,75,1989-09-19,75
1989-09-20,80,1989-09-20,80
1989-09-21,84,1989-09-21,84
1989-09-22,75,1989-09-22,75
1989-09-23,66,1989-09-23,66
1989-09-24,61,1989-09-24,61
1989-09-25,66,1989-09-25,66
1989-09-26,64,1989-09-26,64
1989-09-27,62,1989-09-27,62
1989-09-28,71,1989-09-28,71
1989-09-29,74,1989-09-29,74
1989-09-30,72,1989-09-30,72
1989-10-01,64,1989-10-01,64
1989-10-02,79,1989-10-02,79
1989-10-03,63,1989-10-03,63
1989-10-04,59,1989-10-04,59
1989-10-05,66,1989-10-05,66
1989-10-06,64,1989-10-06,64
1989-10-07,58,1989-10-07,58
1989-10-08,55,1989-10-08,55
1989-10-09,57,1989-10-09,57
1989-10-10,61,1989-10-10,61
1989-10-11,68,1989-10-11,68
1989-10-12,76,1989-10-12,76
1989-10-13,81,1989-10-13,81
1989-10-14,85,1989-10-14,85
1989-10-15,80,1989-10-15,80
1989-10-16,75,1989-10-16,75
1989-10-17,65,1989-10-17,65
1989-10-18,47,1989-10-18,47
1989-10-19,42,1989-10-19,42
1989-10-20,39,1989-10-20,39
1989-10-21,47,1989-10-21,47
1989-10-22,60,1989-10-22,60
1989-10-23,70,1989-10-23,70
1989-10-24,73,1989-10-24,73
1989-10-25,75,1989-10-25,75
1989-10-26,76,1989-10-26,76
1989-10-27,78,1989-10-27,78
1989-10-28,77,1989-10-28,77
1989-10-29,76,1989-10-29,76
1989-10-30,74,1989-10-30,74
1989-10-31,61,1989-10-31,61
1989-11-01,55,1989-11-01,55
1989-11-02,56,1989-11-02,56
1989-11-03,46,1989-11-03,46
1989-11-04,49,1989-11-04,49
1989-11-05,67,1989-11-05,67
1989-11-06,65,1989-11-06,65
1989-11-07,63,1989-11-07,63
1989-11-08,58,1989-11-08,58
1989-11-09,51,1989-11-09,51
1989-11-10,46,1989-11-10,46
1989-11-11,63,1989-11-11,63
1989-11-12,56,1989-11-12,56
1989-11-13,71,1989-11-13,71
1989-11-14,65,1989-11-14,65
1989-11-15,68,1989-11-15,68
1989-11-16,48,1989-11-16,48
1989-11-17,35,1989-11-17,35
1989-11-18,35,1989-11-18,35
1989-11-19,47,1989-11-19,47
1989-11-20,61,1989-11-20,61
1989-11-21,39,1989-11-21,39
1989-11-22,32,1989-11-22,32
1989-11-23,33,1989-11-23,33
1989-11-24,41,1989-11-24,41
1989-11-25,51,1989-11-25,51
1989-11-26,53,1989-11-26,53
1989-11-27,65,1989-11-27,65
1989-11-28,64,1989-11-28,64
1989-11-29,30,1989-11-29,30
1989-11-30,41,1989-11-30,41
1989-12-01,47,1989-12-01,47
1989-12-02,43,1989-12-02,43
1989-12-03,26,1989-12-03,26
1989-12-04,36,1989-12-04,36
1989-12-05,43,1989-12-05,43
1989-12-06,45,1989-12-06,45
1989-12-07,31,1989-12-07,31
1989-12-08,30,1989-12-08,30
1989-12-09,34,1989-12-09,34
1989-12-10,31,1989-12-10,31
1989-12-11,34,1989-12-11,34
1989-12-12,30,1989-12-12,30
1989-12-13,25,1989-12-13,25
1989-12-14,24,1989-12-14,24
1989-12-15,17,1989-12-15,17
1989-12-16,8,1989-12-16,8
1989-12-17,9,1989-12-17,9
1989-12-18,19,1989-12-18,19
1989-12-19,23,1989-12-19,23
1989-12-20,18,1989-12-20,18
1989-12-21,11,1989-12-21,11
1989-12-22,4,1989-12-22,4
1989-12-23,16,1989-12-23,16
1989-12-24,15,1989-12-24,15
1989-12-25,24,1989-12-25,24
1989-12-26,29,1989-12-26,29
1989-12-27,29,1989-12-27,29
1989-12-28,32,1989-12-28,32
1989-12-29,39,1989-12-29,39
1989-12-30,46,1989-12-30,46
1989-12-31,50,1989-12-31,50
1990-01-01,33,1990-01-01,33
1990-01-02,40,1990-01-02,40
1990-01-03,46,1990-01-03,46
1990-01-04,56,1990-01-04,56
1990-01-05,39,1990-01-05,39
1990-01-06,42,1990-01-06,42
1990-01-07,46,1990-01-07,46
1990-01-08,46,1990-01-08,46
1990-01-09,49,1990-01-09,49
1990-01-10,40,1990-01-10,40
1990-01-11,47,1990-01-11,47
1990-01-12,35,1990-01-12,35
1990-01-13,33,1990-01-13,33
1990-01-14,41,1990-01-14,41
1990-01-15,52,1990-01-15,52
1990-01-16,57,1990-01-16,57
1990-01-17,58,1990-01-17,58
1990-01-18,58,1990-01-18,58
1990-01-19,36,1990-01-19,36
1990-01-20,47,1990-01-20,47
1990-01-21,47,1990-01-21,47
1990-01-22,44,1990-01-22,44
1990-01-23,51,1990-01-23,51
1990-01-24,56,1990-01-24,56
1990-01-25,56,1990-01-25,56
1990-01-26,37,1990-01-26,37
1990-01-27,55,1990-01-27,55
1990-01-28,47,1990-01-28,47
1990-01-29,35,1990-01-29,35
1990-01-30,41,1990-01-30,41
1990-01-31,49,1990-01-31,49
1990-02-01,46,1990-02-01,46
1990-02-02,57,1990-02-02,57
1990-02-03,44,1990-02-03,44
1990-02-04,40,1990-02-04,40
1990-02-05,40,1990-02-05,40
1990-02-06,50,1990-02-06,50
1990-02-07,48,1990-02-07,48
1990-02-08,60,1990-02-08,60
1990-02-09,56,1990-02-09,56
1990-02-10,44,1990-02-10,44
1990-02-11,43,1990-02-11,43
1990-02-12,45,1990-02-12,45
1990-02-13,66,1990-02-13,66
1990-02-14,56,1990-02-14,56
1990-02-15,60,1990-02-15,60
1990-02-16,63,1990-02-16,63
1990-02-17,34,1990-02-17,34
1990-02-18,47,1990-02-18,47
1990-02-19,46,1990-02-19,46
1990-02-20,39,1990-02-20,39
1990-02-21,54,1990-02-21,54
1990-02-22,67,1990-02-22,67
1990-02-23,54,1990-02-23,54
1990-02-24,32,1990-02-24,32
1990-02-25,19,1990-02-25,19
1990-02-26,32,1990-02-26,32
1990-02-27,46,1990-02-27,46
1990-02-28,36,1990-02-28,36
1990-03-01,44,1990-03-01,44
1990-03-02,51,1990-03-02,51
1990-03-03,41,1990-03-03,41
1990-03-04,40,1990-03-04,40
1990-03-05,55,1990-03-05,55
1990-03-06,43,1990-03-06,43
1990-03-07,49,1990-03-07,49
1990-03-08,53,1990-03-08,53
1990-03-09,64,1990-03-09,64
1990-03-10,66,1990-03-10,66
1990-03-11,76,1990-03-11,76
1990-03-12,75,1990-03-12,75
1990-03-13,78,1990-03-13,78
1990-03-14,78,1990-03-14,78
1990-03-15,79,1990-03-15,79
1990-03-16,58,1990-03-16,58
1990-03-17,55,1990-03-17,55
1990-03-18,50,1990-03-18,50
1990-03-19,44,1990-03-19,44
1990-03-20,40,1990-03-20,40
1990-03-21,53,1990-03-21,53
1990-03-22,63,1990-03-22,63
1990-03-23,48,1990-03-23,48
1990-03-24,41,1990-03-24,41
1990-03-25,47,1990-03-25,47
1990-03-26,50,1990-03-26,50
1990-03-27,49,1990-03-27,49
1990-03-28,52,1990-03-28,52
1990-03-29,53,1990-03-29,53
1990-03-30,67,1990-03-30,67
1990-03-31,61,1990-03-31,61
1990-04-01,58,1990-04-01,58
1990-04-02,51,1990-04-02,51
1990-04-03,38,1990-04-03,38
1990-04-04,54,1990-04-04,54
1990-04-05,57,1990-04-05,57
1990-04-06,50,1990-04-06,50
1990-04-07,42,1990-04-07,42
1990-04-08,56,1990-04-08,56
1990-04-09,66,1990-04-09,66
1990-04-10,60,1990-04-10,60
1990-04-11,49,1990-04-11,49
1990-04-12,43,1990-04-12,43
1990-04-13,54,1990-04-13,54
1990-04-14,50,1990-04-14,50
1990-04-15,59,1990-04-15,59
1990-04-16,64,1990-04-16,64
1990-04-17,56,1990-04-17,56
1990-04-18,53,1990-04-18,53
1990-04-19,64,1990-04-19,64
1990-04-20,65,1990-04-20,65
1990-04-21,69,1990-04-21,69
1990-04-22,73,1990-04-22,73
1990-04-23,76,1990-04-23,76
1990-04-24,84,1990-04-24,84
1990-04-25,86,1990-04-25,86
1990-04-26,86,1990-04-26,86
1990-04-27,88,1990-04-27,88
1990-04-28,79,1990-04-28,79
1990-04-29,69,1990-04-29,69
1990-04-30,79,1990-04-30,79
1990-05-01,65,1990-05-01,65
1990-05-02,61,1990-05-02,61
1990-05-03,59,1990-05-03,59
1990-05-04,66,1990-05-04,66
1990-05-05,59,1990-05-05,59
1990-05-06,65,1990-05-06,65
1990-05-07,71,1990-05-07,71
1990-05-08,76,1990-05-08,76
1990-05-09,78,1990-05-09,78
1990-05-10,66,1990-05-10,66
1990-05-11,63,1990-05-11,63
1990-05-12,60,1990-05-12,60
1990-05-13,61,1990-05-13,61
1990-05-14,72,1990-05-14,72
1990-05-15,71,1990-05-15,71
1990-05-16,73,1990-05-16,73
1990-05-17,69,1990-05-17,69
1990-05-18,72,1990-05-18,72
1990-05-19,79,1990-05-19,79
1990-05-20,76,1990-05-20,76
1990-05-21,61,1990-05-21,61
1990-05-22,67,1990-05-22,67
1990-05-23,69,1990-05-23,69
1990-05-24,73,1990-05-24,73
1990-05-25,65,1990-05-25,65
1990-05-26,66,1990-05-26,66
1990-05-27,75,1990-05-27,75
1990-05-28,63,1990-05-28,63
1990-05-29,68,1990-05-29,68
1990-05-30,68,1990-05-30,68
1990-05-31,73,1990-05-31,73
1990-06-01,83,1990-06-01,83
1990-06-02,77,1990-06-02,77
1990-06-03,81,1990-06-03,81
1990-06-04,57,1990-06-04,57
1990-06-05,69,1990-06-05,69
1990-06-06,80,1990-06-06,80
1990-06-07,78,1990-06-07,78
1990-06-08,86,1990-06-08,86
1990-06-09,84,1990-06-09,84
1990-06-10,74,1990-06-10,74
1990-06-11,78,1990-06-11,78
1990-06-12,76,1990-06-12,76
1990-06-13,87,1990-06-13,87
1990-06-14,88,1990-06-14,88
1990-06-15,87,1990-06-15,87
1990-06-16,89,1990-06-16,89
1990-06-17,90,1990-06-17,90
1990-06-18,87,1990-06-18,87
1990-06-19,77,1990-06-19,77
1990-06-20,72,1990-06-20,72
1990-06-21,86,1990-06-21,86
1990-06-22,79,1990-06-22,79
1990-06-23,67,1990-06-23,67
1990-06-24,75,1990-06-24,75
1990-06-25,82,1990-06-25,82
1990-06-26,84,1990-06-26,84
1990-06-27,88,1990-06-27,88
1990-06-28,89,1990-06-28,89
1990-06-29,86,1990-06-29,86
1990-06-30,91,1990-06-30,91
1990-07-01,83,1990-07-01,83
1990-07-02,84,1990-07-02,84
1990-07-03,89,1990-07-03,89
1990-07-04,95,1990-07-04,95
1990-07-05,95,1990-07-05,95
1990-07-06,75,1990-07-06,75
1990-07-07,81,1990-07-07,81
1990-07-08,92,1990-07-08,92
1990-07-09,96,1990-07-09,96
1990-07-10,91,1990-07-10,91
1990-07-11,77,1990-07-11,77
1990-07-12,72,1990-07-12,72
1990-07-13,69,1990-07-13,69
1990-07-14,77,1990-07-14,77
1990-07-15,75,1990-07-15,75
1990-07-16,83,1990-07-16,83
1990-07-17,86,1990-07-17,86
1990-07-18,87,1990-07-18,87
1990-07-19,89,1990-07-19,89
1990-07-20,86,1990-07-20,86
1990-07-21,80,1990-07-21,80
1990-07-22,79,1990-07-22,79
1990-07-23,79,1990-07-23,79
1990-07-24,82,1990-07-24,82
1990-07-25,85,1990-07-25,85
1990-07-26,83,1990-07-26,83
1990-07-27,85,1990-07-27,85
1990-07-28,87,1990-07-28,87
1990-07-29,89,1990-07-29,89
1990-07-30,85,1990-07-30,85
1990-07-31,78,1990-07-31,78
1990-08-01,78,1990-08-01,78
1990-08-02,81,1990-08-02,81
1990-08-03,84,1990-08-03,84
1990-08-04,83,1990-08-04,83
1990-08-05,81,1990-08-05,81
1990-08-06,73,1990-08-06,73
1990-08-07,76,1990-08-07,76
1990-08-08,78,1990-08-08,78
1990-08-09,81,1990-08-09,81
1990-08-10,85,1990-08-10,85
1990-08-11,84,1990-08-11,84
1990-08-12,85,1990-08-12,85
1990-08-13,78,1990-08-13,78
1990-08-14,82,1990-08-14,82
1990-08-15,82,1990-08-15,82
1990-08-16,87,1990-08-16,87
1990-08-17,85,1990-08-17,85
1990-08-18,87,1990-08-18,87
1990-08-19,92,1990-08-19,92
1990-08-20,86,1990-08-20,86
1990-08-21,81,1990-08-21,81
1990-08-22,73,1990-08-22,73
1990-08-23,81,1990-08-23,81
1990-08-24,79,1990-08-24,79
1990-08-25,87,1990-08-25,87
1990-08-26,90,1990-08-26,90
1990-08-27,91,1990-08-27,91
1990-08-28,91,1990-08-28,91
1990-08-29,86,1990-08-29,86
1990-08-30,83,1990-08-30,83
1990-08-31,84,1990-08-31,84
1990-09-01,87,1990-09-01,87
1990-09-02,86,1990-09-02,86
1990-09-03,83,1990-09-03,83
1990-09-04,85,1990-09-04,85
1990-09-05,92,1990-09-05,92
1990-09-06,93,1990-09-06,93
1990-09-07,81,1990-09-07,81
1990-09-08,79,1990-09-08,79
1990-09-09,78,1990-09-09,78
1990-09-10,84,1990-09-10,84
1990-09-11,84,1990-09-11,84
1990-09-12,77,1990-09-12,77
1990-09-13,82,1990-09-13,82
1990-09-14,80,1990-09-14,80
1990-09-15,71,1990-09-15,71
1990-09-16,66,1990-09-16,66
1990-09-17,65,1990-09-17,65
1990-09-18,63,1990-09-18,63
1990-09-19,68,1990-09-19,68
1990-09-20,72,1990-09-20,72
1990-09-21,72,1990-09-21,72
1990-09-22,70,1990-09-22,70
1990-09-23,59,1990-09-23,59
1990-09-24,64,1990-09-24,64
1990-09-25,71,1990-09-25,71
1990-09-26,80,1990-09-26,80
1990-09-27,81,1990-09-27,81
1990-09-28,81,1990-09-28,81
1990-09-29,75,1990-09-29,75
1990-09-30,69,1990-09-30,69
1990-10-01,69,1990-10-01,69
1990-10-02,71,1990-10-02,71
1990-10-03,79,1990-10-03,79
1990-10-04,73,1990-10-04,73
1990-10-05,79,1990-10-05,79
1990-10-06,82,1990-10-06,82
1990-10-07,78,1990-10-07,78
1990-10-08,73,1990-10-08,73
1990-10-09,71,1990-10-09,71
1990-10-10,74,1990-10-10,74
1990-10-11,57,1990-10-11,57
1990-10-12,56,1990-10-12,56
1990-10-13,57,1990-10-13,57
1990-10-14,68,1990-10-14,68
1990-10-15,66,1990-10-15,66
1990-10-16,68,1990-10-16,68
1990-10-17,79,1990-10-17,79
1990-10-18,69,1990-10-18,69
1990-10-19,53,1990-10-19,53
1990-10-20,63,1990-10-20,63
1990-10-21,72,1990-10-21,72
1990-10-22,59,1990-10-22,59
1990-10-23,61,1990-10-23,61
1990-10-24,61,1990-10-24,61
1990-10-25,51,1990-10-25,51
1990-10-26,50,1990-10-26,50
1990-10-27,61,1990-10-27,61
1990-10-28,51,1990-10-28,51
1990-10-29,53,1990-10-29,53
1990-10-30,70,1990-10-30,70
1990-10-31,73,1990-10-31,73
1990-11-01,74,1990-11-01,74
1990-11-02,72,1990-11-02,72
1990-11-03,72,1990-11-03,72
1990-11-04,74,1990-11-04,74
1990-11-05,64,1990-11-05,64
1990-11-06,46,1990-11-06,46
1990-11-07,47,1990-11-07,47
1990-11-08,46,1990-11-08,46
1990-11-09,48,1990-11-09,48
1990-11-10,48,1990-11-10,48
1990-11-11,49,1990-11-11,49
1990-11-12,49,1990-11-12,49
1990-11-13,46,1990-11-13,46
1990-11-14,56,1990-11-14,56
1990-11-15,69,1990-11-15,69
1990-11-16,65,1990-11-16,65
1990-11-17,49,1990-11-17,49
1990-11-18,47,1990-11-18,47
1990-11-19,47,1990-11-19,47
1990-11-20,57,1990-11-20,57
1990-11-21,65,1990-11-21,65
1990-11-22,57,1990-11-22,57
1990-11-23,53,1990-11-23,53
1990-11-24,51,1990-11-24,51
1990-11-25,62,1990-11-25,62
1990-11-26,69,1990-11-26,69
1990-11-27,75,1990-11-27,75
1990-11-28,67,1990-11-28,67
1990-11-29,43,1990-11-29,43
1990-11-30,43,1990-11-30,43
1990-12-01,52,1990-12-01,52
1990-12-02,47,1990-12-02,47
1990-12-03,60,1990-12-03,60
1990-12-04,39,1990-12-04,39
1990-12-05,36,1990-12-05,36
1990-12-06,44,1990-12-06,44
1990-12-07,41,1990-12-07,41
1990-12-08,46,1990-12-08,46
1990-12-09,49,1990-12-09,49
1990-12-10,51,1990-12-10,51
1990-12-11,53,1990-12-11,53
1990-12-12,57,1990-12-12,57
1990-12-13,53,1990-12-13,53
1990-12-14,40,1990-12-14,40
1990-12-15,57,1990-12-15,57
1990-12-16,40,1990-12-16,40
1990-12-17,50,1990-12-17,50
1990-12-18,57,1990-12-18,57
1990-12-19,42,1990-12-19,42
1990-12-20,49,1990-12-20,49
1990-12-21,61,1990-12-21,61
1990-12-22,58,1990-12-22,58
1990-12-23,38,1990-12-23,38
1990-12-24,23,1990-12-24,23
1990-12-25,27,1990-12-25,27
1990-12-26,25,1990-12-26,25
1990-12-27,29,1990-12-27,29
1990-12-28,40,1990-12-28,40
1990-12-29,62,1990-12-29,62
1990-12-30,62,1990-12-30,62
1990-12-31,32,1990-12-31,32
1991-01-01,37,1991-01-01,37
1991-01-02,44,1991-01-02,44
1991-01-03,30,1991-01-03,30
1991-01-04,31,1991-01-04,31
1991-01-05,39,1991-01-05,39
1991-01-06,38,1991-01-06,38
1991-01-07,36,1991-01-07,36
1991-01-08,34,1991-01-08,34
1991-01-09,37,1991-01-09,37
1991-01-10,34,1991-01-10,34
1991-01-11,47,1991-01-11,47
1991-01-12,43,1991-01-12,43
1991-01-13,34,1991-01-13,34
1991-01-14,45,1991-01-14,45
1991-01-15,51,1991-01-15,51
1991-01-16,51,1991-01-16,51
1991-01-17,36,1991-01-17,36
1991-01-18,39,1991-01-18,39
1991-01-19,47,1991-01-19,47
1991-01-20,43,1991-01-20,43
1991-01-21,32,1991-01-21,32
1991-01-22,19,1991-01-22,19
1991-01-23,36,1991-01-23,36
1991-01-24,27,1991-01-24,27
1991-01-25,23,1991-01-25,23
1991-01-26,26,1991-01-26,26
1991-01-27,36,1991-01-27,36
1991-01-28,39,1991-01-28,39
1991-01-29,44,1991-01-29,44
1991-01-30,39,1991-01-30,39
1991-01-31,26,1991-01-31,26
1991-02-01,45,1991-02-01,45
1991-02-02,51,1991-02-02,51
1991-02-03,57,1991-02-03,57
1991-02-04,61,1991-02-04,61
1991-02-05,57,1991-02-05,57
1991-02-06,50,1991-02-06,50
1991-02-07,42,1991-02-07,42
1991-02-08,40,1991-02-08,40
1991-02-09,38,1991-02-09,38
1991-02-10,44,1991-02-10,44
1991-02-11,35,1991-02-11,35
1991-02-12,36,1991-02-12,36
1991-02-13,46,1991-02-13,46
1991-02-14,43,1991-02-14,43
1991-02-15,23,1991-02-15,23
1991-02-16,28,1991-02-16,28
1991-02-17,37,1991-02-17,37
1991-02-18,52,1991-02-18,52
1991-02-19,55,1991-02-19,55
1991-02-20,42,1991-02-20,42
1991-02-21,56,1991-02-21,56
1991-02-22,48,1991-02-22,48
1991-02-23,36,1991-02-23,36
1991-02-24,50,1991-02-24,50
1991-02-25,35,1991-02-25,35
1991-02-26,33,1991-02-26,33
1991-02-27,34,1991-02-27,34
1991-02-28,57,1991-02-28,57
1991-03-01,63,1991-03-01,63
1991-03-02,65,1991-03-02,65
1991-03-03,48,1991-03-03,48
1991-03-04,45,1991-03-04,45
1991-03-05,53,1991-03-05,53
1991-03-06,52,1991-03-06,52
1991-03-07,38,1991-03-07,38
1991-03-08,41,1991-03-08,41
1991-03-09,49,1991-03-09,49
1991-03-10,40,1991-03-10,40
1991-03-11,45,1991-03-11,45
1991-03-12,36,1991-03-12,36
1991-03-13,36,1991-03-13,36
1991-03-14,48,1991-03-14,48
1991-03-15,49,1991-03-15,49
1991-03-16,54,1991-03-16,54
1991-03-17,62,1991-03-17,62
1991-03-18,52,1991-03-18,52
1991-03-19,51,1991-03-19,51
1991-03-20,61,1991-03-20,61
1991-03-21,72,1991-03-21,72
1991-03-22,68,1991-03-22,68
1991-03-23,67,1991-03-23,67
1991-03-24,56,1991-03-24,56
1991-03-25,62,1991-03-25,62
1991-03-26,56,1991-03-26,56
1991-03-27,72,1991-03-27,72
1991-03-28,64,1991-03-28,64
1991-03-29,50,1991-03-29,50
1991-03-30,42,1991-03-30,42
1991-03-31,50,1991-03-31,50
1991-04-01,50,1991-04-01,50
1991-04-02,51,1991-04-02,51
1991-04-03,65,1991-04-03,65
1991-04-04,72,1991-04-04,72
1991-04-05,70,1991-04-05,70
1991-04-06,78,1991-04-06,78
1991-04-07,81,1991-04-07,81
1991-04-08,75,1991-04-08,75
1991-04-09,79,1991-04-09,79
1991-04-10,50,1991-04-10,50
1991-04-11,58,1991-04-11,58
1991-04-12,59,1991-04-12,59
1991-04-13,62,1991-04-13,62
1991-04-14,73,1991-04-14,73
1991-04-15,66,1991-04-15,66
1991-04-16,75,1991-04-16,75
1991-04-17,68,1991-04-17,68
1991-04-18,65,1991-04-18,65
1991-04-19,61,1991-04-19,61
1991-04-20,49,1991-04-20,49
1991-04-21,42,1991-04-21,42
1991-04-22,59,1991-04-22,59
1991-04-23,64,1991-04-23,64
1991-04-24,59,1991-04-24,59
1991-04-25,68,1991-04-25,68
1991-04-26,78,1991-04-26,78
1991-04-27,77,1991-04-27,77
1991-04-28,77,1991-04-28,77
1991-04-29,83,1991-04-29,83
1991-04-30,75,1991-04-30,75
1991-05-01,72,1991-05-01,72
1991-05-02,71,1991-05-02,71
1991-05-03,68,1991-05-03,68
1991-05-04,66,1991-05-04,66
1991-05-05,76,1991-05-05,76
1991-05-06,66,1991-05-06,66
1991-05-07,69,1991-05-07,69
1991-05-08,76,1991-05-08,76
1991-05-09,73,1991-05-09,73
1991-05-10,80,1991-05-10,80
1991-05-11,85,1991-05-11,85
1991-05-12,87,1991-05-12,87
1991-05-13,87,1991-05-13,87
1991-05-14,91,1991-05-14,91
1991-05-15,92,1991-05-15,92
1991-05-16,89,1991-05-16,89
1991-05-17,87,1991-05-17,87
1991-05-18,73,1991-05-18,73
1991-05-19,80,1991-05-19,80
1991-05-20,79,1991-05-20,79
1991-05-21,84,1991-05-21,84
1991-05-22,88,1991-05-22,88
1991-05-23,89,1991-05-23,89
1991-05-24,88,1991-05-24,88
1991-05-25,92,1991-05-25,92
1991-05-26,85,1991-05-26,85
1991-05-27,81,1991-05-27,81
1991-05-28,90,1991-05-28,90
1991-05-29,92,1991-05-29,92
1991-05-30,89,1991-05-30,89
1991-05-31,90,1991-05-31,90
1991-06-01,91,1991-06-01,91
1991-06-02,90,1991-06-02,90
1991-06-03,85,1991-06-03,85
1991-06-04,75,1991-06-04,75
1991-06-05,75,1991-06-05,75
1991-06-06,78,1991-06-06,78
1991-06-07,81,1991-06-07,81
1991-06-08,82,1991-06-08,82
1991-06-09,87,1991-06-09,87
1991-06-10,85,1991-06-10,85
1991-06-11,85,1991-06-11,85
1991-06-12,86,1991-06-12,86
1991-06-13,86,1991-06-13,86
1991-06-14,90,1991-06-14,90
1991-06-15,89,1991-06-15,89
1991-06-16,87,1991-06-16,87
1991-06-17,87,1991-06-17,87
1991-06-18,91,1991-06-18,91
1991-06-19,90,1991-06-19,90
1991-06-20,92,1991-06-20,92
1991-06-21,92,1991-06-21,92
1991-06-22,77,1991-06-22,77
1991-06-23,81,1991-06-23,81
1991-06-24,85,1991-06-24,85
1991-06-25,87,1991-06-25,87
1991-06-26,87,1991-06-26,87
1991-06-27,88,1991-06-27,88
1991-06-28,90,1991-06-28,90
1991-06-29,90,1991-06-29,90
1991-06-30,95,1991-06-30,95
1991-07-01,94,1991-07-01,94
1991-07-02,91,1991-07-02,91
1991-07-03,88,1991-07-03,88
1991-07-04,87,1991-07-04,87
1991-07-05,88,1991-07-05,88
1991-07-06,91,1991-07-06,91
1991-07-07,94,1991-07-07,94
1991-07-08,84,1991-07-08,84
1991-07-09,80,1991-07-09,80
1991-07-10,82,1991-07-10,82
1991-07-11,88,1991-07-11,88
1991-07-12,81,1991-07-12,81
1991-07-13,88,1991-07-13,88
1991-07-14,86,1991-07-14,86
1991-07-15,86,1991-07-15,86
1991-07-16,90,1991-07-16,90
1991-07-17,92,1991-07-17,92
1991-07-18,94,1991-07-18,94
1991-07-19,95,1991-07-19,95
1991-07-20,96,1991-07-20,96
1991-07-21,95,1991-07-21,95
1991-07-22,97,1991-07-22,97
1991-07-23,94,1991-07-23,94
1991-07-24,87,1991-07-24,87
1991-07-25,88,1991-07-25,88
1991-07-26,86,1991-07-26,86
1991-07-27,84,1991-07-27,84
1991-07-28,83,1991-07-28,83
1991-07-29,82,1991-07-29,82
1991-07-30,82,1991-07-30,82
1991-07-31,88,1991-07-31,88
1991-08-01,96,1991-08-01,96
1991-08-02,99,1991-08-02,99
1991-08-03,88,1991-08-03,88
1991-08-04,87,1991-08-04,87
1991-08-05,83,1991-08-05,83
1991-08-06,73,1991-08-06,73
1991-08-07,90,1991-08-07,90
1991-08-08,88,1991-08-08,88
1991-08-09,73,1991-08-09,73
1991-08-10,84,1991-08-10,84
1991-08-11,86,1991-08-11,86
1991-08-12,89,1991-08-12,89
1991-08-13,83,1991-08-13,83
1991-08-14,81,1991-08-14,81
1991-08-15,90,1991-08-15,90
1991-08-16,93,1991-08-16,93
1991-08-17,87,1991-08-17,87
1991-08-18,89,1991-08-18,89
1991-08-19,77,1991-08-19,77
1991-08-20,78,1991-08-20,78
1991-08-21,80,1991-08-21,80
1991-08-22,86,1991-08-22,86
1991-08-23,89,1991-08-23,89
1991-08-24,90,1991-08-24,90
1991-08-25,89,1991-08-25,89
1991-08-26,87,1991-08-26,87
1991-08-27,87,1991-08-27,87
1991-08-28,91,1991-08-28,91
1991-08-29,93,1991-08-29,93
1991-08-30,93,1991-08-30,93
1991-08-31,89,1991-08-31,89
1991-09-01,83,1991-09-01,83
1991-09-02,87,1991-09-02,87
1991-09-03,87,1991-09-03,87
1991-09-04,76,1991-09-04,76
1991-09-05,80,1991-09-05,80
1991-09-06,84,1991-09-06,84
1991-09-07,86,1991-09-07,86
1991-09-08,88,1991-09-08,88
1991-09-09,86,1991-09-09,86
1991-09-10,88,1991-09-10,88
1991-09-11,81,1991-09-11,81
1991-09-12,75,1991-09-12,75
1991-09-13,92,1991-09-13,92
1991-09-14,87,1991-09-14,87
1991-09-15,92,1991-09-15,92
1991-09-16,93,1991-09-16,93
1991-09-17,82,1991-09-17,82
1991-09-18,78,1991-09-18,78
1991-09-19,66,1991-09-19,66
1991-09-20,63,1991-09-20,63
1991-09-21,67,1991-09-21,67
1991-09-22,75,1991-09-22,75
1991-09-23,71,1991-09-23,71
1991-09-24,63,1991-09-24,63
1991-09-25,67,1991-09-25,67
1991-09-26,64,1991-09-26,64
1991-09-27,64,1991-09-27,64
1991-09-28,62,1991-09-28,62
1991-09-29,74,1991-09-29,74
1991-09-30,84,1991-09-30,84
1991-10-01,82,1991-10-01,82
1991-10-02,81,1991-10-02,81
1991-10-03,76,1991-10-03,76
1991-10-04,83,1991-10-04,83
1991-10-05,71,1991-10-05,71
1991-10-06,53,1991-10-06,53
1991-10-07,57,1991-10-07,57
1991-10-08,67,1991-10-08,67
1991-10-09,74,1991-10-09,74
1991-10-10,60,1991-10-10,60
1991-10-11,56,1991-10-11,56
1991-10-12,60,1991-10-12,60
1991-10-13,57,1991-10-13,57
1991-10-14,65,1991-10-14,65
1991-10-15,57,1991-10-15,57
1991-10-16,55,1991-10-16,55
1991-10-17,64,1991-10-17,64
1991-10-18,72,1991-10-18,72
1991-10-19,61,1991-10-19,61
1991-10-20,53,1991-10-20,53
1991-10-21,64,1991-10-21,64
1991-10-22,74,1991-10-22,74
1991-10-23,72,1991-10-23,72
1991-10-24,76,1991-10-24,76
1991-10-25,77,1991-10-25,77
1991-10-26,77,1991-10-26,77
1991-10-27,67,1991-10-27,67
1991-10-28,64,1991-10-28,64
1991-10-29,71,1991-10-29,71
1991-10-30,69,1991-10-30,69
1991-10-31,67,1991-10-31,67
1991-11-01,64,1991-11-01,64
1991-11-02,45,1991-11-02,45
1991-11-03,35,1991-11-03,35
1991-11-04,27,1991-11-04,27
1991-11-05,36,1991-11-05,36
1991-11-06,44,1991-11-06,44
1991-11-07,36,1991-11-07,36
1991-11-08,37,1991-11-08,37
1991-11-09,42,1991-11-09,42
1991-11-10,51,1991-11-10,51
1991-11-11,50,1991-11-11,50
1991-11-12,38,1991-11-12,38
1991-11-13,49,1991-11-13,49
1991-11-14,60,1991-11-14,60
1991-11-15,63,1991-11-15,63
1991-11-16,54,1991-11-16,54
1991-11-17,53,1991-11-17,53
1991-11-18,68,1991-11-18,68
1991-11-19,67,1991-11-19,67
1991-11-20,67,1991-11-20,67
1991-11-21,55,1991-11-21,55
1991-11-22,55,1991-11-22,55
1991-11-23,58,1991-11-23,58
1991-11-24,36,1991-11-24,36
1991-11-25,30,1991-11-25,30
1991-11-26,36,1991-11-26,36
1991-11-27,44,1991-11-27,44
1991-11-28,53,1991-11-28,53
1991-11-29,68,1991-11-29,68
1991-11-30,65,1991-11-30,65
1991-12-01,43,1991-12-01,43
1991-12-02,44,1991-12-02,44
1991-12-03,54,1991-12-03,54
1991-12-04,32,1991-12-04,32
1991-12-05,39,1991-12-05,39
1991-12-06,41,1991-12-06,41
1991-12-07,57,1991-12-07,57
1991-12-08,63,1991-12-08,63
1991-12-09,60,1991-12-09,60
1991-12-10,42,1991-12-10,42
1991-12-11,52,1991-12-11,52
1991-12-12,61,1991-12-12,61
1991-12-13,61,1991-12-13,61
1991-12-14,50,1991-12-14,50
1991-12-15,34,1991-12-15,34
1991-12-16,33,1991-12-16,33
1991-12-17,46,1991-12-17,46
1991-12-18,32,1991-12-18,32
1991-12-19,32,1991-12-19,32
1991-12-20,41,1991-12-20,41
1991-12-21,42,1991-12-21,42
1991-12-22,42,1991-12-22,42
1991-12-23,48,1991-12-23,48
1991-12-24,39,1991-12-24,39
1991-12-25,34,1991-12-25,34
1991-12-26,41,1991-12-26,41
1991-12-27,46,1991-12-27,46
1991-12-28,43,1991-12-28,43
1991-12-29,39,1991-12-29,39
1991-12-30,38,1991-12-30,38
1991-12-31,36,1991-12-31,36
1992-01-01,42,1992-01-01,42
1992-01-02,48,1992-01-02,48
1992-01-03,55,1992-01-03,55
1992-01-04,46,1992-01-04,46
1992-01-05,39,1992-01-05,39
1992-01-06,37,1992-01-06,37
1992-01-07,38,1992-01-07,38
1992-01-08,43,1992-01-08,43
1992-01-09,50,1992-01-09,50
1992-01-10,39,1992-01-10,39
1992-01-11,44,1992-01-11,44
1992-01-12,42,1992-01-12,42
1992-01-13,48,1992-01-13,48
1992-01-14,57,1992-01-14,57
1992-01-15,27,1992-01-15,27
1992-01-16,21,1992-01-16,21
1992-01-17,36,1992-01-17,36
1992-01-18,19,1992-01-18,19
1992-01-19,25,1992-01-19,25
1992-01-20,33,1992-01-20,33
1992-01-21,47,1992-01-21,47
1992-01-22,49,1992-01-22,49
1992-01-23,47,1992-01-23,47
1992-01-24,30,1992-01-24,30
1992-01-25,29,1992-01-25,29
1992-01-26,32,1992-01-26,32
1992-01-27,41,1992-01-27,41
1992-01-28,39,1992-01-28,39
1992-01-29,35,1992-01-29,35
1992-01-30,43,1992-01-30,43
1992-01-31,39,1992-01-31,39
1992-02-01,33,1992-02-01,33
1992-02-02,42,1992-02-02,42
1992-02-03,52,1992-02-03,52
1992-02-04,46,1992-02-04,46
1992-02-05,39,1992-02-05,39
1992-02-06,47,1992-02-06,47
1992-02-07,37,1992-02-07,37
1992-02-08,30,1992-02-08,30
1992-02-09,29,1992-02-09,29
1992-02-10,44,1992-02-10,44
1992-02-11,43,1992-02-11,43
1992-02-12,29,1992-02-12,29
1992-02-13,40,1992-02-13,40
1992-02-14,38,1992-02-14,38
1992-02-15,59,1992-02-15,59
1992-02-16,42,1992-02-16,42
1992-02-17,47,1992-02-17,47
1992-02-18,61,1992-02-18,61
1992-02-19,50,1992-02-19,50
1992-02-20,39,1992-02-20,39
1992-02-21,51,1992-02-21,51
1992-02-22,65,1992-02-22,65
1992-02-23,58,1992-02-23,58
1992-02-24,48,1992-02-24,48
1992-02-25,46,1992-02-25,46
1992-02-26,36,1992-02-26,36
1992-02-27,52,1992-02-27,52
1992-02-28,58,1992-02-28,58
1992-02-29,32,1992-02-29,32
1992-03-01,61,1992-03-01,61
1992-03-02,73,1992-03-02,73
1992-03-03,66,1992-03-03,66
1992-03-04,75,1992-03-04,75
1992-03-05,72,1992-03-05,72
1992-03-06,62,1992-03-06,62
1992-03-07,65,1992-03-07,65
1992-03-08,56,1992-03-08,56
1992-03-09,66,1992-03-09,66
1992-03-10,62,1992-03-10,62
1992-03-11,28,1992-03-11,28
1992-03-12,33,1992-03-12,33
1992-03-13,32,1992-03-13,32
1992-03-14,36,1992-03-14,36
1992-03-15,34,1992-03-15,34
1992-03-16,43,1992-03-16,43
1992-03-17,54,1992-03-17,54
1992-03-18,39,1992-03-18,39
1992-03-19,39,1992-03-19,39
1992-03-20,45,1992-03-20,45
1992-03-21,43,1992-03-21,43
1992-03-22,46,1992-03-22,46
1992-03-23,42,1992-03-23,42
1992-03-24,53,1992-03-24,53
1992-03-25,48,1992-03-25,48
1992-03-26,55,1992-03-26,55
1992-03-27,44,1992-03-27,44
1992-03-28,49,1992-03-28,49
1992-03-29,43,1992-03-29,43
1992-03-30,42,1992-03-30,42
1992-03-31,54,1992-03-31,54
1992-04-01,47,1992-04-01,47
1992-04-02,35,1992-04-02,35
1992-04-03,44,1992-04-03,44
1992-04-04,46,1992-04-04,46
1992-04-05,53,1992-04-05,53
1992-04-06,58,1992-04-06,58
1992-04-07,68,1992-04-07,68
1992-04-08,66,1992-04-08,66
1992-04-09,69,1992-04-09,69
1992-04-10,69,1992-04-10,69
1992-04-11,78,1992-04-11,78
1992-04-12,60,1992-04-12,60
1992-04-13,52,1992-04-13,52
1992-04-14,48,1992-04-14,48
1992-04-15,66,1992-04-15,66
1992-04-16,80,1992-04-16,80
1992-04-17,63,1992-04-17,63
1992-04-18,65,1992-04-18,65
1992-04-19,79,1992-04-19,79
1992-04-20,82,1992-04-20,82
1992-04-21,72,1992-04-21,72
1992-04-22,61,1992-04-22,61
1992-04-23,79,1992-04-23,79
1992-04-24,68,1992-04-24,68
1992-04-25,50,1992-04-25,50
1992-04-26,56,1992-04-26,56
1992-04-27,57,1992-04-27,57
1992-04-28,59,1992-04-28,59
1992-04-29,62,1992-04-29,62
1992-04-30,59,1992-04-30,59
1992-05-01,80,1992-05-01,80
1992-05-02,80,1992-05-02,80
1992-05-03,69,1992-05-03,69
1992-05-04,56,1992-05-04,56
1992-05-05,57,1992-05-05,57
1992-05-06,62,1992-05-06,62
1992-05-07,67,1992-05-07,67
1992-05-08,70,1992-05-08,70
1992-05-09,65,1992-05-09,65
1992-05-10,75,1992-05-10,75
1992-05-11,80,1992-05-11,80
1992-05-12,84,1992-05-12,84
1992-05-13,75,1992-05-13,75
1992-05-14,73,1992-05-14,73
1992-05-15,75,1992-05-15,75
1992-05-16,84,1992-05-16,84
1992-05-17,85,1992-05-17,85
1992-05-18,69,1992-05-18,69
1992-05-19,80,1992-05-19,80
1992-05-20,78,1992-05-20,78
1992-05-21,83,1992-05-21,83
1992-05-22,86,1992-05-22,86
1992-05-23,82,1992-05-23,82
1992-05-24,65,1992-05-24,65
1992-05-25,62,1992-05-25,62
1992-05-26,61,1992-05-26,61
1992-05-27,63,1992-05-27,63
1992-05-28,69,1992-05-28,69
1992-05-29,61,1992-05-29,61
1992-05-30,64,1992-05-30,64
1992-05-31,60,1992-05-31,60
1992-06-01,74,1992-06-01,74
1992-06-02,77,1992-06-02,77
1992-06-03,80,1992-06-03,80
1992-06-04,70,1992-06-04,70
1992-06-05,76,1992-06-05,76
1992-06-06,82,1992-06-06,82
1992-06-07,74,1992-06-07,74
1992-06-08,79,1992-06-08,79
1992-06-09,76,1992-06-09,76
1992-06-10,78,1992-06-10,78
1992-06-11,80,1992-06-11,80
1992-06-12,82,1992-06-12,82
1992-06-13,83,1992-06-13,83
1992-06-14,79,1992-06-14,79
1992-06-15,80,1992-06-15,80
1992-06-16,85,1992-06-16,85
1992-06-17,88,1992-06-17,88
1992-06-18,83,1992-06-18,83
1992-06-19,76,1992-06-19,76
1992-06-20,61,1992-06-20,61
1992-06-21,61,1992-06-21,61
1992-06-22,68,1992-06-22,68
1992-06-23,73,1992-06-23,73
1992-06-24,77,1992-06-24,77
1992-06-25,80,1992-06-25,80
1992-06-26,82,1992-06-26,82
1992-06-27,76,1992-06-27,76
1992-06-28,80,1992-06-28,80
1992-06-29,83,1992-06-29,83
1992-06-30,86,1992-06-30,86
1992-07-01,85,1992-07-01,85
1992-07-02,89,1992-07-02,89
1992-07-03,83,1992-07-03,83
1992-07-04,80,1992-07-04,80
1992-07-05,84,1992-07-05,84
1992-07-06,76,1992-07-06,76
1992-07-07,77,1992-07-07,77
1992-07-08,83,1992-07-08,83
1992-07-09,89,1992-07-09,89
1992-07-10,89,1992-07-10,89
1992-07-11,85,1992-07-11,85
1992-07-12,87,1992-07-12,87
1992-07-13,89,1992-07-13,89
1992-07-14,89,1992-07-14,89
1992-07-15,81,1992-07-15,81
1992-07-16,85,1992-07-16,85
1992-07-17,79,1992-07-17,79
1992-07-18,82,1992-07-18,82
1992-07-19,83,1992-07-19,83
1992-07-20,85,1992-07-20,85
1992-07-21,72,1992-07-21,72
1992-07-22,75,1992-07-22,75
1992-07-23,83,1992-07-23,83
1992-07-24,86,1992-07-24,86
1992-07-25,81,1992-07-25,81
1992-07-26,83,1992-07-26,83
1992-07-27,82,1992-07-27,82
1992-07-28,81,1992-07-28,81
1992-07-29,84,1992-07-29,84
1992-07-30,84,1992-07-30,84
1992-07-31,74,1992-07-31,74
1992-08-01,77,1992-08-01,77
1992-08-02,78,1992-08-02,78
1992-08-03,79,1992-08-03,79
1992-08-04,77,1992-08-04,77
1992-08-05,76,1992-08-05,76
1992-08-06,79,1992-08-06,79
1992-08-07,84,1992-08-07,84
1992-08-08,83,1992-08-08,83
1992-08-09,87,1992-08-09,87
1992-08-10,91,1992-08-10,91
1992-08-11,81,1992-08-11,81
1992-08-12,81,1992-08-12,81
1992-08-13,77,1992-08-13,77
1992-08-14,78,1992-08-14,78
1992-08-15,71,1992-08-15,71
1992-08-16,76,1992-08-16,76
1992-08-17,78,1992-08-17,78
1992-08-18,79,1992-08-18,79
1992-08-19,78,1992-08-19,78
1992-08-20,75,1992-08-20,75
1992-08-21,78,1992-08-21,78
1992-08-22,80,1992-08-22,80
1992-08-23,81,1992-08-23,81
1992-08-24,85,1992-08-24,85
1992-08-25,87,1992-08-25,87
1992-08-26,86,1992-08-26,86
1992-08-27,86,1992-08-27,86
1992-08-28,68,1992-08-28,68
1992-08-29,71,1992-08-29,71
1992-08-30,78,1992-08-30,78
1992-08-31,75,1992-08-31,75
1992-09-01,78,1992-09-01,78
1992-09-02,77,1992-09-02,77
1992-09-03,79,1992-09-03,79
1992-09-04,78,1992-09-04,78
1992-09-05,83,1992-09-05,83
1992-09-06,84,1992-09-06,84
1992-09-07,85,1992-09-07,85
1992-09-08,80,1992-09-08,80
1992-09-09,85,1992-09-09,85
1992-09-10,75,1992-09-10,75
1992-09-11,69,1992-09-11,69
1992-09-12,69,1992-09-12,69
1992-09-13,76,1992-09-13,76
1992-09-14,82,1992-09-14,82
1992-09-15,84,1992-09-15,84
1992-09-16,83,1992-09-16,83
1992-09-17,83,1992-09-17,83
1992-09-18,73,1992-09-18,73
1992-09-19,68,1992-09-19,68
1992-09-20,73,1992-09-20,73
1992-09-21,81,1992-09-21,81
1992-09-22,72,1992-09-22,72
1992-09-23,61,1992-09-23,61
1992-09-24,67,1992-09-24,67
1992-09-25,70,1992-09-25,70
1992-09-26,76,1992-09-26,76
1992-09-27,71,1992-09-27,71
1992-09-28,75,1992-09-28,75
1992-09-29,59,1992-09-29,59
1992-09-30,62,1992-09-30,62
1992-10-01,66,1992-10-01,66
1992-10-02,73,1992-10-02,73
1992-10-03,77,1992-10-03,77
1992-10-04,66,1992-10-04,66
1992-10-05,64,1992-10-05,64
1992-10-06,69,1992-10-06,69
1992-10-07,72,1992-10-07,72
1992-10-08,66,1992-10-08,66
1992-10-09,63,1992-10-09,63
1992-10-10,69,1992-10-10,69
1992-10-11,58,1992-10-11,58
1992-10-12,65,1992-10-12,65
1992-10-13,63,1992-10-13,63
1992-10-14,81,1992-10-14,81
1992-10-15,75,1992-10-15,75
1992-10-16,63,1992-10-16,63
1992-10-17,52,1992-10-17,52
1992-10-18,50,1992-10-18,50
1992-10-19,45,1992-10-19,45
1992-10-20,48,1992-10-20,48
1992-10-21,58,1992-10-21,58
1992-10-22,62,1992-10-22,62
1992-10-23,72,1992-10-23,72
1992-10-24,65,1992-10-24,65
1992-10-25,53,1992-10-25,53
1992-10-26,71,1992-10-26,71
1992-10-27,63,1992-10-27,63
1992-10-28,65,1992-10-28,65
1992-10-29,58,1992-10-29,58
1992-10-30,50,1992-10-30,50
1992-10-31,57,1992-10-31,57
1992-11-01,54,1992-11-01,54
1992-11-02,68,1992-11-02,68
1992-11-03,69,1992-11-03,69
1992-11-04,62,1992-11-04,62
1992-11-05,42,1992-11-05,42
1992-11-06,41,1992-11-06,41
1992-11-07,45,1992-11-07,45
1992-11-08,46,1992-11-08,46
1992-11-09,52,1992-11-09,52
1992-11-10,55,1992-11-10,55
1992-11-11,57,1992-11-11,57
1992-11-12,64,1992-11-12,64
1992-11-13,45,1992-11-13,45
1992-11-14,37,1992-11-14,37
1992-11-15,37,1992-11-15,37
1992-11-16,42,1992-11-16,42
1992-11-17,56,1992-11-17,56
1992-11-18,50,1992-11-18,50
1992-11-19,51,1992-11-19,51
1992-11-20,65,1992-11-20,65
1992-11-21,59,1992-11-21,59
1992-11-22,66,1992-11-22,66
1992-11-23,56,1992-11-23,56
1992-11-24,50,1992-11-24,50
1992-11-25,57,1992-11-25,57
1992-11-26,55,1992-11-26,55
1992-11-27,37,1992-11-27,37
1992-11-28,36,1992-11-28,36
1992-11-29,38,1992-11-29,38
1992-11-30,37,1992-11-30,37
1992-12-01,36,1992-12-01,36
1992-12-02,40,1992-12-02,40
1992-12-03,35,1992-12-03,35
1992-12-04,43,1992-12-04,43
1992-12-05,31,1992-12-05,31
1992-12-06,30,1992-12-06,30
1992-12-07,35,1992-12-07,35
1992-12-08,31,1992-12-08,31
1992-12-09,35,1992-12-09,35
1992-12-10,40,1992-12-10,40
1992-12-11,37,1992-12-11,37
1992-12-12,38,1992-12-12,38
1992-12-13,40,1992-12-13,40
1992-12-14,36,1992-12-14,36
1992-12-15,53,1992-12-15,53
1992-12-16,56,1992-12-16,56
1992-12-17,48,1992-12-17,48
1992-12-18,39,1992-12-18,39
1992-12-19,51,1992-12-19,51
1992-12-20,46,1992-12-20,46
1992-12-21,40,1992-12-21,40
1992-12-22,46,1992-12-22,46
1992-12-23,47,1992-12-23,47
1992-12-24,31,1992-12-24,31
1992-12-25,33,1992-12-25,33
1992-12-26,28,1992-12-26,28
1992-12-27,41,1992-12-27,41
1992-12-28,44,1992-12-28,44
1992-12-29,50,1992-12-29,50
1992-12-30,60,1992-12-30,60
1992-12-31,60,1992-12-31,60
1993-01-01,33,1993-01-01,33
1993-01-02,34,1993-01-02,34
1993-01-03,55,1993-01-03,55
1993-01-04,61,1993-01-04,61
1993-01-05,54,1993-01-05,54
1993-01-06,40,1993-01-06,40
1993-01-07,43,1993-01-07,43
1993-01-08,37,1993-01-08,37
1993-01-09,32,1993-01-09,32
1993-01-10,37,1993-01-10,37
1993-01-11,36,1993-01-11,36
1993-01-12,43,1993-01-12,43
1993-01-13,48,1993-01-13,48
1993-01-14,31,1993-01-14,31
1993-01-15,31,1993-01-15,31
1993-01-16,35,1993-01-16,35
1993-01-17,35,1993-01-17,35
1993-01-18,27,1993-01-18,27
1993-01-19,36,1993-01-19,36
1993-01-20,45,1993-01-20,45
1993-01-21,49,1993-01-21,49
1993-01-22,38,1993-01-22,38
1993-01-23,52,1993-01-23,52
1993-01-24,50,1993-01-24,50
1993-01-25,36,1993-01-25,36
1993-01-26,37,1993-01-26,37
1993-01-27,38,1993-01-27,38
1993-01-28,53,1993-01-28,53
1993-01-29,39,1993-01-29,39
1993-01-30,40,1993-01-30,40
1993-01-31,47,1993-01-31,47
1993-02-01,39,1993-02-01,39
1993-02-02,32,1993-02-02,32
1993-02-03,47,1993-02-03,47
1993-02-04,46,1993-02-04,46
1993-02-05,54,1993-02-05,54
1993-02-06,37,1993-02-06,37
1993-02-07,47,1993-02-07,47
1993-02-08,37,1993-02-08,37
1993-02-09,50,1993-02-09,50
1993-02-10,63,1993-02-10,63
1993-02-11,45,1993-02-11,45
1993-02-12,48,1993-02-12,48
1993-02-13,34,1993-02-13,34
1993-02-14,34,1993-02-14,34
1993-02-15,33,1993-02-15,33
1993-02-16,37,1993-02-16,37
1993-02-17,28,1993-02-17,28
1993-02-18,9,1993-02-18,9
1993-02-19,24,1993-02-19,24
1993-02-20,34,1993-02-20,34
1993-02-21,47,1993-02-21,47
1993-02-22,36,1993-02-22,36
1993-02-23,25,1993-02-23,25
1993-02-24,18,1993-02-24,18
1993-02-25,24,1993-02-25,24
1993-02-26,31,1993-02-26,31
1993-02-27,29,1993-02-27,29
1993-02-28,30,1993-02-28,30
1993-03-01,42,1993-03-01,42
1993-03-02,46,1993-03-02,46
1993-03-03,50,1993-03-03,50
1993-03-04,45,1993-03-04,45
1993-03-05,34,1993-03-05,34
1993-03-06,43,1993-03-06,43
1993-03-07,51,1993-03-07,51
1993-03-08,43,1993-03-08,43
1993-03-09,41,1993-03-09,41
1993-03-10,47,1993-03-10,47
1993-03-11,37,1993-03-11,37
1993-03-12,35,1993-03-12,35
1993-03-13,25,1993-03-13,25
1993-03-14,23,1993-03-14,23
1993-03-15,38,1993-03-15,38
1993-03-16,45,1993-03-16,45
1993-03-17,42,1993-03-17,42
1993-03-18,31,1993-03-18,31
1993-03-19,45,1993-03-19,45
1993-03-20,42,1993-03-20,42
1993-03-21,44,1993-03-21,44
1993-03-22,53,1993-03-22,53
1993-03-23,58,1993-03-23,58
1993-03-24,57,1993-03-24,57
1993-03-25,64,1993-03-25,64
1993-03-26,69,1993-03-26,69
1993-03-27,53,1993-03-27,53
1993-03-28,53,1993-03-28,53
1993-03-29,55,1993-03-29,55
1993-03-30,62,1993-03-30,62
1993-03-31,66,1993-03-31,66
1993-04-01,56,1993-04-01,56
1993-04-02,40,1993-04-02,40
1993-04-03,42,1993-04-03,42
1993-04-04,48,1993-04-04,48
1993-04-05,46,1993-04-05,46
1993-04-06,55,1993-04-06,55
1993-04-07,65,1993-04-07,65
1993-04-08,75,1993-04-08,75
1993-04-09,63,1993-04-09,63
1993-04-10,58,1993-04-10,58
1993-04-11,69,1993-04-11,69
1993-04-12,52,1993-04-12,52
1993-04-13,60,1993-04-13,60
1993-04-14,57,1993-04-14,57
1993-04-15,77,1993-04-15,77
1993-04-16,57,1993-04-16,57
1993-04-17,51,1993-04-17,51
1993-04-18,65,1993-04-18,65
1993-04-19,66,1993-04-19,66
1993-04-20,73,1993-04-20,73
1993-04-21,49,1993-04-21,49
1993-04-22,57,1993-04-22,57
1993-04-23,63,1993-04-23,63
1993-04-24,66,1993-04-24,66
1993-04-25,67,1993-04-25,67
1993-04-26,50,1993-04-26,50
1993-04-27,62,1993-04-27,62
1993-04-28,75,1993-04-28,75
1993-04-29,75,1993-04-29,75
1993-04-30,70,1993-04-30,70
1993-05-01,76,1993-05-01,76
1993-05-02,80,1993-05-02,80
1993-05-03,77,1993-05-03,77
1993-05-04,73,1993-05-04,73
1993-05-05,73,1993-05-05,73
1993-05-06,78,1993-05-06,78
1993-05-07,78,1993-05-07,78
1993-05-08,84,1993-05-08,84
1993-05-09,88,1993-05-09,88
1993-05-10,89,1993-05-10,89
1993-05-11,88,1993-05-11,88
1993-05-12,72,1993-05-12,72
1993-05-13,64,1993-05-13,64
1993-05-14,70,1993-05-14,70
1993-05-15,79,1993-05-15,79
1993-05-16,71,1993-05-16,71
1993-05-17,71,1993-05-17,71
1993-05-18,59,1993-05-18,59
1993-05-19,61,1993-05-19,61
1993-05-20,63,1993-05-20,63
1993-05-21,64,1993-05-21,64
1993-05-22,71,1993-05-22,71
1993-05-23,73,1993-05-23,73
1993-05-24,73,1993-05-24,73
1993-05-25,64,1993-05-25,64
1993-05-26,73,1993-05-26,73
1993-05-27,80,1993-05-27,80
1993-05-28,86,1993-05-28,86
1993-05-29,67,1993-05-29,67
1993-05-30,79,1993-05-30,79
1993-05-31,67,1993-05-31,67
1993-06-01,63,1993-06-01,63
1993-06-02,62,1993-06-02,62
1993-06-03,65,1993-06-03,65
1993-06-04,62,1993-06-04,62
1993-06-05,63,1993-06-05,63
1993-06-06,75,1993-06-06,75
1993-06-07,79,1993-06-07,79
1993-06-08,89,1993-06-08,89
1993-06-09,79,1993-06-09,79
1993-06-10,86,1993-06-10,86
1993-06-11,84,1993-06-11,84
1993-06-12,81,1993-06-12,81
1993-06-13,84,1993-06-13,84
1993-06-14,83,1993-06-14,83
1993-06-15,79,1993-06-15,79
1993-06-16,82,1993-06-16,82
1993-06-17,88,1993-06-17,88
1993-06-18,91,1993-06-18,91
1993-06-19,91,1993-06-19,91
1993-06-20,87,1993-06-20,87
1993-06-21,79,1993-06-21,79
1993-06-22,85,1993-06-22,85
1993-06-23,82,1993-06-23,82
1993-06-24,90,1993-06-24,90
1993-06-25,85,1993-06-25,85
1993-06-26,84,1993-06-26,84
1993-06-27,87,1993-06-27,87
1993-06-28,76,1993-06-28,76
1993-06-29,79,1993-06-29,79
1993-06-30,78,1993-06-30,78
1993-07-01,80,1993-07-01,80
1993-07-02,85,1993-07-02,85
1993-07-03,87,1993-07-03,87
1993-07-04,92,1993-07-04,92
1993-07-05,93,1993-07-05,93
1993-07-06,88,1993-07-06,88
1993-07-07,90,1993-07-07,90
1993-07-08,90,1993-07-08,90
1993-07-09,92,1993-07-09,92
1993-07-10,88,1993-07-10,88
1993-07-11,89,1993-07-11,89
1993-07-12,87,1993-07-12,87
1993-07-13,87,1993-07-13,87
1993-07-14,87,1993-07-14,87
1993-07-15,79,1993-07-15,79
1993-07-16,83,1993-07-16,83
1993-07-17,83,1993-07-17,83
1993-07-18,88,1993-07-18,88
1993-07-19,83,1993-07-19,83
1993-07-20,85,1993-07-20,85
1993-07-21,82,1993-07-21,82
1993-07-22,80,1993-07-22,80
1993-07-23,82,1993-07-23,82
1993-07-24,86,1993-07-24,86
1993-07-25,90,1993-07-25,90
1993-07-26,92,1993-07-26,92
1993-07-27,89,1993-07-27,89
1993-07-28,94,1993-07-28,94
1993-07-29,82,1993-07-29,82
1993-07-30,77,1993-07-30,77
1993-07-31,83,1993-07-31,83
1993-08-01,86,1993-08-01,86
1993-08-02,83,1993-08-02,83
1993-08-03,83,1993-08-03,83
1993-08-04,77,1993-08-04,77
1993-08-05,74,1993-08-05,74
1993-08-06,77,1993-08-06,77
1993-08-07,77,1993-08-07,77
1993-08-08,80,1993-08-08,80
1993-08-09,83,1993-08-09,83
1993-08-10,74,1993-08-10,74
1993-08-11,86,1993-08-11,86
1993-08-12,85,1993-08-12,85
1993-08-13,87,1993-08-13,87
1993-08-14,89,1993-08-14,89
1993-08-15,91,1993-08-15,91
1993-08-16,88,1993-08-16,88
1993-08-17,89,1993-08-17,89
1993-08-18,89,1993-08-18,89
1993-08-19,90,1993-08-19,90
1993-08-20,88,1993-08-20,88
1993-08-21,85,1993-08-21,85
1993-08-22,87,1993-08-22,87
1993-08-23,93,1993-08-23,93
1993-08-24,92,1993-08-24,92
1993-08-25,94,1993-08-25,94
1993-08-26,96,1993-08-26,96
1993-08-27,95,1993-08-27,95
1993-08-28,93,1993-08-28,93
1993-08-29,95,1993-08-29,95
1993-08-30,94,1993-08-30,94
1993-08-31,95,1993-08-31,95
1993-09-01,79,1993-09-01,79
1993-09-02,91,1993-09-02,91
1993-09-03,82,1993-09-03,82
1993-09-04,79,1993-09-04,79
1993-09-05,81,1993-09-05,81
1993-09-06,82,1993-09-06,82
1993-09-07,78,1993-09-07,78
1993-09-08,76,1993-09-08,76
1993-09-09,82,1993-09-09,82
1993-09-10,71,1993-09-10,71
1993-09-11,70,1993-09-11,70
1993-09-12,77,1993-09-12,77
1993-09-13,89,1993-09-13,89
1993-09-14,90,1993-09-14,90
1993-09-15,80,1993-09-15,80
1993-09-16,72,1993-09-16,72
1993-09-17,77,1993-09-17,77
1993-09-18,76,1993-09-18,76
1993-09-19,73,1993-09-19,73
1993-09-20,73,1993-09-20,73
1993-09-21,76,1993-09-21,76
1993-09-22,74,1993-09-22,74
1993-09-23,68,1993-09-23,68
1993-09-24,66,1993-09-24,66
1993-09-25,71,1993-09-25,71
1993-09-26,68,1993-09-26,68
1993-09-27,61,1993-09-27,61
1993-09-28,67,1993-09-28,67
1993-09-29,61,1993-09-29,61
1993-09-30,58,1993-09-30,58
1993-10-01,77,1993-10-01,77
1993-10-02,65,1993-10-02,65
1993-10-03,66,1993-10-03,66
1993-10-04,78,1993-10-04,78
1993-10-05,66,1993-10-05,66
1993-10-06,77,1993-10-06,77
1993-10-07,83,1993-10-07,83
1993-10-08,81,1993-10-08,81
1993-10-09,65,1993-10-09,65
1993-10-10,53,1993-10-10,53
1993-10-11,58,1993-10-11,58
1993-10-12,59,1993-10-12,59
1993-10-13,60,1993-10-13,60
1993-10-14,67,1993-10-14,67
1993-10-15,76,1993-10-15,76
1993-10-16,63,1993-10-16,63
1993-10-17,72,1993-10-17,72
1993-10-18,63,1993-10-18,63
1993-10-19,57,1993-10-19,57
1993-10-20,71,1993-10-20,71
1993-10-21,69,1993-10-21,69
1993-10-22,60,1993-10-22,60
1993-10-23,63,1993-10-23,63
1993-10-24,70,1993-10-24,70
1993-10-25,71,1993-10-25,71
1993-10-26,73,1993-10-26,73
1993-10-27,56,1993-10-27,56
1993-10-28,50,1993-10-28,50
1993-10-29,53,1993-10-29,53
1993-10-30,37,1993-10-30,37
1993-10-31,39,1993-10-31,39
1993-11-01,40,1993-11-01,40
1993-11-02,48,1993-11-02,48
1993-11-03,45,1993-11-03,45
1993-11-04,58,1993-11-04,58
1993-11-05,64,1993-11-05,64
1993-11-06,41,1993-11-06,41
1993-11-07,34,1993-11-07,34
1993-11-08,49,1993-11-08,49
1993-11-09,54,1993-11-09,54
1993-11-10,56,1993-11-10,56
1993-11-11,58,1993-11-11,58
1993-11-12,58,1993-11-12,58
1993-11-13,59,1993-11-13,59
1993-11-14,69,1993-11-14,69
1993-11-15,63,1993-11-15,63
1993-11-16,53,1993-11-16,53
1993-11-17,61,1993-11-17,61
1993-11-18,50,1993-11-18,50
1993-11-19,52,1993-11-19,52
1993-11-20,39,1993-11-20,39
1993-11-21,51,1993-11-21,51
1993-11-22,57,1993-11-22,57
1993-11-23,57,1993-11-23,57
1993-11-24,57,1993-11-24,57
1993-11-25,54,1993-11-25,54
1993-11-26,62,1993-11-26,62
1993-11-27,52,1993-11-27,52
1993-11-28,35,1993-11-28,35
1993-11-29,33,1993-11-29,33
1993-11-30,39,1993-11-30,39
1993-12-01,51,1993-12-01,51
1993-12-02,54,1993-12-02,54
1993-12-03,47,1993-12-03,47
1993-12-04,55,1993-12-04,55
1993-12-05,44,1993-12-05,44
1993-12-06,44,1993-12-06,44
1993-12-07,42,1993-12-07,42
1993-12-08,46,1993-12-08,46
1993-12-09,53,1993-12-09,53
1993-12-10,58,1993-12-10,58
1993-12-11,35,1993-12-11,35
1993-12-12,38,1993-12-12,38
1993-12-13,45,1993-12-13,45
1993-12-14,47,1993-12-14,47
1993-12-15,45,1993-12-15,45
1993-12-16,49,1993-12-16,49
1993-12-17,39,1993-12-17,39
1993-12-18,41,1993-12-18,41
1993-12-19,39,1993-12-19,39
1993-12-20,39,1993-12-20,39
1993-12-21,33,1993-12-21,33
1993-12-22,35,1993-12-22,35
1993-12-23,33,1993-12-23,33
1993-12-24,27,1993-12-24,27
1993-12-25,28,1993-12-25,28
1993-12-26,19,1993-12-26,19
1993-12-27,23,1993-12-27,23
1993-12-28,22,1993-12-28,22
1993-12-29,25,1993-12-29,25
1993-12-30,18,1993-12-30,18
1993-12-31,33,1993-12-31,33
1994-01-01,38,1994-01-01,38
1994-01-02,36,1994-01-02,36
1994-01-03,33,1994-01-03,33
1994-01-04,31,1994-01-04,31
1994-01-05,26,1994-01-05,26
1994-01-06,36,1994-01-06,36
1994-01-07,36,1994-01-07,36
1994-01-08,23,1994-01-08,23
1994-01-09,25,1994-01-09,25
1994-01-10,30,1994-01-10,30
1994-01-11,39,1994-01-11,39
1994-01-12,38,1994-01-12,38
1994-01-13,35,1994-01-13,35
1994-01-14,29,1994-01-14,29
1994-01-15,2,1994-01-15,2
1994-01-16,15,1994-01-16,15
1994-01-17,28,1994-01-17,28
1994-01-18,-0,1994-01-18,-0
1994-01-19,-1,1994-01-19,-1
1994-01-20,15,1994-01-20,15
1994-01-21,16,1994-01-21,16
1994-01-22,27,1994-01-22,27
1994-01-23,38,1994-01-23,38
1994-01-24,38,1994-01-24,38
1994-01-25,37,1994-01-25,37
1994-01-26,35,1994-01-26,35
1994-01-27,42,1994-01-27,42
1994-01-28,50,1994-01-28,50
1994-01-29,31,1994-01-29,31
1994-01-30,33,1994-01-30,33
1994-01-31,29,1994-01-31,29
1994-02-01,14,1994-02-01,14
1994-02-02,32,1994-02-02,32
1994-02-03,32,1994-02-03,32
1994-02-04,45,1994-02-04,45
1994-02-05,37,1994-02-05,37
1994-02-06,46,1994-02-06,46
1994-02-07,31,1994-02-07,31
1994-02-08,31,1994-02-08,31
1994-02-09,23,1994-02-09,23
1994-02-10,22,1994-02-10,22
1994-02-11,32,1994-02-11,32
1994-02-12,35,1994-02-12,35
1994-02-13,35,1994-02-13,35
1994-02-14,43,1994-02-14,43
1994-02-15,49,1994-02-15,49
1994-02-16,42,1994-02-16,42
1994-02-17,52,1994-02-17,52
1994-02-18,63,1994-02-18,63
1994-02-19,69,1994-02-19,69
1994-02-20,58,1994-02-20,58
1994-02-21,52,1994-02-21,52
1994-02-22,36,1994-02-22,36
1994-02-23,64,1994-02-23,64
1994-02-24,37,1994-02-24,37
1994-02-25,37,1994-02-25,37
1994-02-26,23,1994-02-26,23
1994-02-27,28,1994-02-27,28
1994-02-28,36,1994-02-28,36
1994-03-01,36,1994-03-01,36
1994-03-02,36,1994-03-02,36
1994-03-03,47,1994-03-03,47
1994-03-04,48,1994-03-04,48
1994-03-05,54,1994-03-05,54
1994-03-06,67,1994-03-06,67
1994-03-07,54,1994-03-07,54
1994-03-08,41,1994-03-08,41
1994-03-09,31,1994-03-09,31
1994-03-10,37,1994-03-10,37
1994-03-11,40,1994-03-11,40
1994-03-12,48,1994-03-12,48
1994-03-13,46,1994-03-13,46
1994-03-14,46,1994-03-14,46
1994-03-15,56,1994-03-15,56
1994-03-16,35,1994-03-16,35
1994-03-17,39,1994-03-17,39
1994-03-18,52,1994-03-18,52
1994-03-19,47,1994-03-19,47
1994-03-20,59,1994-03-20,59
1994-03-21,62,1994-03-21,62
1994-03-22,62,1994-03-22,62
1994-03-23,75,1994-03-23,75
1994-03-24,74,1994-03-24,74
1994-03-25,40,1994-03-25,40
1994-03-26,47,1994-03-26,47
1994-03-27,49,1994-03-27,49
1994-03-28,52,1994-03-28,52
1994-03-29,47,1994-03-29,47
1994-03-30,51,1994-03-30,51
1994-03-31,54,1994-03-31,54
1994-04-01,63,1994-04-01,63
1994-04-02,71,1994-04-02,71
1994-04-03,61,1994-04-03,61
1994-04-04,55,1994-04-04,55
1994-04-05,61,1994-04-05,61
1994-04-06,50,1994-04-06,50
1994-04-07,45,1994-04-07,45
1994-04-08,62,1994-04-08,62
1994-04-09,62,1994-04-09,62
1994-04-10,57,1994-04-10,57
1994-04-11,48,1994-04-11,48
1994-04-12,76,1994-04-12,76
1994-04-13,64,1994-04-13,64
1994-04-14,79,1994-04-14,79
1994-04-15,72,1994-04-15,72
1994-04-16,60,1994-04-16,60
1994-04-17,64,1994-04-17,64
1994-04-18,78,1994-04-18,78
1994-04-19,75,1994-04-19,75
1994-04-20,66,1994-04-20,66
1994-04-21,61,1994-04-21,61
1994-04-22,60,1994-04-22,60
1994-04-23,65,1994-04-23,65
1994-04-24,79,1994-04-24,79
1994-04-25,84,1994-04-25,84
1994-04-26,86,1994-04-26,86
1994-04-27,81,1994-04-27,81
1994-04-28,72,1994-04-28,72
1994-04-29,68,1994-04-29,68
1994-04-30,66,1994-04-30,66
1994-05-01,58,1994-05-01,58
1994-05-02,61,1994-05-02,61
1994-05-03,55,1994-05-03,55
1994-05-04,54,1994-05-04,54
1994-05-05,70,1994-05-05,70
1994-05-06,62,1994-05-06,62
1994-05-07,53,1994-05-07,53
1994-05-08,66,1994-05-08,66
1994-05-09,69,1994-05-09,69
1994-05-10,70,1994-05-10,70
1994-05-11,74,1994-05-11,74
1994-05-12,62,1994-05-12,62
1994-05-13,71,1994-05-13,71
1994-05-14,78,1994-05-14,78
1994-05-15,74,1994-05-15,74
1994-05-16,66,1994-05-16,66
1994-05-17,62,1994-05-17,62
1994-05-18,62,1994-05-18,62
1994-05-19,67,1994-05-19,67
1994-05-20,73,1994-05-20,73
1994-05-21,79,1994-05-21,79
1994-05-22,88,1994-05-22,88
1994-05-23,87,1994-05-23,87
1994-05-24,85,1994-05-24,85
1994-05-25,81,1994-05-25,81
1994-05-26,72,1994-05-26,72
1994-05-27,64,1994-05-27,64
1994-05-28,72,1994-05-28,72
1994-05-29,80,1994-05-29,80
1994-05-30,86,1994-05-30,86
1994-05-31,86,1994-05-31,86
1994-06-01,80,1994-06-01,80
1994-06-02,71,1994-06-02,71
1994-06-03,76,1994-06-03,76
1994-06-04,81,1994-06-04,81
1994-06-05,87,1994-06-05,87
1994-06-06,89,1994-06-06,89
1994-06-07,90,1994-06-07,90
1994-06-08,69,1994-06-08,69
1994-06-09,80,1994-06-09,80
1994-06-10,87,1994-06-10,87
1994-06-11,87,1994-06-11,87
1994-06-12,89,1994-06-12,89
1994-06-13,93,1994-06-13,93
1994-06-14,94,1994-06-14,94
1994-06-15,90,1994-06-15,90
1994-06-16,92,1994-06-16,92
1994-06-17,97,1994-06-17,97
1994-06-18,98,1994-06-18,98
1994-06-19,98,1994-06-19,98
1994-06-20,97,1994-06-20,97
1994-06-21,95,1994-06-21,95
1994-06-22,92,1994-06-22,92
1994-06-23,84,1994-06-23,84
1994-06-24,83,1994-06-24,83
1994-06-25,76,1994-06-25,76
1994-06-26,69,1994-06-26,69
1994-06-27,77,1994-06-27,77
1994-06-28,84,1994-06-28,84
1994-06-29,83,1994-06-29,83
1994-06-30,80,1994-06-30,80
1994-07-01,86,1994-07-01,86
1994-07-02,84,1994-07-02,84
1994-07-03,83,1994-07-03,83
1994-07-04,90,1994-07-04,90
1994-07-05,94,1994-07-05,94
1994-07-06,94,1994-07-06,94
1994-07-07,91,1994-07-07,91
1994-07-08,87,1994-07-08,87
1994-07-09,83,1994-07-09,83
1994-07-10,77,1994-07-10,77
1994-07-11,80,1994-07-11,80
1994-07-12,88,1994-07-12,88
1994-07-13,87,1994-07-13,87
1994-07-14,86,1994-07-14,86
1994-07-15,86,1994-07-15,86
1994-07-16,85,1994-07-16,85
1994-07-17,86,1994-07-17,86
1994-07-18,87,1994-07-18,87
1994-07-19,89,1994-07-19,89
1994-07-20,93,1994-07-20,93
1994-07-21,89,1994-07-21,89
1994-07-22,82,1994-07-22,82
1994-07-23,85,1994-07-23,85
1994-07-24,86,1994-07-24,86
1994-07-25,86,1994-07-25,86
1994-07-26,82,1994-07-26,82
1994-07-27,78,1994-07-27,78
1994-07-28,79,1994-07-28,79
1994-07-29,80,1994-07-29,80
1994-07-30,80,1994-07-30,80
1994-07-31,85,1994-07-31,85
1994-08-01,87,1994-08-01,87
1994-08-02,86,1994-08-02,86
1994-08-03,87,1994-08-03,87
1994-08-04,87,1994-08-04,87
1994-08-05,72,1994-08-05,72
1994-08-06,73,1994-08-06,73
1994-08-07,80,1994-08-07,80
1994-08-08,84,1994-08-08,84
1994-08-09,76,1994-08-09,76
1994-08-10,77,1994-08-10,77
1994-08-11,82,1994-08-11,82
1994-08-12,88,1994-08-12,88
1994-08-13,89,1994-08-13,89
1994-08-14,80,1994-08-14,80
1994-08-15,76,1994-08-15,76
1994-08-16,78,1994-08-16,78
1994-08-17,83,1994-08-17,83
1994-08-18,84,1994-08-18,84
1994-08-19,89,1994-08-19,89
1994-08-20,85,1994-08-20,85
1994-08-21,78,1994-08-21,78
1994-08-22,81,1994-08-22,81
1994-08-23,79,1994-08-23,79
1994-08-24,84,1994-08-24,84
1994-08-25,88,1994-08-25,88
1994-08-26,87,1994-08-26,87
1994-08-27,88,1994-08-27,88
1994-08-28,89,1994-08-28,89
1994-08-29,78,1994-08-29,78
1994-08-30,78,1994-08-30,78
1994-08-31,77,1994-08-31,77
1994-09-01,71,1994-09-01,71
1994-09-02,70,1994-09-02,70
1994-09-03,72,1994-09-03,72
1994-09-04,73,1994-09-04,73
1994-09-05,76,1994-09-05,76
1994-09-06,74,1994-09-06,74
1994-09-07,76,1994-09-07,76
1994-09-08,80,1994-09-08,80
1994-09-09,83,1994-09-09,83
1994-09-10,82,1994-09-10,82
1994-09-11,78,1994-09-11,78
1994-09-12,82,1994-09-12,82
1994-09-13,87,1994-09-13,87
1994-09-14,90,1994-09-14,90
1994-09-15,90,1994-09-15,90
1994-09-16,87,1994-09-16,87
1994-09-17,78,1994-09-17,78
1994-09-18,76,1994-09-18,76
1994-09-19,79,1994-09-19,79
1994-09-20,81,1994-09-20,81
1994-09-21,80,1994-09-21,80
1994-09-22,80,1994-09-22,80
1994-09-23,76,1994-09-23,76
1994-09-24,82,1994-09-24,82
1994-09-25,76,1994-09-25,76
1994-09-26,70,1994-09-26,70
1994-09-27,63,1994-09-27,63
1994-09-28,67,1994-09-28,67
1994-09-29,69,1994-09-29,69
1994-09-30,73,1994-09-30,73
1994-10-01,85,1994-10-01,85
1994-10-02,69,1994-10-02,69
1994-10-03,67,1994-10-03,67
1994-10-04,63,1994-10-04,63
1994-10-05,60,1994-10-05,60
1994-10-06,69,1994-10-06,69
1994-10-07,79,1994-10-07,79
1994-10-08,77,1994-10-08,77
1994-10-09,69,1994-10-09,69
1994-10-10,60,1994-10-10,60
1994-10-11,64,1994-10-11,64
1994-10-12,70,1994-10-12,70
1994-10-13,62,1994-10-13,62
1994-10-14,73,1994-10-14,73
1994-10-15,73,1994-10-15,73
1994-10-16,76,1994-10-16,76
1994-10-17,77,1994-10-17,77
1994-10-18,78,1994-10-18,78
1994-10-19,63,1994-10-19,63
1994-10-20,70,1994-10-20,70
1994-10-21,67,1994-10-21,67
1994-10-22,67,1994-10-22,67
1994-10-23,69,1994-10-23,69
1994-10-24,63,1994-10-24,63
1994-10-25,49,1994-10-25,49
1994-10-26,53,1994-10-26,53
1994-10-27,58,1994-10-27,58
1994-10-28,65,1994-10-28,65
1994-10-29,68,1994-10-29,68
1994-10-30,70,1994-10-30,70
1994-10-31,60,1994-10-31,60
1994-11-01,62,1994-11-01,62
1994-11-02,58,1994-11-02,58
1994-11-03,69,1994-11-03,69
1994-11-04,72,1994-11-04,72
1994-11-05,72,1994-11-05,72
1994-11-06,66,1994-11-06,66
1994-11-07,56,1994-11-07,56
1994-11-08,69,1994-11-08,69
1994-11-09,61,1994-11-09,61
1994-11-10,56,1994-11-10,56
1994-11-11,54,1994-11-11,54
1994-11-12,58,1994-11-12,58
1994-11-13,71,1994-11-13,71
1994-11-14,71,1994-11-14,71
1994-11-15,60,1994-11-15,60
1994-11-16,50,1994-11-16,50
1994-11-17,59,1994-11-17,59
1994-11-18,61,1994-11-18,61
1994-11-19,56,1994-11-19,56
1994-11-20,62,1994-11-20,62
1994-11-21,63,1994-11-21,63
1994-11-22,45,1994-11-22,45
1994-11-23,44,1994-11-23,44
1994-11-24,49,1994-11-24,49
1994-11-25,53,1994-11-25,53
1994-11-26,47,1994-11-26,47
1994-11-27,57,1994-11-27,57
1994-11-28,61,1994-11-28,61
1994-11-29,50,1994-11-29,50
1994-11-30,46,1994-11-30,46
1994-12-01,44,1994-12-01,44
1994-12-02,57,1994-12-02,57
1994-12-03,62,1994-12-03,62
1994-12-04,61,1994-12-04,61
1994-12-05,60,1994-12-05,60
1994-12-06,55,1994-12-06,55
1994-12-07,58,1994-12-07,58
1994-12-08,40,1994-12-08,40
1994-12-09,47,1994-12-09,47
1994-12-10,38,1994-12-10,38
1994-12-11,32,1994-12-11,32
1994-12-12,33,1994-12-12,33
1994-12-13,40,1994-12-13,40
1994-12-14,40,1994-12-14,40
1994-12-15,49,1994-12-15,49
1994-12-16,50,1994-12-16,50
1994-12-17,49,1994-12-17,49
1994-12-18,40,1994-12-18,40
1994-12-19,38,1994-12-19,38
1994-12-20,47,1994-12-20,47
1994-12-21,55,1994-12-21,55
1994-12-22,55,1994-12-22,55
1994-12-23,51,1994-12-23,51
1994-12-24,40,1994-12-24,40
1994-12-25,41,1994-12-25,41
1994-12-26,40,1994-12-26,40
1994-12-27,33,1994-12-27,33
1994-12-28,50,1994-12-28,50
1994-12-29,41,1994-12-29,41
1994-12-30,50,1994-12-30,50
1994-12-31,45,1994-12-31,45
1995-01-01,46,1995-01-01,46
1995-01-02,24,1995-01-02,24
1995-01-03,30,1995-01-03,30
1995-01-04,18,1995-01-04,18
1995-01-05,22,1995-01-05,22
1995-01-06,34,1995-01-06,34
1995-01-07,33,1995-01-07,33
1995-01-08,31,1995-01-08,31
1995-01-09,31,1995-01-09,31
1995-01-10,34,1995-01-10,34
1995-01-11,50,1995-01-11,50
1995-01-12,63,1995-01-12,63
1995-01-13,67,1995-01-13,67
1995-01-14,66,1995-01-14,66
1995-01-15,57,1995-01-15,57
1995-01-16,34,1995-01-16,34
1995-01-17,39,1995-01-17,39
1995-01-18,41,1995-01-18,41
1995-01-19,52,1995-01-19,52
1995-01-20,45,1995-01-20,45
1995-01-21,31,1995-01-21,31
1995-01-22,26,1995-01-22,26
1995-01-23,26,1995-01-23,26
1995-01-24,25,1995-01-24,25
1995-01-25,27,1995-01-25,27
1995-01-26,32,1995-01-26,32
1995-01-27,33,1995-01-27,33
1995-01-28,34,1995-01-28,34
1995-01-29,34,1995-01-29,34
1995-01-30,33,1995-01-30,33
1995-01-31,31,1995-01-31,31
1995-02-01,39,1995-02-01,39
1995-02-02,38,1995-02-02,38
1995-02-03,31,1995-02-03,31
1995-02-04,31,1995-02-04,31
1995-02-05,19,1995-02-05,19
1995-02-06,17,1995-02-06,17
1995-02-07,19,1995-02-07,19
1995-02-08,19,1995-02-08,19
1995-02-09,32,1995-02-09,32
1995-02-10,35,1995-02-10,35
1995-02-11,28,1995-02-11,28
1995-02-12,13,1995-02-12,13
1995-02-13,26,1995-02-13,26
1995-02-14,33,1995-02-14,33
1995-02-15,46,1995-02-15,46
1995-02-16,37,1995-02-16,37
1995-02-17,43,1995-02-17,43
1995-02-18,52,1995-02-18,52
1995-02-19,57,1995-02-19,57
1995-02-20,50,1995-02-20,50
1995-02-21,38,1995-02-21,38
1995-02-22,49,1995-02-22,49
1995-02-23,52,1995-02-23,52
1995-02-24,36,1995-02-24,36
1995-02-25,45,1995-02-25,45
1995-02-26,52,1995-02-26,52
1995-02-27,53,1995-02-27,53
1995-02-28,51,1995-02-28,51
1995-03-01,40,1995-03-01,40
1995-03-02,31,1995-03-02,31
1995-03-03,40,1995-03-03,40
1995-03-04,46,1995-03-04,46
1995-03-05,51,1995-03-05,51
1995-03-06,54,1995-03-06,54
1995-03-07,71,1995-03-07,71
1995-03-08,37,1995-03-08,37
1995-03-09,30,1995-03-09,30
1995-03-10,41,1995-03-10,41
1995-03-11,62,1995-03-11,62
1995-03-12,68,1995-03-12,68
1995-03-13,75,1995-03-13,75
1995-03-14,78,1995-03-14,78
1995-03-15,74,1995-03-15,74
1995-03-16,74,1995-03-16,74
1995-03-17,62,1995-03-17,62
1995-03-18,60,1995-03-18,60
1995-03-19,67,1995-03-19,67
1995-03-20,76,1995-03-20,76
1995-03-21,53,1995-03-21,53
1995-03-22,54,1995-03-22,54
1995-03-23,45,1995-03-23,45
1995-03-24,56,1995-03-24,56
1995-03-25,59,1995-03-25,59
1995-03-26,58,1995-03-26,58
1995-03-27,52,1995-03-27,52
1995-03-28,49,1995-03-28,49
1995-03-29,48,1995-03-29,48
1995-03-30,49,1995-03-30,49
1995-03-31,45,1995-03-31,45
1995-04-01,44,1995-04-01,44
1995-04-02,54,1995-04-02,54
1995-04-03,73,1995-04-03,73
1995-04-04,52,1995-04-04,52
1995-04-05,45,1995-04-05,45
1995-04-06,71,1995-04-06,71
1995-04-07,66,1995-04-07,66
1995-04-08,71,1995-04-08,71
1995-04-09,60,1995-04-09,60
1995-04-10,49,1995-04-10,49
1995-04-11,83,1995-04-11,83
1995-04-12,69,1995-04-12,69
1995-04-13,53,1995-04-13,53
1995-04-14,55,1995-04-14,55
1995-04-15,64,1995-04-15,64
1995-04-16,72,1995-04-16,72
1995-04-17,74,1995-04-17,74
1995-04-18,82,1995-04-18,82
1995-04-19,73,1995-04-19,73
1995-04-20,60,1995-04-20,60
1995-04-21,74,1995-04-21,74
1995-04-22,53,1995-04-22,53
1995-04-23,53,1995-04-23,53
1995-04-24,58,1995-04-24,58
1995-04-25,57,1995-04-25,57
1995-04-26,70,1995-04-26,70
1995-04-27,64,1995-04-27,64
1995-04-28,62,1995-04-28,62
1995-04-29,71,1995-04-29,71
1995-04-30,57,1995-04-30,57
1995-05-01,57,1995-05-01,57
1995-05-02,58,1995-05-02,58
1995-05-03,66,1995-05-03,66
1995-05-04,60,1995-05-04,60
1995-05-05,60,1995-05-05,60
1995-05-06,67,1995-05-06,67
1995-05-07,75,1995-05-07,75
1995-05-08,68,1995-05-08,68
1995-05-09,67,1995-05-09,67
1995-05-10,79,1995-05-10,79
1995-05-11,61,1995-05-11,61
1995-05-12,71,1995-05-12,71
1995-05-13,71,1995-05-13,71
1995-05-14,83,1995-05-14,83
1995-05-15,77,1995-05-15,77
1995-05-16,75,1995-05-16,75
1995-05-17,78,1995-05-17,78
1995-05-18,68,1995-05-18,68
1995-05-19,71,1995-05-19,71
1995-05-20,75,1995-05-20,75
1995-05-21,74,1995-05-21,74
1995-05-22,75,1995-05-22,75
1995-05-23,83,1995-05-23,83
1995-05-24,87,1995-05-24,87
1995-05-25,69,1995-05-25,69
1995-05-26,74,1995-05-26,74
1995-05-27,73,1995-05-27,73
1995-05-28,79,1995-05-28,79
1995-05-29,73,1995-05-29,73
1995-05-30,71,1995-05-30,71
1995-05-31,77,1995-05-31,77
1995-06-01,77,1995-06-01,77
1995-06-02,78,1995-06-02,78
1995-06-03,76,1995-06-03,76
1995-06-04,76,1995-06-04,76
1995-06-05,84,1995-06-05,84
1995-06-06,84,1995-06-06,84
1995-06-07,86,1995-06-07,86
1995-06-08,79,1995-06-08,79
1995-06-09,87,1995-06-09,87
1995-06-10,84,1995-06-10,84
1995-06-11,78,1995-06-11,78
1995-06-12,72,1995-06-12,72
1995-06-13,75,1995-06-13,75
1995-06-14,82,1995-06-14,82
1995-06-15,85,1995-06-15,85
1995-06-16,87,1995-06-16,87
1995-06-17,88,1995-06-17,88
1995-06-18,89,1995-06-18,89
1995-06-19,92,1995-06-19,92
1995-06-20,89,1995-06-20,89
1995-06-21,89,1995-06-21,89
1995-06-22,88,1995-06-22,88
1995-06-23,85,1995-06-23,85
1995-06-24,83,1995-06-24,83
1995-06-25,87,1995-06-25,87
1995-06-26,84,1995-06-26,84
1995-06-27,86,1995-06-27,86
1995-06-28,88,1995-06-28,88
1995-06-29,82,1995-06-29,82
1995-06-30,82,1995-06-30,82
1995-07-01,77,1995-07-01,77
1995-07-02,75,1995-07-02,75
1995-07-03,81,1995-07-03,81
1995-07-04,85,1995-07-04,85
1995-07-05,88,1995-07-05,88
1995-07-06,82,1995-07-06,82
1995-07-07,81,1995-07-07,81
1995-07-08,79,1995-07-08,79
1995-07-09,84,1995-07-09,84
1995-07-10,86,1995-07-10,86
1995-07-11,88,1995-07-11,88
1995-07-12,92,1995-07-12,92
1995-07-13,95,1995-07-13,95
1995-07-14,97,1995-07-14,97
1995-07-15,97,1995-07-15,97
1995-07-16,93,1995-07-16,93
1995-07-17,89,1995-07-17,89
1995-07-18,84,1995-07-18,84
1995-07-19,85,1995-07-19,85
1995-07-20,86,1995-07-20,86
1995-07-21,73,1995-07-21,73
1995-07-22,88,1995-07-22,88
1995-07-23,89,1995-07-23,89
1995-07-24,83,1995-07-24,83
1995-07-25,85,1995-07-25,85
1995-07-26,89,1995-07-26,89
1995-07-27,88,1995-07-27,88
1995-07-28,89,1995-07-28,89
1995-07-29,92,1995-07-29,92
1995-07-30,93,1995-07-30,93
1995-07-31,93,1995-07-31,93
1995-08-01,94,1995-08-01,94
1995-08-02,90,1995-08-02,90
1995-08-03,93,1995-08-03,93
1995-08-04,83,1995-08-04,83
1995-08-05,75,1995-08-05,75
1995-08-06,87,1995-08-06,87
1995-08-07,89,1995-08-07,89
1995-08-08,75,1995-08-08,75
1995-08-09,83,1995-08-09,83
1995-08-10,88,1995-08-10,88
1995-08-11,93,1995-08-11,93
1995-08-12,92,1995-08-12,92
1995-08-13,95,1995-08-13,95
1995-08-14,93,1995-08-14,93
1995-08-15,93,1995-08-15,93
1995-08-16,95,1995-08-16,95
1995-08-17,92,1995-08-17,92
1995-08-18,87,1995-08-18,87
1995-08-19,90,1995-08-19,90
1995-08-20,91,1995-08-20,91
1995-08-21,90,1995-08-21,90
1995-08-22,80,1995-08-22,80
1995-08-23,83,1995-08-23,83
1995-08-24,89,1995-08-24,89
1995-08-25,83,1995-08-25,83
1995-08-26,88,1995-08-26,88
1995-08-27,89,1995-08-27,89
1995-08-28,86,1995-08-28,86
1995-08-29,89,1995-08-29,89
1995-08-30,90,1995-08-30,90
1995-08-31,93,1995-08-31,93
1995-09-01,78,1995-09-01,78
1995-09-02,78,1995-09-02,78
1995-09-03,82,1995-09-03,82
1995-09-04,86,1995-09-04,86
1995-09-05,86,1995-09-05,86
1995-09-06,87,1995-09-06,87
1995-09-07,79,1995-09-07,79
1995-09-08,74,1995-09-08,74
1995-09-09,74,1995-09-09,74
1995-09-10,72,1995-09-10,72
1995-09-11,77,1995-09-11,77
1995-09-12,73,1995-09-12,73
1995-09-13,81,1995-09-13,81
1995-09-14,81,1995-09-14,81
1995-09-15,70,1995-09-15,70
1995-09-16,73,1995-09-16,73
1995-09-17,76,1995-09-17,76
1995-09-18,69,1995-09-18,69
1995-09-19,75,1995-09-19,75
1995-09-20,68,1995-09-20,68
1995-09-21,72,1995-09-21,72
1995-09-22,66,1995-09-22,66
1995-09-23,61,1995-09-23,61
1995-09-24,67,1995-09-24,67
1995-09-25,68,1995-09-25,68
1995-09-26,73,1995-09-26,73
1995-09-27,79,1995-09-27,79
1995-09-28,83,1995-09-28,83
1995-09-29,81,1995-09-29,81
1995-09-30,79,1995-09-30,79
1995-10-01,78,1995-10-01,78
1995-10-02,80,1995-10-02,80
1995-10-03,67,1995-10-03,67
1995-10-04,64,1995-10-04,64
1995-10-05,70,1995-10-05,70
1995-10-06,77,1995-10-06,77
1995-10-07,63,1995-10-07,63
1995-10-08,63,1995-10-08,63
1995-10-09,72,1995-10-09,72
1995-10-10,76,1995-10-10,76
1995-10-11,79,1995-10-11,79
1995-10-12,81,1995-10-12,81
1995-10-13,82,1995-10-13,82
1995-10-14,65,1995-10-14,65
1995-10-15,57,1995-10-15,57
1995-10-16,59,1995-10-16,59
1995-10-17,67,1995-10-17,67
1995-10-18,76,1995-10-18,76
1995-10-19,76,1995-10-19,76
1995-10-20,69,1995-10-20,69
1995-10-21,48,1995-10-21,48
1995-10-22,69,1995-10-22,69
1995-10-23,72,1995-10-23,72
1995-10-24,64,1995-10-24,64
1995-10-25,56,1995-10-25,56
1995-10-26,58,1995-10-26,58
1995-10-27,61,1995-10-27,61
1995-10-28,56,1995-10-28,56
1995-10-29,55,1995-10-29,55
1995-10-30,58,1995-10-30,58
1995-10-31,61,1995-10-31,61
1995-11-01,69,1995-11-01,69
1995-11-02,69,1995-11-02,69
1995-11-03,54,1995-11-03,54
1995-11-04,37,1995-11-04,37
1995-11-05,34,1995-11-05,34
1995-11-06,47,1995-11-06,47
1995-11-07,50,1995-11-07,50
1995-11-08,36,1995-11-08,36
1995-11-09,37,1995-11-09,37
1995-11-10,62,1995-11-10,62
1995-11-11,60,1995-11-11,60
1995-11-12,34,1995-11-12,34
1995-11-13,37,1995-11-13,37
1995-11-14,36,1995-11-14,36
1995-11-15,37,1995-11-15,37
1995-11-16,35,1995-11-16,35
1995-11-17,40,1995-11-17,40
1995-11-18,46,1995-11-18,46
1995-11-19,46,1995-11-19,46
1995-11-20,52,1995-11-20,52
1995-11-21,43,1995-11-21,43
1995-11-22,38,1995-11-22,38
1995-11-23,44,1995-11-23,44
1995-11-24,40,1995-11-24,40
1995-11-25,44,1995-11-25,44
1995-11-26,58,1995-11-26,58
1995-11-27,62,1995-11-27,62
1995-11-28,48,1995-11-28,48
1995-11-29,38,1995-11-29,38
1995-11-30,46,1995-11-30,46
1995-12-01,61,1995-12-01,61
1995-12-02,50,1995-12-02,50
1995-12-03,58,1995-12-03,58
1995-12-04,47,1995-12-04,47
1995-12-05,51,1995-12-05,51
1995-12-06,37,1995-12-06,37
1995-12-07,38,1995-12-07,38
1995-12-08,32,1995-12-08,32
1995-12-09,32,1995-12-09,32
1995-12-10,18,1995-12-10,18
1995-12-11,20,1995-12-11,20
1995-12-12,25,1995-12-12,25
1995-12-13,37,1995-12-13,37
1995-12-14,65,1995-12-14,65
1995-12-15,47,1995-12-15,47
1995-12-16,46,1995-12-16,46
1995-12-17,40,1995-12-17,40
1995-12-18,37,1995-12-18,37
1995-12-19,35,1995-12-19,35
1995-12-20,25,1995-12-20,25
1995-12-21,30,1995-12-21,30
1995-12-22,28,1995-12-22,28
1995-12-23,25,1995-12-23,25
1995-12-24,27,1995-12-24,27
1995-12-25,30,1995-12-25,30
1995-12-26,25,1995-12-26,25
1995-12-27,26,1995-12-27,26
1995-12-28,29,1995-12-28,29
1995-12-29,32,1995-12-29,32
1995-12-30,37,1995-12-30,37
1995-12-31,42,1995-12-31,42
1996-01-01,43,1996-01-01,43
1996-01-02,38,1996-01-02,38
1996-01-03,25,1996-01-03,25
1996-01-04,24,1996-01-04,24
1996-01-05,22,1996-01-05,22
1996-01-06,23,1996-01-06,23
1996-01-07,20,1996-01-07,20
1996-01-08,22,1996-01-08,22
1996-01-09,30,1996-01-09,30
1996-01-10,30,1996-01-10,30
1996-01-11,24,1996-01-11,24
1996-01-12,29,1996-01-12,29
1996-01-13,33,1996-01-13,33
1996-01-14,49,1996-01-14,49
1996-01-15,33,1996-01-15,33
1996-01-16,49,1996-01-16,49
1996-01-17,55,1996-01-17,55
1996-01-18,68,1996-01-18,68
1996-01-19,50,1996-01-19,50
1996-01-20,26,1996-01-20,26
1996-01-21,36,1996-01-21,36
1996-01-22,42,1996-01-22,42
1996-01-23,44,1996-01-23,44
1996-01-24,45,1996-01-24,45
1996-01-25,32,1996-01-25,32
1996-01-26,50,1996-01-26,50
1996-01-27,50,1996-01-27,50
1996-01-28,30,1996-01-28,30
1996-01-29,46,1996-01-29,46
1996-01-30,27,1996-01-30,27
1996-01-31,18,1996-01-31,18
1996-02-01,16,1996-02-01,16
1996-02-02,15,1996-02-02,15
1996-02-03,6,1996-02-03,6
1996-02-04,9,1996-02-04,9
1996-02-05,22,1996-02-05,22
1996-02-06,33,1996-02-06,33
1996-02-07,39,1996-02-07,39
1996-02-08,49,1996-02-08,49
1996-02-09,43,1996-02-09,43
1996-02-10,61,1996-02-10,61
1996-02-11,42,1996-02-11,42
1996-02-12,28,1996-02-12,28
1996-02-13,36,1996-02-13,36
1996-02-14,38,1996-02-14,38
1996-02-15,30,1996-02-15,30
1996-02-16,25,1996-02-16,25
1996-02-17,29,1996-02-17,29
1996-02-18,24,1996-02-18,24
1996-02-19,43,1996-02-19,43
1996-02-20,49,1996-02-20,49
1996-02-21,51,1996-02-21,51
1996-02-22,48,1996-02-22,48
1996-02-23,60,1996-02-23,60
1996-02-24,55,1996-02-24,55
1996-02-25,56,1996-02-25,56
1996-02-26,53,1996-02-26,53
1996-02-27,71,1996-02-27,71
1996-02-28,55,1996-02-28,55
1996-02-29,25,1996-02-29,25
1996-03-01,35,1996-03-01,35
1996-03-02,40,1996-03-02,40
1996-03-03,24,1996-03-03,24
1996-03-04,38,1996-03-04,38
1996-03-05,53,1996-03-05,53
1996-03-06,40,1996-03-06,40
1996-03-07,26,1996-03-07,26
1996-03-08,17,1996-03-08,17
1996-03-09,24,1996-03-09,24
1996-03-10,33,1996-03-10,33
1996-03-11,45,1996-03-11,45
1996-03-12,53,1996-03-12,53
1996-03-13,60,1996-03-13,60
1996-03-14,67,1996-03-14,67
1996-03-15,55,1996-03-15,55
1996-03-16,48,1996-03-16,48
1996-03-17,55,1996-03-17,55
1996-03-18,48,1996-03-18,48
1996-03-19,45,1996-03-19,45
1996-03-20,38,1996-03-20,38
1996-03-21,30,1996-03-21,30
1996-03-22,33,1996-03-22,33
1996-03-23,46,1996-03-23,46
1996-03-24,69,1996-03-24,69
1996-03-25,65,1996-03-25,65
1996-03-26,36,1996-03-26,36
1996-03-27,45,1996-03-27,45
1996-03-28,47,1996-03-28,47
1996-03-29,48,1996-03-29,48
1996-03-30,63,1996-03-30,63
1996-03-31,63,1996-03-31,63
1996-04-01,43,1996-04-01,43
1996-04-02,52,1996-04-02,52
1996-04-03,72,1996-04-03,72
1996-04-04,63,1996-04-04,63
1996-04-05,38,1996-04-05,38
1996-04-06,41,1996-04-06,41
1996-04-07,41,1996-04-07,41
1996-04-08,45,1996-04-08,45
1996-04-09,39,1996-04-09,39
1996-04-10,56,1996-04-10,56
1996-04-11,72,1996-04-11,72
1996-04-12,81,1996-04-12,81
1996-04-13,69,1996-04-13,69
1996-04-14,53,1996-04-14,53
1996-04-15,66,1996-04-15,66
1996-04-16,46,1996-04-16,46
1996-04-17,57,1996-04-17,57
1996-04-18,78,1996-04-18,78
1996-04-19,77,1996-04-19,77
1996-04-20,73,1996-04-20,73
1996-04-21,71,1996-04-21,71
1996-04-22,78,1996-04-22,78
1996-04-23,61,1996-04-23,61
1996-04-24,61,1996-04-24,61
1996-04-25,75,1996-04-25,75
1996-04-26,62,1996-04-26,62
1996-04-27,59,1996-04-27,59
1996-04-28,60,1996-04-28,60
1996-04-29,77,1996-04-29,77
1996-04-30,58,1996-04-30,58
1996-05-01,61,1996-05-01,61
1996-05-02,66,1996-05-02,66
1996-05-03,73,1996-05-03,73
1996-05-04,70,1996-05-04,70
1996-05-05,61,1996-05-05,61
1996-05-06,62,1996-05-06,62
1996-05-07,56,1996-05-07,56
1996-05-08,71,1996-05-08,71
1996-05-09,83,1996-05-09,83
1996-05-10,83,1996-05-10,83
1996-05-11,66,1996-05-11,66
1996-05-12,53,1996-05-12,53
1996-05-13,55,1996-05-13,55
1996-05-14,62,1996-05-14,62
1996-05-15,57,1996-05-15,57
1996-05-16,71,1996-05-16,71
1996-05-17,82,1996-05-17,82
1996-05-18,89,1996-05-18,89
1996-05-19,89,1996-05-19,89
1996-05-20,89,1996-05-20,89
1996-05-21,78,1996-05-21,78
1996-05-22,79,1996-05-22,79
1996-05-23,79,1996-05-23,79
1996-05-24,67,1996-05-24,67
1996-05-25,73,1996-05-25,73
1996-05-26,61,1996-05-26,61
1996-05-27,56,1996-05-27,56
1996-05-28,64,1996-05-28,64
1996-05-29,70,1996-05-29,70
1996-05-30,70,1996-05-30,70
1996-05-31,74,1996-05-31,74
1996-06-01,80,1996-06-01,80
1996-06-02,68,1996-06-02,68
1996-06-03,76,1996-06-03,76
1996-06-04,68,1996-06-04,68
1996-06-05,71,1996-06-05,71
1996-06-06,77,1996-06-06,77
1996-06-07,76,1996-06-07,76
1996-06-08,75,1996-06-08,75
1996-06-09,81,1996-06-09,81
1996-06-10,79,1996-06-10,79
1996-06-11,73,1996-06-11,73
1996-06-12,77,1996-06-12,77
1996-06-13,83,1996-06-13,83
1996-06-14,86,1996-06-14,86
1996-06-15,86,1996-06-15,86
1996-06-16,89,1996-06-16,89
1996-06-17,90,1996-06-17,90
1996-06-18,83,1996-06-18,83
1996-06-19,86,1996-06-19,86
1996-06-20,82,1996-06-20,82
1996-06-21,86,1996-06-21,86
1996-06-22,91,1996-06-22,91
1996-06-23,86,1996-06-23,86
1996-06-24,91,1996-06-24,91
1996-06-25,76,1996-06-25,76
1996-06-26,79,1996-06-26,79
1996-06-27,83,1996-06-27,83
1996-06-28,91,1996-06-28,91
1996-06-29,92,1996-06-29,92
1996-06-30,95,1996-06-30,95
1996-07-01,91,1996-07-01,91
1996-07-02,89,1996-07-02,89
1996-07-03,77,1996-07-03,77
1996-07-04,79,1996-07-04,79
1996-07-05,84,1996-07-05,84
1996-07-06,88,1996-07-06,88
1996-07-07,91,1996-07-07,91
1996-07-08,88,1996-07-08,88
1996-07-09,81,1996-07-09,81
1996-07-10,77,1996-07-10,77
1996-07-11,83,1996-07-11,83
1996-07-12,88,1996-07-12,88
1996-07-13,89,1996-07-13,89
1996-07-14,90,1996-07-14,90
1996-07-15,83,1996-07-15,83
1996-07-16,88,1996-07-16,88
1996-07-17,92,1996-07-17,92
1996-07-18,84,1996-07-18,84
1996-07-19,89,1996-07-19,89
1996-07-20,77,1996-07-20,77
1996-07-21,73,1996-07-21,73
1996-07-22,76,1996-07-22,76
1996-07-23,82,1996-07-23,82
1996-07-24,83,1996-07-24,83
1996-07-25,80,1996-07-25,80
1996-07-26,79,1996-07-26,79
1996-07-27,81,1996-07-27,81
1996-07-28,81,1996-07-28,81
1996-07-29,79,1996-07-29,79
1996-07-30,76,1996-07-30,76
1996-07-31,77,1996-07-31,77
1996-08-01,84,1996-08-01,84
1996-08-02,80,1996-08-02,80
1996-08-03,83,1996-08-03,83
1996-08-04,86,1996-08-04,86
1996-08-05,89,1996-08-05,89
1996-08-06,91,1996-08-06,91
1996-08-07,91,1996-08-07,91
1996-08-08,88,1996-08-08,88
1996-08-09,79,1996-08-09,79
1996-08-10,79,1996-08-10,79
1996-08-11,78,1996-08-11,78
1996-08-12,72,1996-08-12,72
1996-08-13,83,1996-08-13,83
1996-08-14,85,1996-08-14,85
1996-08-15,86,1996-08-15,86
1996-08-16,79,1996-08-16,79
1996-08-17,79,1996-08-17,79
1996-08-18,83,1996-08-18,83
1996-08-19,85,1996-08-19,85
1996-08-20,90,1996-08-20,90
1996-08-21,90,1996-08-21,90
1996-08-22,92,1996-08-22,92
1996-08-23,92,1996-08-23,92
1996-08-24,82,1996-08-24,82
1996-08-25,84,1996-08-25,84
1996-08-26,85,1996-08-26,85
1996-08-27,85,1996-08-27,85
1996-08-28,85,1996-08-28,85
1996-08-29,83,1996-08-29,83
1996-08-30,82,1996-08-30,82
1996-08-31,83,1996-08-31,83
1996-09-01,85,1996-09-01,85
1996-09-02,84,1996-09-02,84
1996-09-03,82,1996-09-03,82
1996-09-04,84,1996-09-04,84
1996-09-05,87,1996-09-05,87
1996-09-06,75,1996-09-06,75
1996-09-07,83,1996-09-07,83
1996-09-08,82,1996-09-08,82
1996-09-09,80,1996-09-09,80
1996-09-10,78,1996-09-10,78
1996-09-11,83,1996-09-11,83
1996-09-12,75,1996-09-12,75
1996-09-13,63,1996-09-13,63
1996-09-14,67,1996-09-14,67
1996-09-15,71,1996-09-15,71
1996-09-16,60,1996-09-16,60
1996-09-17,71,1996-09-17,71
1996-09-18,73,1996-09-18,73
1996-09-19,74,1996-09-19,74
1996-09-20,75,1996-09-20,75
1996-09-21,75,1996-09-21,75
1996-09-22,72,1996-09-22,72
1996-09-23,70,1996-09-23,70
1996-09-24,69,1996-09-24,69
1996-09-25,67,1996-09-25,67
1996-09-26,71,1996-09-26,71
1996-09-27,73,1996-09-27,73
1996-09-28,65,1996-09-28,65
1996-09-29,69,1996-09-29,69
1996-09-30,74,1996-09-30,74
1996-10-01,77,1996-10-01,77
1996-10-02,79,1996-10-02,79
1996-10-03,57,1996-10-03,57
1996-10-04,56,1996-10-04,56
1996-10-05,67,1996-10-05,67
1996-10-06,71,1996-10-06,71
1996-10-07,73,1996-10-07,73
1996-10-08,72,1996-10-08,72
1996-10-09,56,1996-10-09,56
1996-10-10,52,1996-10-10,52
1996-10-11,55,1996-10-11,55
1996-10-12,67,1996-10-12,67
1996-10-13,74,1996-10-13,74
1996-10-14,74,1996-10-14,74
1996-10-15,73,1996-10-15,73
1996-10-16,75,1996-10-16,75
1996-10-17,77,1996-10-17,77
1996-10-18,67,1996-10-18,67
1996-10-19,51,1996-10-19,51
1996-10-20,53,1996-10-20,53
1996-10-21,60,1996-10-21,60
1996-10-22,64,1996-10-22,64
1996-10-23,68,1996-10-23,68
1996-10-24,62,1996-10-24,62
1996-10-25,64,1996-10-25,64
1996-10-26,62,1996-10-26,62
1996-10-27,68,1996-10-27,68
1996-10-28,63,1996-10-28,63
1996-10-29,68,1996-10-29,68
1996-10-30,72,1996-10-30,72
1996-10-31,49,1996-10-31,49
1996-11-01,46,1996-11-01,46
1996-11-02,39,1996-11-02,39
1996-11-03,44,1996-11-03,44
1996-11-04,54,1996-11-04,54
1996-11-05,56,1996-11-05,56
1996-11-06,61,1996-11-06,61
1996-11-07,72,1996-11-07,72
1996-11-08,48,1996-11-08,48
1996-11-09,41,1996-11-09,41
1996-11-10,36,1996-11-10,36
1996-11-11,34,1996-11-11,34
1996-11-12,35,1996-11-12,35
1996-11-13,32,1996-11-13,32
1996-11-14,35,1996-11-14,35
1996-11-15,41,1996-11-15,41
1996-11-16,52,1996-11-16,52
1996-11-17,58,1996-11-17,58
1996-11-18,51,1996-11-18,51
1996-11-19,41,1996-11-19,41
1996-11-20,39,1996-11-20,39
1996-11-21,37,1996-11-21,37
1996-11-22,33,1996-11-22,33
1996-11-23,43,1996-11-23,43
1996-11-24,47,1996-11-24,47
1996-11-25,45,1996-11-25,45
1996-11-26,39,1996-11-26,39
1996-11-27,29,1996-11-27,29
1996-11-28,36,1996-11-28,36
1996-11-29,45,1996-11-29,45
1996-11-30,53,1996-11-30,53
1996-12-01,61,1996-12-01,61
1996-12-02,45,1996-12-02,45
1996-12-03,45,1996-12-03,45
1996-12-04,35,1996-12-04,35
1996-12-05,41,1996-12-05,41
1996-12-06,41,1996-12-06,41
1996-12-07,46,1996-12-07,46
1996-12-08,33,1996-12-08,33
1996-12-09,36,1996-12-09,36
1996-12-10,53,1996-12-10,53
1996-12-11,62,1996-12-11,62
1996-12-12,60,1996-12-12,60
1996-12-13,41,1996-12-13,41
1996-12-14,47,1996-12-14,47
1996-12-15,52,1996-12-15,52
1996-12-16,47,1996-12-16,47
1996-12-17,45,1996-12-17,45
1996-12-18,33,1996-12-18,33
1996-12-19,22,1996-12-19,22
1996-12-20,17,1996-12-20,17
1996-12-21,35,1996-12-21,35
1996-12-22,37,1996-12-22,37
1996-12-23,54,1996-12-23,54
1996-12-24,52,1996-12-24,52
1996-12-25,28,1996-12-25,28
1996-12-26,39,1996-12-26,39
1996-12-27,47,1996-12-27,47
1996-12-28,63,1996-12-28,63
1996-12-29,61,1996-12-29,61
1996-12-30,46,1996-12-30,46
1996-12-31,48,1996-12-31,48
1997-01-01,49,1997-01-01,49
1997-01-02,57,1997-01-02,57
1997-01-03,60,1997-01-03,60
1997-01-04,67,1997-01-04,67
1997-01-05,65,1997-01-05,65
1997-01-06,32,1997-01-06,32
1997-01-07,30,1997-01-07,30
1997-01-08,29,1997-01-08,29
1997-01-09,37,1997-01-09,37
1997-01-10,28,1997-01-10,28
1997-01-11,10,1997-01-11,10
1997-01-12,13,1997-01-12,13
1997-01-13,13,1997-01-13,13
1997-01-14,23,1997-01-14,23
1997-01-15,43,1997-01-15,43
1997-01-16,42,1997-01-16,42
1997-01-17,10,1997-01-17,10
1997-01-18,13,1997-01-18,13
1997-01-19,25,1997-01-19,25
1997-01-20,45,1997-01-20,45
1997-01-21,51,1997-01-21,51
1997-01-22,53,1997-01-22,53
1997-01-23,40,1997-01-23,40
1997-01-24,47,1997-01-24,47
1997-01-25,43,1997-01-25,43
1997-01-26,26,1997-01-26,26
1997-01-27,39,1997-01-27,39
1997-01-28,38,1997-01-28,38
1997-01-29,30,1997-01-29,30
1997-01-30,37,1997-01-30,37
1997-01-31,47,1997-01-31,47
1997-02-01,42,1997-02-01,42
1997-02-02,44,1997-02-02,44
1997-02-03,43,1997-02-03,43
1997-02-04,51,1997-02-04,51
1997-02-05,40,1997-02-05,40
1997-02-06,33,1997-02-06,33
1997-02-07,34,1997-02-07,34
1997-02-08,34,1997-02-08,34
1997-02-09,32,1997-02-09,32
1997-02-10,31,1997-02-10,31
1997-02-11,33,1997-02-11,33
1997-02-12,34,1997-02-12,34
1997-02-13,32,1997-02-13,32
1997-02-14,36,1997-02-14,36
1997-02-15,32,1997-02-15,32
1997-02-16,35,1997-02-16,35
1997-02-17,40,1997-02-17,40
1997-02-18,62,1997-02-18,62
1997-02-19,55,1997-02-19,55
1997-02-20,59,1997-02-20,59
1997-02-21,71,1997-02-21,71
1997-02-22,60,1997-02-22,60
1997-02-23,45,1997-02-23,45
1997-02-24,43,1997-02-24,43
1997-02-25,41,1997-02-25,41
1997-02-26,56,1997-02-26,56
1997-02-27,64,1997-02-27,64
1997-02-28,57,1997-02-28,57
1997-03-01,65,1997-03-01,65
1997-03-02,60,1997-03-02,60
1997-03-03,38,1997-03-03,38
1997-03-04,52,1997-03-04,52
1997-03-05,49,1997-03-05,49
1997-03-06,39,1997-03-06,39
1997-03-07,45,1997-03-07,45
1997-03-08,54,1997-03-08,54
1997-03-09,52,1997-03-09,52
1997-03-10,52,1997-03-10,52
1997-03-11,54,1997-03-11,54
1997-03-12,50,1997-03-12,50
1997-03-13,43,1997-03-13,43
1997-03-14,56,1997-03-14,56
1997-03-15,31,1997-03-15,31
1997-03-16,36,1997-03-16,36
1997-03-17,52,1997-03-17,52
1997-03-18,46,1997-03-18,46
1997-03-19,50,1997-03-19,50
1997-03-20,52,1997-03-20,52
1997-03-21,70,1997-03-21,70
1997-03-22,61,1997-03-22,61
1997-03-23,50,1997-03-23,50
1997-03-24,50,1997-03-24,50
1997-03-25,68,1997-03-25,68
1997-03-26,51,1997-03-26,51
1997-03-27,71,1997-03-27,71
1997-03-28,68,1997-03-28,68
1997-03-29,59,1997-03-29,59
1997-03-30,49,1997-03-30,49
1997-03-31,44,1997-03-31,44
1997-04-01,58,1997-04-01,58
1997-04-02,64,1997-04-02,64
1997-04-03,70,1997-04-03,70
1997-04-04,77,1997-04-04,77
1997-04-05,69,1997-04-05,69
1997-04-06,74,1997-04-06,74
1997-04-07,49,1997-04-07,49
1997-04-08,54,1997-04-08,54
1997-04-09,39,1997-04-09,39
1997-04-10,46,1997-04-10,46
1997-04-11,64,1997-04-11,64
1997-04-12,65,1997-04-12,65
1997-04-13,43,1997-04-13,43
1997-04-14,53,1997-04-14,53
1997-04-15,60,1997-04-15,60
1997-04-16,59,1997-04-16,59
1997-04-17,45,1997-04-17,45
1997-04-18,54,1997-04-18,54
1997-04-19,59,1997-04-19,59
1997-04-20,63,1997-04-20,63
1997-04-21,61,1997-04-21,61
1997-04-22,58,1997-04-22,58
1997-04-23,59,1997-04-23,59
1997-04-24,60,1997-04-24,60
1997-04-25,60,1997-04-25,60
1997-04-26,65,1997-04-26,65
1997-04-27,56,1997-04-27,56
1997-04-28,60,1997-04-28,60
1997-04-29,68,1997-04-29,68
1997-04-30,77,1997-04-30,77
1997-05-01,59,1997-05-01,59
1997-05-02,64,1997-05-02,64
1997-05-03,63,1997-05-03,63
1997-05-04,62,1997-05-04,62
1997-05-05,69,1997-05-05,69
1997-05-06,64,1997-05-06,64
1997-05-07,66,1997-05-07,66
1997-05-08,60,1997-05-08,60
1997-05-09,59,1997-05-09,59
1997-05-10,59,1997-05-10,59
1997-05-11,69,1997-05-11,69
1997-05-12,65,1997-05-12,65
1997-05-13,63,1997-05-13,63
1997-05-14,64,1997-05-14,64
1997-05-15,58,1997-05-15,58
1997-05-16,59,1997-05-16,59
1997-05-17,75,1997-05-17,75
1997-05-18,83,1997-05-18,83
1997-05-19,84,1997-05-19,84
1997-05-20,63,1997-05-20,63
1997-05-21,61,1997-05-21,61
1997-05-22,65,1997-05-22,65
1997-05-23,70,1997-05-23,70
1997-05-24,82,1997-05-24,82
1997-05-25,72,1997-05-25,72
1997-05-26,68,1997-05-26,68
1997-05-27,71,1997-05-27,71
1997-05-28,71,1997-05-28,71
1997-05-29,63,1997-05-29,63
1997-05-30,71,1997-05-30,71
1997-05-31,66,1997-05-31,66
1997-06-01,75,1997-06-01,75
1997-06-02,77,1997-06-02,77
1997-06-03,64,1997-06-03,64
1997-06-04,73,1997-06-04,73
1997-06-05,76,1997-06-05,76
1997-06-06,75,1997-06-06,75
1997-06-07,68,1997-06-07,68
1997-06-08,67,1997-06-08,67
1997-06-09,77,1997-06-09,77
1997-06-10,82,1997-06-10,82
1997-06-11,79,1997-06-11,79
1997-06-12,78,1997-06-12,78
1997-06-13,78,1997-06-13,78
1997-06-14,75,1997-06-14,75
1997-06-15,79,1997-06-15,79
1997-06-16,82,1997-06-16,82
1997-06-17,77,1997-06-17,77
1997-06-18,74,1997-06-18,74
1997-06-19,84,1997-06-19,84
1997-06-20,88,1997-06-20,88
1997-06-21,89,1997-06-21,89
1997-06-22,85,1997-06-22,85
1997-06-23,88,1997-06-23,88
1997-06-24,90,1997-06-24,90
1997-06-25,92,1997-06-25,92
1997-06-26,83,1997-06-26,83
1997-06-27,85,1997-06-27,85
1997-06-28,86,1997-06-28,86
1997-06-29,86,1997-06-29,86
1997-06-30,77,1997-06-30,77
1997-07-01,85,1997-07-01,85
1997-07-02,89,1997-07-02,89
1997-07-03,83,1997-07-03,83
1997-07-04,76,1997-07-04,76
1997-07-05,76,1997-07-05,76
1997-07-06,80,1997-07-06,80
1997-07-07,82,1997-07-07,82
1997-07-08,86,1997-07-08,86
1997-07-09,76,1997-07-09,76
1997-07-10,77,1997-07-10,77
1997-07-11,84,1997-07-11,84
1997-07-12,86,1997-07-12,86
1997-07-13,88,1997-07-13,88
1997-07-14,91,1997-07-14,91
1997-07-15,86,1997-07-15,86
1997-07-16,92,1997-07-16,92
1997-07-17,93,1997-07-17,93
1997-07-18,92,1997-07-18,92
1997-07-19,86,1997-07-19,86
1997-07-20,87,1997-07-20,87
1997-07-21,90,1997-07-21,90
1997-07-22,75,1997-07-22,75
1997-07-23,78,1997-07-23,78
1997-07-24,84,1997-07-24,84
1997-07-25,84,1997-07-25,84
1997-07-26,90,1997-07-26,90
1997-07-27,94,1997-07-27,94
1997-07-28,89,1997-07-28,89
1997-07-29,79,1997-07-29,79
1997-07-30,79,1997-07-30,79
1997-07-31,84,1997-07-31,84
1997-08-01,83,1997-08-01,83
1997-08-02,82,1997-08-02,82
1997-08-03,91,1997-08-03,91
1997-08-04,82,1997-08-04,82
1997-08-05,74,1997-08-05,74
1997-08-06,75,1997-08-06,75
1997-08-07,78,1997-08-07,78
1997-08-08,82,1997-08-08,82
1997-08-09,84,1997-08-09,84
1997-08-10,80,1997-08-10,80
1997-08-11,82,1997-08-11,82
1997-08-12,86,1997-08-12,86
1997-08-13,81,1997-08-13,81
1997-08-14,78,1997-08-14,78
1997-08-15,85,1997-08-15,85
1997-08-16,90,1997-08-16,90
1997-08-17,83,1997-08-17,83
1997-08-18,74,1997-08-18,74
1997-08-19,77,1997-08-19,77
1997-08-20,71,1997-08-20,71
1997-08-21,73,1997-08-21,73
1997-08-22,68,1997-08-22,68
1997-08-23,73,1997-08-23,73
1997-08-24,68,1997-08-24,68
1997-08-25,78,1997-08-25,78
1997-08-26,80,1997-08-26,80
1997-08-27,83,1997-08-27,83
1997-08-28,84,1997-08-28,84
1997-08-29,73,1997-08-29,73
1997-08-30,76,1997-08-30,76
1997-08-31,81,1997-08-31,81
1997-09-01,86,1997-09-01,86
1997-09-02,88,1997-09-02,88
1997-09-03,71,1997-09-03,71
1997-09-04,71,1997-09-04,71
1997-09-05,75,1997-09-05,75
1997-09-06,78,1997-09-06,78
1997-09-07,83,1997-09-07,83
1997-09-08,80,1997-09-08,80
1997-09-09,78,1997-09-09,78
1997-09-10,69,1997-09-10,69
1997-09-11,67,1997-09-11,67
1997-09-12,73,1997-09-12,73
1997-09-13,75,1997-09-13,75
1997-09-14,78,1997-09-14,78
1997-09-15,79,1997-09-15,79
1997-09-16,82,1997-09-16,82
1997-09-17,76,1997-09-17,76
1997-09-18,80,1997-09-18,80
1997-09-19,83,1997-09-19,83
1997-09-20,78,1997-09-20,78
1997-09-21,65,1997-09-21,65
1997-09-22,67,1997-09-22,67
1997-09-23,62,1997-09-23,62
1997-09-24,66,1997-09-24,66
1997-09-25,78,1997-09-25,78
1997-09-26,72,1997-09-26,72
1997-09-27,75,1997-09-27,75
1997-09-28,76,1997-09-28,76
1997-09-29,77,1997-09-29,77
1997-09-30,68,1997-09-30,68
1997-10-01,62,1997-10-01,62
1997-10-02,68,1997-10-02,68
1997-10-03,81,1997-10-03,81
1997-10-04,85,1997-10-04,85
1997-10-05,86,1997-10-05,86
1997-10-06,84,1997-10-06,84
1997-10-07,82,1997-10-07,82
1997-10-08,82,1997-10-08,82
1997-10-09,84,1997-10-09,84
1997-10-10,74,1997-10-10,74
1997-10-11,70,1997-10-11,70
1997-10-12,81,1997-10-12,81
1997-10-13,84,1997-10-13,84
1997-10-14,61,1997-10-14,61
1997-10-15,58,1997-10-15,58
1997-10-16,56,1997-10-16,56
1997-10-17,58,1997-10-17,58
1997-10-18,62,1997-10-18,62
1997-10-19,64,1997-10-19,64
1997-10-20,58,1997-10-20,58
1997-10-21,57,1997-10-21,57
1997-10-22,46,1997-10-22,46
1997-10-23,52,1997-10-23,52
1997-10-24,52,1997-10-24,52
1997-10-25,56,1997-10-25,56
1997-10-26,58,1997-10-26,58
1997-10-27,53,1997-10-27,53
1997-10-28,49,1997-10-28,49
1997-10-29,58,1997-10-29,58
1997-10-30,63,1997-10-30,63
1997-10-31,64,1997-10-31,64
1997-11-01,57,1997-11-01,57
1997-11-02,50,1997-11-02,50
1997-11-03,42,1997-11-03,42
1997-11-04,41,1997-11-04,41
1997-11-05,50,1997-11-05,50
1997-11-06,51,1997-11-06,51
1997-11-07,48,1997-11-07,48
1997-11-08,49,1997-11-08,49
1997-11-09,47,1997-11-09,47
1997-11-10,45,1997-11-10,45
1997-11-11,43,1997-11-11,43
1997-11-12,36,1997-11-12,36
1997-11-13,39,1997-11-13,39
1997-11-14,37,1997-11-14,37
1997-11-15,36,1997-11-15,36
1997-11-16,34,1997-11-16,34
1997-11-17,34,1997-11-17,34
1997-11-18,40,1997-11-18,40
1997-11-19,51,1997-11-19,51
1997-11-20,53,1997-11-20,53
1997-11-21,49,1997-11-21,49
1997-11-22,44,1997-11-22,44
1997-11-23,42,1997-11-23,42
1997-11-24,37,1997-11-24,37
1997-11-25,55,1997-11-25,55
1997-11-26,55,1997-11-26,55
1997-11-27,47,1997-11-27,47
1997-11-28,62,1997-11-28,62
1997-11-29,61,1997-11-29,61
1997-11-30,56,1997-11-30,56
1997-12-01,41,1997-12-01,41
1997-12-02,43,1997-12-02,43
1997-12-03,55,1997-12-03,55
1997-12-04,49,1997-12-04,49
1997-12-05,33,1997-12-05,33
1997-12-06,28,1997-12-06,28
1997-12-07,34,1997-12-07,34
1997-12-08,33,1997-12-08,33
1997-12-09,36,1997-12-09,36
1997-12-10,46,1997-12-10,46
1997-12-11,35,1997-12-11,35
1997-12-12,33,1997-12-12,33
1997-12-13,36,1997-12-13,36
1997-12-14,34,1997-12-14,34
1997-12-15,44,1997-12-15,44
1997-12-16,49,1997-12-16,49
1997-12-17,48,1997-12-17,48
1997-12-18,45,1997-12-18,45
1997-12-19,56,1997-12-19,56
1997-12-20,45,1997-12-20,45
1997-12-21,40,1997-12-21,40
1997-12-22,50,1997-12-22,50
1997-12-23,44,1997-12-23,44
1997-12-24,49,1997-12-24,49
1997-12-25,47,1997-12-25,47
1997-12-26,36,1997-12-26,36
1997-12-27,36,1997-12-27,36
1997-12-28,35,1997-12-28,35
1997-12-29,36,1997-12-29,36
1997-12-30,31,1997-12-30,31
1997-12-31,25,1997-12-31,25
1998-01-01,37,1998-01-01,37
1998-01-02,48,1998-01-02,48
1998-01-03,56,1998-01-03,56
1998-01-04,58,1998-01-04,58
1998-01-05,65,1998-01-05,65
1998-01-06,60,1998-01-06,60
1998-01-07,61,1998-01-07,61
1998-01-08,53,1998-01-08,53
1998-01-09,50,1998-01-09,50
1998-01-10,41,1998-01-10,41
1998-01-11,37,1998-01-11,37
1998-01-12,49,1998-01-12,49
1998-01-13,49,1998-01-13,49
1998-01-14,35,1998-01-14,35
1998-01-15,39,1998-01-15,39
1998-01-16,35,1998-01-16,35
1998-01-17,34,1998-01-17,34
1998-01-18,32,1998-01-18,32
1998-01-19,32,1998-01-19,32
1998-01-20,29,1998-01-20,29
1998-01-21,34,1998-01-21,34
1998-01-22,41,1998-01-22,41
1998-01-23,45,1998-01-23,45
1998-01-24,34,1998-01-24,34
1998-01-25,34,1998-01-25,34
1998-01-26,46,1998-01-26,46
1998-01-27,46,1998-01-27,46
1998-01-28,52,1998-01-28,52
1998-01-29,46,1998-01-29,46
1998-01-30,35,1998-01-30,35
1998-01-31,38,1998-01-31,38
1998-02-01,50,1998-02-01,50
1998-02-02,55,1998-02-02,55
1998-02-03,40,1998-02-03,40
1998-02-04,33,1998-02-04,33
1998-02-05,32,1998-02-05,32
1998-02-06,41,1998-02-06,41
1998-02-07,49,1998-02-07,49
1998-02-08,46,1998-02-08,46
1998-02-09,51,1998-02-09,51
1998-02-10,53,1998-02-10,53
1998-02-11,53,1998-02-11,53
1998-02-12,43,1998-02-12,43
1998-02-13,41,1998-02-13,41
1998-02-14,45,1998-02-14,45
1998-02-15,49,1998-02-15,49
1998-02-16,47,1998-02-16,47
1998-02-17,53,1998-02-17,53
1998-02-18,48,1998-02-18,48
1998-02-19,42,1998-02-19,42
1998-02-20,42,1998-02-20,42
1998-02-21,45,1998-02-21,45
1998-02-22,50,1998-02-22,50
1998-02-23,43,1998-02-23,43
1998-02-24,42,1998-02-24,42
1998-02-25,52,1998-02-25,52
1998-02-26,59,1998-02-26,59
1998-02-27,65,1998-02-27,65
1998-02-28,56,1998-02-28,56
1998-03-01,50,1998-03-01,50
1998-03-02,45,1998-03-02,45
1998-03-03,38,1998-03-03,38
1998-03-04,38,1998-03-04,38
1998-03-05,39,1998-03-05,39
1998-03-06,49,1998-03-06,49
1998-03-07,56,1998-03-07,56
1998-03-08,61,1998-03-08,61
1998-03-09,59,1998-03-09,59
1998-03-10,28,1998-03-10,28
1998-03-11,24,1998-03-11,24
1998-03-12,28,1998-03-12,28
1998-03-13,36,1998-03-13,36
1998-03-14,42,1998-03-14,42
1998-03-15,38,1998-03-15,38
1998-03-16,46,1998-03-16,46
1998-03-17,49,1998-03-17,49
1998-03-18,57,1998-03-18,57
1998-03-19,61,1998-03-19,61
1998-03-20,49,1998-03-20,49
1998-03-21,37,1998-03-21,37
1998-03-22,40,1998-03-22,40
1998-03-23,43,1998-03-23,43
1998-03-24,48,1998-03-24,48
1998-03-25,54,1998-03-25,54
1998-03-26,76,1998-03-26,76
1998-03-27,80,1998-03-27,80
1998-03-28,75,1998-03-28,75
1998-03-29,82,1998-03-29,82
1998-03-30,82,1998-03-30,82
1998-03-31,83,1998-03-31,83
1998-04-01,64,1998-04-01,64
1998-04-02,56,1998-04-02,56
1998-04-03,55,1998-04-03,55
1998-04-04,49,1998-04-04,49
1998-04-05,56,1998-04-05,56
1998-04-06,61,1998-04-06,61
1998-04-07,67,1998-04-07,67
1998-04-08,74,1998-04-08,74
1998-04-09,57,1998-04-09,57
1998-04-10,56,1998-04-10,56
1998-04-11,60,1998-04-11,60
1998-04-12,68,1998-04-12,68
1998-04-13,73,1998-04-13,73
1998-04-14,66,1998-04-14,66
1998-04-15,67,1998-04-15,67
1998-04-16,73,1998-04-16,73
1998-04-17,59,1998-04-17,59
1998-04-18,57,1998-04-18,57
1998-04-19,49,1998-04-19,49
1998-04-20,63,1998-04-20,63
1998-04-21,65,1998-04-21,65
1998-04-22,67,1998-04-22,67
1998-04-23,67,1998-04-23,67
1998-04-24,74,1998-04-24,74
1998-04-25,73,1998-04-25,73
1998-04-26,68,1998-04-26,68
1998-04-27,59,1998-04-27,59
1998-04-28,66,1998-04-28,66
1998-04-29,66,1998-04-29,66
1998-04-30,64,1998-04-30,64
1998-05-01,64,1998-05-01,64
1998-05-02,61,1998-05-02,61
1998-05-03,71,1998-05-03,71
1998-05-04,68,1998-05-04,68
1998-05-05,72,1998-05-05,72
1998-05-06,77,1998-05-06,77
1998-05-07,68,1998-05-07,68
1998-05-08,72,1998-05-08,72
1998-05-09,73,1998-05-09,73
1998-05-10,74,1998-05-10,74
1998-05-11,66,1998-05-11,66
1998-05-12,74,1998-05-12,74
1998-05-13,82,1998-05-13,82
1998-05-14,87,1998-05-14,87
1998-05-15,88,1998-05-15,88
1998-05-16,87,1998-05-16,87
1998-05-17,83,1998-05-17,83
1998-05-18,86,1998-05-18,86
1998-05-19,90,1998-05-19,90
1998-05-20,87,1998-05-20,87
1998-05-21,76,1998-05-21,76
1998-05-22,71,1998-05-22,71
1998-05-23,74,1998-05-23,74
1998-05-24,77,1998-05-24,77
1998-05-25,72,1998-05-25,72
1998-05-26,74,1998-05-26,74
1998-05-27,80,1998-05-27,80
1998-05-28,86,1998-05-28,86
1998-05-29,90,1998-05-29,90
1998-05-30,86,1998-05-30,86
1998-05-31,84,1998-05-31,84
1998-06-01,77,1998-06-01,77
1998-06-02,88,1998-06-02,88
1998-06-03,69,1998-06-03,69
1998-06-04,66,1998-06-04,66
1998-06-05,60,1998-06-05,60
1998-06-06,64,1998-06-06,64
1998-06-07,69,1998-06-07,69
1998-06-08,71,1998-06-08,71
1998-06-09,63,1998-06-09,63
1998-06-10,84,1998-06-10,84
1998-06-11,73,1998-06-11,73
1998-06-12,87,1998-06-12,87
1998-06-13,79,1998-06-13,79
1998-06-14,77,1998-06-14,77
1998-06-15,76,1998-06-15,76
1998-06-16,76,1998-06-16,76
1998-06-17,84,1998-06-17,84
1998-06-18,88,1998-06-18,88
1998-06-19,86,1998-06-19,86
1998-06-20,88,1998-06-20,88
1998-06-21,82,1998-06-21,82
1998-06-22,89,1998-06-22,89
1998-06-23,82,1998-06-23,82
1998-06-24,91,1998-06-24,91
1998-06-25,94,1998-06-25,94
1998-06-26,94,1998-06-26,94
1998-06-27,93,1998-06-27,93
1998-06-28,92,1998-06-28,92
1998-06-29,83,1998-06-29,83
1998-06-30,82,1998-06-30,82
1998-07-01,83,1998-07-01,83
1998-07-02,83,1998-07-02,83
1998-07-03,86,1998-07-03,86
1998-07-04,84,1998-07-04,84
1998-07-05,81,1998-07-05,81
1998-07-06,83,1998-07-06,83
1998-07-07,84,1998-07-07,84
1998-07-08,86,1998-07-08,86
1998-07-09,85,1998-07-09,85
1998-07-10,82,1998-07-10,82
1998-07-11,79,1998-07-11,79
1998-07-12,82,1998-07-12,82
1998-07-13,86,1998-07-13,86
1998-07-14,81,1998-07-14,81
1998-07-15,84,1998-07-15,84
1998-07-16,84,1998-07-16,84
1998-07-17,85,1998-07-17,85
1998-07-18,84,1998-07-18,84
1998-07-19,89,1998-07-19,89
1998-07-20,88,1998-07-20,88
1998-07-21,93,1998-07-21,93
1998-07-22,90,1998-07-22,90
1998-07-23,84,1998-07-23,84
1998-07-24,79,1998-07-24,79
1998-07-25,81,1998-07-25,81
1998-07-26,82,1998-07-26,82
1998-07-27,83,1998-07-27,83
1998-07-28,86,1998-07-28,86
1998-07-29,88,1998-07-29,88
1998-07-30,82,1998-07-30,82
1998-07-31,81,1998-07-31,81
1998-08-01,82,1998-08-01,82
1998-08-02,85,1998-08-02,85
1998-08-03,85,1998-08-03,85
1998-08-04,86,1998-08-04,86
1998-08-05,86,1998-08-05,86
1998-08-06,91,1998-08-06,91
1998-08-07,93,1998-08-07,93
1998-08-08,92,1998-08-08,92
1998-08-09,86,1998-08-09,86
1998-08-10,82,1998-08-10,82
1998-08-11,85,1998-08-11,85
1998-08-12,83,1998-08-12,83
1998-08-13,84,1998-08-13,84
1998-08-14,85,1998-08-14,85
1998-08-15,84,1998-08-15,84
1998-08-16,87,1998-08-16,87
1998-08-17,89,1998-08-17,89
1998-08-18,85,1998-08-18,85
1998-08-19,78,1998-08-19,78
1998-08-20,85,1998-08-20,85
1998-08-21,90,1998-08-21,90
1998-08-22,88,1998-08-22,88
1998-08-23,90,1998-08-23,90
1998-08-24,92,1998-08-24,92
1998-08-25,95,1998-08-25,95
1998-08-26,84,1998-08-26,84
1998-08-27,85,1998-08-27,85
1998-08-28,88,1998-08-28,88
1998-08-29,87,1998-08-29,87
1998-08-30,89,1998-08-30,89
1998-08-31,83,1998-08-31,83
1998-09-01,82,1998-09-01,82
1998-09-02,81,1998-09-02,81
1998-09-03,84,1998-09-03,84
1998-09-04,85,1998-09-04,85
1998-09-05,88,1998-09-05,88
1998-09-06,97,1998-09-06,97
1998-09-07,84,1998-09-07,84
1998-09-08,69,1998-09-08,69
1998-09-09,73,1998-09-09,73
1998-09-10,78,1998-09-10,78
1998-09-11,86,1998-09-11,86
1998-09-12,91,1998-09-12,91
1998-09-13,91,1998-09-13,91
1998-09-14,96,1998-09-14,96
1998-09-15,90,1998-09-15,90
1998-09-16,82,1998-09-16,82
1998-09-17,80,1998-09-17,80
1998-09-18,86,1998-09-18,86
1998-09-19,87,1998-09-19,87
1998-09-20,90,1998-09-20,90
1998-09-21,85,1998-09-21,85
1998-09-22,76,1998-09-22,76
1998-09-23,67,1998-09-23,67
1998-09-24,76,1998-09-24,76
1998-09-25,83,1998-09-25,83
1998-09-26,92,1998-09-26,92
1998-09-27,90,1998-09-27,90
1998-09-28,76,1998-09-28,76
1998-09-29,82,1998-09-29,82
1998-09-30,80,1998-09-30,80
1998-10-01,70,1998-10-01,70
1998-10-02,63,1998-10-02,63
1998-10-03,55,1998-10-03,55
1998-10-04,58,1998-10-04,58
1998-10-05,77,1998-10-05,77
1998-10-06,84,1998-10-06,84
1998-10-07,74,1998-10-07,74
1998-10-08,60,1998-10-08,60
1998-10-09,61,1998-10-09,61
1998-10-10,66,1998-10-10,66
1998-10-11,70,1998-10-11,70
1998-10-12,76,1998-10-12,76
1998-10-13,68,1998-10-13,68
1998-10-14,58,1998-10-14,58
1998-10-15,65,1998-10-15,65
1998-10-16,75,1998-10-16,75
1998-10-17,79,1998-10-17,79
1998-10-18,72,1998-10-18,72
1998-10-19,63,1998-10-19,63
1998-10-20,62,1998-10-20,62
1998-10-21,58,1998-10-21,58
1998-10-22,51,1998-10-22,51
1998-10-23,60,1998-10-23,60
1998-10-24,65,1998-10-24,65
1998-10-25,66,1998-10-25,66
1998-10-26,70,1998-10-26,70
1998-10-27,67,1998-10-27,67
1998-10-28,65,1998-10-28,65
1998-10-29,65,1998-10-29,65
1998-10-30,60,1998-10-30,60
1998-10-31,62,1998-10-31,62
1998-11-01,58,1998-11-01,58
1998-11-02,51,1998-11-02,51
1998-11-03,48,1998-11-03,48
1998-11-04,44,1998-11-04,44
1998-11-05,44,1998-11-05,44
1998-11-06,43,1998-11-06,43
1998-11-07,47,1998-11-07,47
1998-11-08,45,1998-11-08,45
1998-11-09,52,1998-11-09,52
1998-11-10,71,1998-11-10,71
1998-11-11,52,1998-11-11,52
1998-11-12,52,1998-11-12,52
1998-11-13,55,1998-11-13,55
1998-11-14,59,1998-11-14,59
1998-11-15,53,1998-11-15,53
1998-11-16,56,1998-11-16,56
1998-11-17,54,1998-11-17,54
1998-11-18,55,1998-11-18,55
1998-11-19,60,1998-11-19,60
1998-11-20,52,1998-11-20,52
1998-11-21,41,1998-11-21,41
1998-11-22,53,1998-11-22,53
1998-11-23,61,1998-11-23,61
1998-11-24,57,1998-11-24,57
1998-11-25,56,1998-11-25,56
1998-11-26,55,1998-11-26,55
1998-11-27,57,1998-11-27,57
1998-11-28,67,1998-11-28,67
1998-11-29,67,1998-11-29,67
1998-11-30,69,1998-11-30,69
1998-12-01,59,1998-12-01,59
1998-12-02,63,1998-12-02,63
1998-12-03,65,1998-12-03,65
1998-12-04,65,1998-12-04,65
1998-12-05,65,1998-12-05,65
1998-12-06,73,1998-12-06,73
1998-12-07,69,1998-12-07,69
1998-12-08,45,1998-12-08,45
1998-12-09,46,1998-12-09,46
1998-12-10,44,1998-12-10,44
1998-12-11,43,1998-12-11,43
1998-12-12,45,1998-12-12,45
1998-12-13,47,1998-12-13,47
1998-12-14,46,1998-12-14,46
1998-12-15,49,1998-12-15,49
1998-12-16,44,1998-12-16,44
1998-12-17,39,1998-12-17,39
1998-12-18,43,1998-12-18,43
1998-12-19,45,1998-12-19,45
1998-12-20,46,1998-12-20,46
1998-12-21,59,1998-12-21,59
1998-12-22,35,1998-12-22,35
1998-12-23,21,1998-12-23,21
1998-12-24,29,1998-12-24,29
1998-12-25,30,1998-12-25,30
1998-12-26,38,1998-12-26,38
1998-12-27,41,1998-12-27,41
1998-12-28,39,1998-12-28,39
1998-12-29,42,1998-12-29,42
1998-12-30,24,1998-12-30,24
1998-12-31,23,1998-12-31,23
1999-01-01,20,1999-01-01,20
1999-01-02,39,1999-01-02,39
1999-01-03,39,1999-01-03,39
1999-01-04,16,1999-01-04,16
1999-01-05,11,1999-01-05,11
1999-01-06,32,1999-01-06,32
1999-01-07,21,1999-01-07,21
1999-01-08,31,1999-01-08,31
1999-01-09,27,1999-01-09,27
1999-01-10,19,1999-01-10,19
1999-01-11,38,1999-01-11,38
1999-01-12,43,1999-01-12,43
1999-01-13,45,1999-01-13,45
1999-01-14,22,1999-01-14,22
1999-01-15,26,1999-01-15,26
1999-01-16,42,1999-01-16,42
1999-01-17,52,1999-01-17,52
1999-01-18,52,1999-01-18,52
1999-01-19,41,1999-01-19,41
1999-01-20,51,1999-01-20,51
1999-01-21,49,1999-01-21,49
1999-01-22,70,1999-01-22,70
1999-01-23,65,1999-01-23,65
1999-01-24,47,1999-01-24,47
1999-01-25,39,1999-01-25,39
1999-01-26,44,1999-01-26,44
1999-01-27,65,1999-01-27,65
1999-01-28,55,1999-01-28,55
1999-01-29,41,1999-01-29,41
1999-01-30,48,1999-01-30,48
1999-01-31,44,1999-01-31,44
1999-02-01,45,1999-02-01,45
1999-02-02,48,1999-02-02,48
1999-02-03,48,1999-02-03,48
1999-02-04,45,1999-02-04,45
1999-02-05,42,1999-02-05,42
1999-02-06,55,1999-02-06,55
1999-02-07,44,1999-02-07,44
1999-02-08,46,1999-02-08,46
1999-02-09,59,1999-02-09,59
1999-02-10,58,1999-02-10,58
1999-02-11,74,1999-02-11,74
1999-02-12,68,1999-02-12,68
1999-02-13,27,1999-02-13,27
1999-02-14,35,1999-02-14,35
1999-02-15,51,1999-02-15,51
1999-02-16,60,1999-02-16,60
1999-02-17,48,1999-02-17,48
1999-02-18,33,1999-02-18,33
1999-02-19,36,1999-02-19,36
1999-02-20,31,1999-02-20,31
1999-02-21,31,1999-02-21,31
1999-02-22,31,1999-02-22,31
1999-02-23,34,1999-02-23,34
1999-02-24,38,1999-02-24,38
1999-02-25,36,1999-02-25,36
1999-02-26,39,1999-02-26,39
1999-02-27,49,1999-02-27,49
1999-02-28,51,1999-02-28,51
1999-03-01,37,1999-03-01,37
1999-03-02,44,1999-03-02,44
1999-03-03,43,1999-03-03,43
1999-03-04,38,1999-03-04,38
1999-03-05,50,1999-03-05,50
1999-03-06,49,1999-03-06,49
1999-03-07,30,1999-03-07,30
1999-03-08,33,1999-03-08,33
1999-03-09,34,1999-03-09,34
1999-03-10,33,1999-03-10,33
1999-03-11,33,1999-03-11,33
1999-03-12,39,1999-03-12,39
1999-03-13,38,1999-03-13,38
1999-03-14,38,1999-03-14,38
1999-03-15,42,1999-03-15,42
1999-03-16,52,1999-03-16,52
1999-03-17,69,1999-03-17,69
1999-03-18,59,1999-03-18,59
1999-03-19,46,1999-03-19,46
1999-03-20,54,1999-03-20,54
1999-03-21,51,1999-03-21,51
1999-03-22,42,1999-03-22,42
1999-03-23,48,1999-03-23,48
1999-03-24,59,1999-03-24,59
1999-03-25,45,1999-03-25,45
1999-03-26,48,1999-03-26,48
1999-03-27,56,1999-03-27,56
1999-03-28,62,1999-03-28,62
1999-03-29,62,1999-03-29,62
1999-03-30,66,1999-03-30,66
1999-03-31,73,1999-03-31,73
1999-04-01,63,1999-04-01,63
1999-04-02,71,1999-04-02,71
1999-04-03,77,1999-04-03,77
1999-04-04,74,1999-04-04,74
1999-04-05,65,1999-04-05,65
1999-04-06,76,1999-04-06,76
1999-04-07,70,1999-04-07,70
1999-04-08,79,1999-04-08,79
1999-04-09,72,1999-04-09,72
1999-04-10,61,1999-04-10,61
1999-04-11,70,1999-04-11,70
1999-04-12,55,1999-04-12,55
1999-04-13,61,1999-04-13,61
1999-04-14,66,1999-04-14,66
1999-04-15,56,1999-04-15,56
1999-04-16,53,1999-04-16,53
1999-04-17,45,1999-04-17,45
1999-04-18,51,1999-04-18,51
1999-04-19,58,1999-04-19,58
1999-04-20,58,1999-04-20,58
1999-04-21,67,1999-04-21,67
1999-04-22,80,1999-04-22,80
1999-04-23,75,1999-04-23,75
1999-04-24,60,1999-04-24,60
1999-04-25,64,1999-04-25,64
1999-04-26,72,1999-04-26,72
1999-04-27,68,1999-04-27,68
1999-04-28,67,1999-04-28,67
1999-04-29,67,1999-04-29,67
1999-04-30,72,1999-04-30,72
1999-05-01,75,1999-05-01,75
1999-05-02,76,1999-05-02,76
1999-05-03,77,1999-05-03,77
1999-05-04,81,1999-05-04,81
1999-05-05,79,1999-05-05,79
1999-05-06,81,1999-05-06,81
1999-05-07,78,1999-05-07,78
1999-05-08,70,1999-05-08,70
1999-05-09,71,1999-05-09,71
1999-05-10,77,1999-05-10,77
1999-05-11,84,1999-05-11,84
1999-05-12,87,1999-05-12,87
1999-05-13,66,1999-05-13,66
1999-05-14,61,1999-05-14,61
1999-05-15,77,1999-05-15,77
1999-05-16,82,1999-05-16,82
1999-05-17,87,1999-05-17,87
1999-05-18,79,1999-05-18,79
1999-05-19,73,1999-05-19,73
1999-05-20,76,1999-05-20,76
1999-05-21,83,1999-05-21,83
1999-05-22,72,1999-05-22,72
1999-05-23,73,1999-05-23,73
1999-05-24,62,1999-05-24,62
1999-05-25,67,1999-05-25,67
1999-05-26,66,1999-05-26,66
1999-05-27,76,1999-05-27,76
1999-05-28,84,1999-05-28,84
1999-05-29,86,1999-05-29,86
1999-05-30,87,1999-05-30,87
1999-05-31,84,1999-05-31,84
1999-06-01,78,1999-06-01,78
1999-06-02,82,1999-06-02,82
1999-06-03,77,1999-06-03,77
1999-06-04,77,1999-06-04,77
1999-06-05,88,1999-06-05,88
1999-06-06,94,1999-06-06,94
1999-06-07,91,1999-06-07,91
1999-06-08,93,1999-06-08,93
1999-06-09,95,1999-06-09,95
1999-06-10,96,1999-06-10,96
1999-06-11,94,1999-06-11,94
1999-06-12,93,1999-06-12,93
1999-06-13,92,1999-06-13,92
1999-06-14,81,1999-06-14,81
1999-06-15,71,1999-06-15,71
1999-06-16,73,1999-06-16,73
1999-06-17,72,1999-06-17,72
1999-06-18,75,1999-06-18,75
1999-06-19,78,1999-06-19,78
1999-06-20,83,1999-06-20,83
1999-06-21,85,1999-06-21,85
1999-06-22,86,1999-06-22,86
1999-06-23,91,1999-06-23,91
1999-06-24,84,1999-06-24,84
1999-06-25,88,1999-06-25,88
1999-06-26,93,1999-06-26,93
1999-06-27,90,1999-06-27,90
1999-06-28,93,1999-06-28,93
1999-06-29,77,1999-06-29,77
1999-06-30,83,1999-06-30,83
1999-07-01,84,1999-07-01,84
1999-07-02,88,1999-07-02,88
1999-07-03,95,1999-07-03,95
1999-07-04,95,1999-07-04,95
1999-07-05,95,1999-07-05,95
1999-07-06,96,1999-07-06,96
1999-07-07,87,1999-07-07,87
1999-07-08,88,1999-07-08,88
1999-07-09,94,1999-07-09,94
1999-07-10,77,1999-07-10,77
1999-07-11,79,1999-07-11,79
1999-07-12,84,1999-07-12,84
1999-07-13,83,1999-07-13,83
1999-07-14,88,1999-07-14,88
1999-07-15,92,1999-07-15,92
1999-07-16,93,1999-07-16,93
1999-07-17,94,1999-07-17,94
1999-07-18,89,1999-07-18,89
1999-07-19,95,1999-07-19,95
1999-07-20,89,1999-07-20,89
1999-07-21,93,1999-07-21,93
1999-07-22,96,1999-07-22,96
1999-07-23,95,1999-07-23,95
1999-07-24,95,1999-07-24,95
1999-07-25,94,1999-07-25,94
1999-07-26,92,1999-07-26,92
1999-07-27,91,1999-07-27,91
1999-07-28,91,1999-07-28,91
1999-07-29,93,1999-07-29,93
1999-07-30,98,1999-07-30,98
1999-07-31,100,1999-07-31,100
1999-08-01,90,1999-08-01,90
1999-08-02,82,1999-08-02,82
1999-08-03,84,1999-08-03,84
1999-08-04,89,1999-08-04,89
1999-08-05,83,1999-08-05,83
1999-08-06,86,1999-08-06,86
1999-08-07,94,1999-08-07,94
1999-08-08,83,1999-08-08,83
1999-08-09,78,1999-08-09,78
1999-08-10,88,1999-08-10,88
1999-08-11,85,1999-08-11,85
1999-08-12,87,1999-08-12,87
1999-08-13,93,1999-08-13,93
1999-08-14,73,1999-08-14,73
1999-08-15,80,1999-08-15,80
1999-08-16,87,1999-08-16,87
1999-08-17,94,1999-08-17,94
1999-08-18,81,1999-08-18,81
1999-08-19,79,1999-08-19,79
1999-08-20,80,1999-08-20,80
1999-08-21,82,1999-08-21,82
1999-08-22,85,1999-08-22,85
1999-08-23,86,1999-08-23,86
1999-08-24,77,1999-08-24,77
1999-08-25,79,1999-08-25,79
1999-08-26,78,1999-08-26,78
1999-08-27,81,1999-08-27,81
1999-08-28,88,1999-08-28,88
1999-08-29,81,1999-08-29,81
1999-08-30,75,1999-08-30,75
1999-08-31,80,1999-08-31,80
1999-09-01,86,1999-09-01,86
1999-09-02,90,1999-09-02,90
1999-09-03,92,1999-09-03,92
1999-09-04,91,1999-09-04,91
1999-09-05,83,1999-09-05,83
1999-09-06,85,1999-09-06,85
1999-09-07,81,1999-09-07,81
1999-09-08,88,1999-09-08,88
1999-09-09,83,1999-09-09,83
1999-09-10,77,1999-09-10,77
1999-09-11,85,1999-09-11,85
1999-09-12,91,1999-09-12,91
1999-09-13,78,1999-09-13,78
1999-09-14,76,1999-09-14,76
1999-09-15,79,1999-09-15,79
1999-09-16,71,1999-09-16,71
1999-09-17,73,1999-09-17,73
1999-09-18,77,1999-09-18,77
1999-09-19,82,1999-09-19,82
1999-09-20,69,1999-09-20,69
1999-09-21,64,1999-09-21,64
1999-09-22,69,1999-09-22,69
1999-09-23,79,1999-09-23,79
1999-09-24,80,1999-09-24,80
1999-09-25,83,1999-09-25,83
1999-09-26,88,1999-09-26,88
1999-09-27,77,1999-09-27,77
1999-09-28,87,1999-09-28,87
1999-09-29,76,1999-09-29,76
1999-09-30,66,1999-09-30,66
1999-10-01,73,1999-10-01,73
1999-10-02,78,1999-10-02,78
1999-10-03,71,1999-10-03,71
1999-10-04,60,1999-10-04,60
1999-10-05,62,1999-10-05,62
1999-10-06,67,1999-10-06,67
1999-10-07,65,1999-10-07,65
1999-10-08,72,1999-10-08,72
1999-10-09,65,1999-10-09,65
1999-10-10,69,1999-10-10,69
1999-10-11,68,1999-10-11,68
1999-10-12,73,1999-10-12,73
1999-10-13,74,1999-10-13,74
1999-10-14,59,1999-10-14,59
1999-10-15,72,1999-10-15,72
1999-10-16,77,1999-10-16,77
1999-10-17,61,1999-10-17,61
1999-10-18,56,1999-10-18,56
1999-10-19,57,1999-10-19,57
1999-10-20,60,1999-10-20,60
1999-10-21,60,1999-10-21,60
1999-10-22,62,1999-10-22,62
1999-10-23,46,1999-10-23,46
1999-10-24,48,1999-10-24,48
1999-10-25,59,1999-10-25,59
1999-10-26,64,1999-10-26,64
1999-10-27,62,1999-10-27,62
1999-10-28,74,1999-10-28,74
1999-10-29,77,1999-10-29,77
1999-10-30,76,1999-10-30,76
1999-10-31,74,1999-10-31,74
1999-11-01,76,1999-11-01,76
1999-11-02,65,1999-11-02,65
1999-11-03,40,1999-11-03,40
1999-11-04,60,1999-11-04,60
1999-11-05,67,1999-11-05,67
1999-11-06,65,1999-11-06,65
1999-11-07,54,1999-11-07,54
1999-11-08,63,1999-11-08,63
1999-11-09,74,1999-11-09,74
1999-11-10,69,1999-11-10,69
1999-11-11,60,1999-11-11,60
1999-11-12,59,1999-11-12,59
1999-11-13,64,1999-11-13,64
1999-11-14,61,1999-11-14,61
1999-11-15,46,1999-11-15,46
1999-11-16,44,1999-11-16,44
1999-11-17,43,1999-11-17,43
1999-11-18,59,1999-11-18,59
1999-11-19,66,1999-11-19,66
1999-11-20,57,1999-11-20,57
1999-11-21,68,1999-11-21,68
1999-11-22,69,1999-11-22,69
1999-11-23,71,1999-11-23,71
1999-11-24,65,1999-11-24,65
1999-11-25,49,1999-11-25,49
1999-11-26,46,1999-11-26,46
1999-11-27,50,1999-11-27,50
1999-11-28,47,1999-11-28,47
1999-11-29,43,1999-11-29,43
1999-11-30,36,1999-11-30,36
1999-12-01,37,1999-12-01,37
1999-12-02,51,1999-12-02,51
1999-12-03,58,1999-12-03,58
1999-12-04,60,1999-12-04,60
1999-12-05,58,1999-12-05,58
1999-12-06,52,1999-12-06,52
1999-12-07,43,1999-12-07,43
1999-12-08,52,1999-12-08,52
1999-12-09,49,1999-12-09,49
1999-12-10,51,1999-12-10,51
1999-12-11,41,1999-12-11,41
1999-12-12,41,1999-12-12,41
1999-12-13,44,1999-12-13,44
1999-12-14,47,1999-12-14,47
1999-12-15,49,1999-12-15,49
1999-12-16,36,1999-12-16,36
1999-12-17,43,1999-12-17,43
1999-12-18,37,1999-12-18,37
1999-12-19,50,1999-12-19,50
1999-12-20,50,1999-12-20,50
1999-12-21,26,1999-12-21,26
1999-12-22,30,1999-12-22,30
1999-12-23,30,1999-12-23,30
1999-12-24,23,1999-12-24,23
1999-12-25,27,1999-12-25,27
1999-12-26,39,1999-12-26,39
1999-12-27,28,1999-12-27,28
1999-12-28,25,1999-12-28,25
1999-12-29,33,1999-12-29,33
1999-12-30,43,1999-12-30,43
1999-12-31,47,1999-12-31,47
2000-01-01,54,2000-01-01,54
2000-01-02,64,2000-01-02,64
2000-01-03,58,2000-01-03,58
2000-01-04,58,2000-01-04,58
2000-01-05,30,2000-01-05,30
2000-01-06,43,2000-01-06,43
2000-01-07,38,2000-01-07,38
2000-01-08,39,2000-01-08,39
2000-01-09,42,2000-01-09,42
2000-01-10,53,2000-01-10,53
2000-01-11,46,2000-01-11,46
2000-01-12,46,2000-01-12,46
2000-01-13,39,2000-01-13,39
2000-01-14,26,2000-01-14,26
2000-01-15,43,2000-01-15,43
2000-01-16,48,2000-01-16,48
2000-01-17,27,2000-01-17,27
2000-01-18,28,2000-01-18,28
2000-01-19,28,2000-01-19,28
2000-01-20,26,2000-01-20,26
2000-01-21,12,2000-01-21,12
2000-01-22,19,2000-01-22,19
2000-01-23,28,2000-01-23,28
2000-01-24,20,2000-01-24,20
2000-01-25,19,2000-01-25,19
2000-01-26,20,2000-01-26,20
2000-01-27,17,2000-01-27,17
2000-01-28,25,2000-01-28,25
2000-01-29,32,2000-01-29,32
2000-01-30,34,2000-01-30,34
2000-01-31,30,2000-01-31,30
2000-02-01,30,2000-02-01,30
2000-02-02,30,2000-02-02,30
2000-02-03,35,2000-02-03,35
2000-02-04,33,2000-02-04,33
2000-02-05,30,2000-02-05,30
2000-02-06,31,2000-02-06,31
2000-02-07,40,2000-02-07,40
2000-02-08,36,2000-02-08,36
2000-02-09,47,2000-02-09,47
2000-02-10,49,2000-02-10,49
2000-02-11,45,2000-02-11,45
2000-02-12,36,2000-02-12,36
2000-02-13,45,2000-02-13,45
2000-02-14,38,2000-02-14,38
2000-02-15,41,2000-02-15,41
2000-02-16,45,2000-02-16,45
2000-02-17,37,2000-02-17,37
2000-02-18,39,2000-02-18,39
2000-02-19,35,2000-02-19,35
2000-02-20,35,2000-02-20,35
2000-02-21,48,2000-02-21,48
2000-02-22,54,2000-02-22,54
2000-02-23,65,2000-02-23,65
2000-02-24,66,2000-02-24,66
2000-02-25,74,2000-02-25,74
2000-02-26,75,2000-02-26,75
2000-02-27,65,2000-02-27,65
2000-02-28,54,2000-02-28,54
2000-02-29,62,2000-02-29,62
2000-03-01,62,2000-03-01,62
2000-03-02,42,2000-03-02,42
2000-03-03,50,2000-03-03,50
2000-03-04,57,2000-03-04,57
2000-03-05,63,2000-03-05,63
2000-03-06,69,2000-03-06,69
2000-03-07,76,2000-03-07,76
2000-03-08,78,2000-03-08,78
2000-03-09,72,2000-03-09,72
2000-03-10,46,2000-03-10,46
2000-03-11,34,2000-03-11,34
2000-03-12,38,2000-03-12,38
2000-03-13,44,2000-03-13,44
2000-03-14,54,2000-03-14,54
2000-03-15,68,2000-03-15,68
2000-03-16,59,2000-03-16,59
2000-03-17,37,2000-03-17,37
2000-03-18,47,2000-03-18,47
2000-03-19,50,2000-03-19,50
2000-03-20,49,2000-03-20,49
2000-03-21,52,2000-03-21,52
2000-03-22,55,2000-03-22,55
2000-03-23,64,2000-03-23,64
2000-03-24,73,2000-03-24,73
2000-03-25,69,2000-03-25,69
2000-03-26,61,2000-03-26,61
2000-03-27,55,2000-03-27,55
2000-03-28,45,2000-03-28,45
2000-03-29,53,2000-03-29,53
2000-03-30,53,2000-03-30,53
2000-03-31,60,2000-03-31,60
2000-04-01,65,2000-04-01,65
2000-04-02,60,2000-04-02,60
2000-04-03,63,2000-04-03,63
2000-04-04,51,2000-04-04,51
2000-04-05,53,2000-04-05,53
2000-04-06,66,2000-04-06,66
2000-04-07,57,2000-04-07,57
2000-04-08,54,2000-04-08,54
2000-04-09,54,2000-04-09,54
2000-04-10,51,2000-04-10,51
2000-04-11,51,2000-04-11,51
2000-04-12,46,2000-04-12,46
2000-04-13,61,2000-04-13,61
2000-04-14,72,2000-04-14,72
2000-04-15,76,2000-04-15,76
2000-04-16,75,2000-04-16,75
2000-04-17,63,2000-04-17,63
2000-04-18,53,2000-04-18,53
2000-04-19,60,2000-04-19,60
2000-04-20,80,2000-04-20,80
2000-04-21,57,2000-04-21,57
2000-04-22,51,2000-04-22,51
2000-04-23,64,2000-04-23,64
2000-04-24,65,2000-04-24,65
2000-04-25,66,2000-04-25,66
2000-04-26,61,2000-04-26,61
2000-04-27,66,2000-04-27,66
2000-04-28,67,2000-04-28,67
2000-04-29,71,2000-04-29,71
2000-04-30,72,2000-04-30,72
2000-05-01,74,2000-05-01,74
2000-05-02,69,2000-05-02,69
2000-05-03,75,2000-05-03,75
2000-05-04,80,2000-05-04,80
2000-05-05,82,2000-05-05,82
2000-05-06,85,2000-05-06,85
2000-05-07,85,2000-05-07,85
2000-05-08,84,2000-05-08,84
2000-05-09,81,2000-05-09,81
2000-05-10,69,2000-05-10,69
2000-05-11,75,2000-05-11,75
2000-05-12,86,2000-05-12,86
2000-05-13,77,2000-05-13,77
2000-05-14,63,2000-05-14,63
2000-05-15,68,2000-05-15,68
2000-05-16,70,2000-05-16,70
2000-05-17,79,2000-05-17,79
2000-05-18,84,2000-05-18,84
2000-05-19,79,2000-05-19,79
2000-05-20,60,2000-05-20,60
2000-05-21,68,2000-05-21,68
2000-05-22,74,2000-05-22,74
2000-05-23,74,2000-05-23,74
2000-05-24,84,2000-05-24,84
2000-05-25,74,2000-05-25,74
2000-05-26,76,2000-05-26,76
2000-05-27,66,2000-05-27,66
2000-05-28,65,2000-05-28,65
2000-05-29,64,2000-05-29,64
2000-05-30,73,2000-05-30,73
2000-05-31,87,2000-05-31,87
2000-06-01,87,2000-06-01,87
2000-06-02,89,2000-06-02,89
2000-06-03,72,2000-06-03,72
2000-06-04,72,2000-06-04,72
2000-06-05,65,2000-06-05,65
2000-06-06,68,2000-06-06,68
2000-06-07,76,2000-06-07,76
2000-06-08,83,2000-06-08,83
2000-06-09,87,2000-06-09,87
2000-06-10,90,2000-06-10,90
2000-06-11,91,2000-06-11,91
2000-06-12,87,2000-06-12,87
2000-06-13,87,2000-06-13,87
2000-06-14,89,2000-06-14,89
2000-06-15,81,2000-06-15,81
2000-06-16,85,2000-06-16,85
2000-06-17,76,2000-06-17,76
2000-06-18,72,2000-06-18,72
2000-06-19,78,2000-06-19,78
2000-06-20,81,2000-06-20,81
2000-06-21,83,2000-06-21,83
2000-06-22,85,2000-06-22,85
2000-06-23,84,2000-06-23,84
2000-06-24,89,2000-06-24,89
2000-06-25,81,2000-06-25,81
2000-06-26,87,2000-06-26,87
2000-06-27,80,2000-06-27,80
2000-06-28,77,2000-06-28,77
2000-06-29,78,2000-06-29,78
2000-06-30,77,2000-06-30,77
2000-07-01,81,2000-07-01,81
2000-07-02,85,2000-07-02,85
2000-07-03,81,2000-07-03,81
2000-07-04,86,2000-07-04,86
2000-07-05,82,2000-07-05,82
2000-07-06,80,2000-07-06,80
2000-07-07,78,2000-07-07,78
2000-07-08,81,2000-07-08,81
2000-07-09,88,2000-07-09,88
2000-07-10,82,2000-07-10,82
2000-07-11,84,2000-07-11,84
2000-07-12,83,2000-07-12,83
2000-07-13,86,2000-07-13,86
2000-07-14,85,2000-07-14,85
2000-07-15,81,2000-07-15,81
2000-07-16,81,2000-07-16,81
2000-07-17,85,2000-07-17,85
2000-07-18,85,2000-07-18,85
2000-07-19,68,2000-07-19,68
2000-07-20,79,2000-07-20,79
2000-07-21,80,2000-07-21,80
2000-07-22,76,2000-07-22,76
2000-07-23,78,2000-07-23,78
2000-07-24,79,2000-07-24,79
2000-07-25,81,2000-07-25,81
2000-07-26,85,2000-07-26,85
2000-07-27,87,2000-07-27,87
2000-07-28,85,2000-07-28,85
2000-07-29,76,2000-07-29,76
2000-07-30,81,2000-07-30,81
2000-07-31,81,2000-07-31,81
2000-08-01,84,2000-08-01,84
2000-08-02,86,2000-08-02,86
2000-08-03,82,2000-08-03,82
2000-08-04,77,2000-08-04,77
2000-08-05,79,2000-08-05,79
2000-08-06,85,2000-08-06,85
2000-08-07,84,2000-08-07,84
2000-08-08,82,2000-08-08,82
2000-08-09,78,2000-08-09,78
2000-08-10,82,2000-08-10,82
2000-08-11,81,2000-08-11,81
2000-08-12,79,2000-08-12,79
2000-08-13,81,2000-08-13,81
2000-08-14,84,2000-08-14,84
2000-08-15,87,2000-08-15,87
2000-08-16,82,2000-08-16,82
2000-08-17,67,2000-08-17,67
2000-08-18,71,2000-08-18,71
2000-08-19,76,2000-08-19,76
2000-08-20,74,2000-08-20,74
2000-08-21,79,2000-08-21,79
2000-08-22,82,2000-08-22,82
2000-08-23,84,2000-08-23,84
2000-08-24,79,2000-08-24,79
2000-08-25,80,2000-08-25,80
2000-08-26,81,2000-08-26,81
2000-08-27,79,2000-08-27,79
2000-08-28,81,2000-08-28,81
2000-08-29,84,2000-08-29,84
2000-08-30,85,2000-08-30,85
2000-08-31,88,2000-08-31,88
2000-09-01,87,2000-09-01,87
2000-09-02,87,2000-09-02,87
2000-09-03,85,2000-09-03,85
2000-09-04,74,2000-09-04,74
2000-09-05,69,2000-09-05,69
2000-09-06,75,2000-09-06,75
2000-09-07,80,2000-09-07,80
2000-09-08,79,2000-09-08,79
2000-09-09,83,2000-09-09,83
2000-09-10,79,2000-09-10,79
2000-09-11,79,2000-09-11,79
2000-09-12,74,2000-09-12,74
2000-09-13,77,2000-09-13,77
2000-09-14,76,2000-09-14,76
2000-09-15,65,2000-09-15,65
2000-09-16,63,2000-09-16,63
2000-09-17,74,2000-09-17,74
2000-09-18,78,2000-09-18,78
2000-09-19,84,2000-09-19,84
2000-09-20,84,2000-09-20,84
2000-09-21,66,2000-09-21,66
2000-09-22,74,2000-09-22,74
2000-09-23,75,2000-09-23,75
2000-09-24,68,2000-09-24,68
2000-09-25,55,2000-09-25,55
2000-09-26,63,2000-09-26,63
2000-09-27,69,2000-09-27,69
2000-09-28,65,2000-09-28,65
2000-09-29,68,2000-09-29,68
2000-09-30,74,2000-09-30,74
2000-10-01,76,2000-10-01,76
2000-10-02,82,2000-10-02,82
2000-10-03,80,2000-10-03,80
2000-10-04,76,2000-10-04,76
2000-10-05,69,2000-10-05,69
2000-10-06,60,2000-10-06,60
2000-10-07,48,2000-10-07,48
2000-10-08,49,2000-10-08,49
2000-10-09,53,2000-10-09,53
2000-10-10,62,2000-10-10,62
2000-10-11,67,2000-10-11,67
2000-10-12,69,2000-10-12,69
2000-10-13,73,2000-10-13,73
2000-10-14,78,2000-10-14,78
2000-10-15,73,2000-10-15,73
2000-10-16,65,2000-10-16,65
2000-10-17,59,2000-10-17,59
2000-10-18,63,2000-10-18,63
2000-10-19,69,2000-10-19,69
2000-10-20,72,2000-10-20,72
2000-10-21,73,2000-10-21,73
2000-10-22,75,2000-10-22,75
2000-10-23,75,2000-10-23,75
2000-10-24,69,2000-10-24,69
2000-10-25,73,2000-10-25,73
2000-10-26,75,2000-10-26,75
2000-10-27,78,2000-10-27,78
2000-10-28,60,2000-10-28,60
2000-10-29,59,2000-10-29,59
2000-10-30,62,2000-10-30,62
2000-10-31,63,2000-10-31,63
2000-11-01,66,2000-11-01,66
2000-11-02,71,2000-11-02,71
2000-11-03,68,2000-11-03,68
2000-11-04,56,2000-11-04,56
2000-11-05,56,2000-11-05,56
2000-11-06,59,2000-11-06,59
2000-11-07,67,2000-11-07,67
2000-11-08,68,2000-11-08,68
2000-11-09,69,2000-11-09,69
2000-11-10,47,2000-11-10,47
2000-11-11,47,2000-11-11,47
2000-11-12,49,2000-11-12,49
2000-11-13,50,2000-11-13,50
2000-11-14,37,2000-11-14,37
2000-11-15,43,2000-11-15,43
2000-11-16,49,2000-11-16,49
2000-11-17,36,2000-11-17,36
2000-11-18,32,2000-11-18,32
2000-11-19,42,2000-11-19,42
2000-11-20,38,2000-11-20,38
2000-11-21,28,2000-11-21,28
2000-11-22,35,2000-11-22,35
2000-11-23,35,2000-11-23,35
2000-11-24,43,2000-11-24,43
2000-11-25,46,2000-11-25,46
2000-11-26,47,2000-11-26,47
2000-11-27,42,2000-11-27,42
2000-11-28,43,2000-11-28,43
2000-11-29,40,2000-11-29,40
2000-11-30,40,2000-11-30,40
2000-12-01,39,2000-12-01,39
2000-12-02,33,2000-12-02,33
2000-12-03,36,2000-12-03,36
2000-12-04,36,2000-12-04,36
2000-12-05,33,2000-12-05,33
2000-12-06,26,2000-12-06,26
2000-12-07,32,2000-12-07,32
2000-12-08,37,2000-12-08,37
2000-12-09,32,2000-12-09,32
2000-12-10,38,2000-12-10,38
2000-12-11,52,2000-12-11,52
2000-12-12,38,2000-12-12,38
2000-12-13,32,2000-12-13,32
2000-12-14,33,2000-12-14,33
2000-12-15,35,2000-12-15,35
2000-12-16,52,2000-12-16,52
2000-12-17,50,2000-12-17,50
2000-12-18,24,2000-12-18,24
2000-12-19,28,2000-12-19,28
2000-12-20,19,2000-12-20,19
2000-12-21,30,2000-12-21,30
2000-12-22,8,2000-12-22,8
2000-12-23,23,2000-12-23,23
2000-12-24,26,2000-12-24,26
2000-12-25,19,2000-12-25,19
2000-12-26,21,2000-12-26,21
2000-12-27,22,2000-12-27,22
2000-12-28,20,2000-12-28,20
2000-12-29,22,2000-12-29,22
2000-12-30,21,2000-12-30,21
2000-12-31,28,2000-12-31,28
2001-01-01,26,2001-01-01,26
2001-01-02,24,2001-01-02,24
2001-01-03,23,2001-01-03,23
2001-01-04,29,2001-01-04,29
2001-01-05,35,2001-01-05,35
2001-01-06,36,2001-01-06,36
2001-01-07,42,2001-01-07,42
2001-01-08,32,2001-01-08,32
2001-01-09,25,2001-01-09,25
2001-01-10,38,2001-01-10,38
2001-01-11,44,2001-01-11,44
2001-01-12,47,2001-01-12,47
2001-01-13,46,2001-01-13,46
2001-01-14,43,2001-01-14,43
2001-01-15,44,2001-01-15,44
2001-01-16,35,2001-01-16,35
2001-01-17,31,2001-01-17,31
2001-01-18,41,2001-01-18,41
2001-01-19,36,2001-01-19,36
2001-01-20,26,2001-01-20,26
2001-01-21,25,2001-01-21,25
2001-01-22,33,2001-01-22,33
2001-01-23,38,2001-01-23,38
2001-01-24,38,2001-01-24,38
2001-01-25,28,2001-01-25,28
2001-01-26,35,2001-01-26,35
2001-01-27,34,2001-01-27,34
2001-01-28,31,2001-01-28,31
2001-01-29,48,2001-01-29,48
2001-01-30,48,2001-01-30,48
2001-01-31,38,2001-01-31,38
2001-02-01,36,2001-02-01,36
2001-02-02,32,2001-02-02,32
2001-02-03,28,2001-02-03,28
2001-02-04,44,2001-02-04,44
2001-02-05,36,2001-02-05,36
2001-02-06,36,2001-02-06,36
2001-02-07,42,2001-02-07,42
2001-02-08,62,2001-02-08,62
2001-02-09,66,2001-02-09,66
2001-02-10,38,2001-02-10,38
2001-02-11,32,2001-02-11,32
2001-02-12,43,2001-02-12,43
2001-02-13,48,2001-02-13,48
2001-02-14,56,2001-02-14,56
2001-02-15,43,2001-02-15,43
2001-02-16,39,2001-02-16,39
2001-02-17,32,2001-02-17,32
2001-02-18,29,2001-02-18,29
2001-02-19,49,2001-02-19,49
2001-02-20,52,2001-02-20,52
2001-02-21,41,2001-02-21,41
2001-02-22,29,2001-02-22,29
2001-02-23,42,2001-02-23,42
2001-02-24,57,2001-02-24,57
2001-02-25,62,2001-02-25,62
2001-02-26,44,2001-02-26,44
2001-02-27,42,2001-02-27,42
2001-02-28,34,2001-02-28,34
2001-03-01,45,2001-03-01,45
2001-03-02,54,2001-03-02,54
2001-03-03,48,2001-03-03,48
2001-03-04,40,2001-03-04,40
2001-03-05,33,2001-03-05,33
2001-03-06,32,2001-03-06,32
2001-03-07,35,2001-03-07,35
2001-03-08,39,2001-03-08,39
2001-03-09,35,2001-03-09,35
2001-03-10,45,2001-03-10,45
2001-03-11,48,2001-03-11,48
2001-03-12,64,2001-03-12,64
2001-03-13,52,2001-03-13,52
2001-03-14,53,2001-03-14,53
2001-03-15,53,2001-03-15,53
2001-03-16,53,2001-03-16,53
2001-03-17,37,2001-03-17,37
2001-03-18,48,2001-03-18,48
2001-03-19,51,2001-03-19,51
2001-03-20,56,2001-03-20,56
2001-03-21,53,2001-03-21,53
2001-03-22,54,2001-03-22,54
2001-03-23,57,2001-03-23,57
2001-03-24,47,2001-03-24,47
2001-03-25,33,2001-03-25,33
2001-03-26,28,2001-03-26,28
2001-03-27,38,2001-03-27,38
2001-03-28,50,2001-03-28,50
2001-03-29,53,2001-03-29,53
2001-03-30,54,2001-03-30,54
2001-03-31,55,2001-03-31,55
2001-04-01,47,2001-04-01,47
2001-04-02,57,2001-04-02,57
2001-04-03,64,2001-04-03,64
2001-04-04,61,2001-04-04,61
2001-04-05,71,2001-04-05,71
2001-04-06,70,2001-04-06,70
2001-04-07,82,2001-04-07,82
2001-04-08,83,2001-04-08,83
2001-04-09,83,2001-04-09,83
2001-04-10,73,2001-04-10,73
2001-04-11,81,2001-04-11,81
2001-04-12,83,2001-04-12,83
2001-04-13,66,2001-04-13,66
2001-04-14,71,2001-04-14,71
2001-04-15,58,2001-04-15,58
2001-04-16,53,2001-04-16,53
2001-04-17,41,2001-04-17,41
2001-04-18,51,2001-04-18,51
2001-04-19,63,2001-04-19,63
2001-04-20,58,2001-04-20,58
2001-04-21,76,2001-04-21,76
2001-04-22,80,2001-04-22,80
2001-04-23,80,2001-04-23,80
2001-04-24,66,2001-04-24,66
2001-04-25,60,2001-04-25,60
2001-04-26,66,2001-04-26,66
2001-04-27,76,2001-04-27,76
2001-04-28,64,2001-04-28,64
2001-04-29,71,2001-04-29,71
2001-04-30,79,2001-04-30,79
2001-05-01,84,2001-05-01,84
2001-05-02,83,2001-05-02,83
2001-05-03,86,2001-05-03,86
2001-05-04,83,2001-05-04,83
2001-05-05,77,2001-05-05,77
2001-05-06,81,2001-05-06,81
2001-05-07,70,2001-05-07,70
2001-05-08,72,2001-05-08,72
2001-05-09,75,2001-05-09,75
2001-05-10,80,2001-05-10,80
2001-05-11,84,2001-05-11,84
2001-05-12,65,2001-05-12,65
2001-05-13,64,2001-05-13,64
2001-05-14,71,2001-05-14,71
2001-05-15,71,2001-05-15,71
2001-05-16,74,2001-05-16,74
2001-05-17,77,2001-05-17,77
2001-05-18,71,2001-05-18,71
2001-05-19,74,2001-05-19,74
2001-05-20,81,2001-05-20,81
2001-05-21,77,2001-05-21,77
2001-05-22,67,2001-05-22,67
2001-05-23,70,2001-05-23,70
2001-05-24,62,2001-05-24,62
2001-05-25,65,2001-05-25,65
2001-05-26,69,2001-05-26,69
2001-05-27,66,2001-05-27,66
2001-05-28,71,2001-05-28,71
2001-05-29,74,2001-05-29,74
2001-05-30,67,2001-05-30,67
2001-05-31,69,2001-05-31,69
2001-06-01,70,2001-06-01,70
2001-06-02,68,2001-06-02,68
2001-06-03,63,2001-06-03,63
2001-06-04,66,2001-06-04,66
2001-06-05,73,2001-06-05,73
2001-06-06,74,2001-06-06,74
2001-06-07,74,2001-06-07,74
2001-06-08,76,2001-06-08,76
2001-06-09,78,2001-06-09,78
2001-06-10,82,2001-06-10,82
2001-06-11,86,2001-06-11,86
2001-06-12,90,2001-06-12,90
2001-06-13,90,2001-06-13,90
2001-06-14,90,2001-06-14,90
2001-06-15,91,2001-06-15,91
2001-06-16,83,2001-06-16,83
2001-06-17,84,2001-06-17,84
2001-06-18,87,2001-06-18,87
2001-06-19,92,2001-06-19,92
2001-06-20,84,2001-06-20,84
2001-06-21,82,2001-06-21,82
2001-06-22,71,2001-06-22,71
2001-06-23,78,2001-06-23,78
2001-06-24,81,2001-06-24,81
2001-06-25,82,2001-06-25,82
2001-06-26,86,2001-06-26,86
2001-06-27,87,2001-06-27,87
2001-06-28,88,2001-06-28,88
2001-06-29,90,2001-06-29,90
2001-06-30,88,2001-06-30,88
2001-07-01,87,2001-07-01,87
2001-07-02,72,2001-07-02,72
2001-07-03,80,2001-07-03,80
2001-07-04,79,2001-07-04,79
2001-07-05,83,2001-07-05,83
2001-07-06,79,2001-07-06,79
2001-07-07,77,2001-07-07,77
2001-07-08,91,2001-07-08,91
2001-07-09,90,2001-07-09,90
2001-07-10,92,2001-07-10,92
2001-07-11,79,2001-07-11,79
2001-07-12,80,2001-07-12,80
2001-07-13,82,2001-07-13,82
2001-07-14,82,2001-07-14,82
2001-07-15,88,2001-07-15,88
2001-07-16,88,2001-07-16,88
2001-07-17,81,2001-07-17,81
2001-07-18,83,2001-07-18,83
2001-07-19,88,2001-07-19,88
2001-07-20,88,2001-07-20,88
2001-07-21,89,2001-07-21,89
2001-07-22,90,2001-07-22,90
2001-07-23,93,2001-07-23,93
2001-07-24,91,2001-07-24,91
2001-07-25,79,2001-07-25,79
2001-07-26,82,2001-07-26,82
2001-07-27,81,2001-07-27,81
2001-07-28,80,2001-07-28,80
2001-07-29,80,2001-07-29,80
2001-07-30,84,2001-07-30,84
2001-07-31,89,2001-07-31,89
2001-08-01,90,2001-08-01,90
2001-08-02,90,2001-08-02,90
2001-08-03,84,2001-08-03,84
2001-08-04,85,2001-08-04,85
2001-08-05,89,2001-08-05,89
2001-08-06,90,2001-08-06,90
2001-08-07,91,2001-08-07,91
2001-08-08,93,2001-08-08,93
2001-08-09,93,2001-08-09,93
2001-08-10,88,2001-08-10,88
2001-08-11,86,2001-08-11,86
2001-08-12,87,2001-08-12,87
2001-08-13,86,2001-08-13,86
2001-08-14,81,2001-08-14,81
2001-08-15,83,2001-08-15,83
2001-08-16,85,2001-08-16,85
2001-08-17,82,2001-08-17,82
2001-08-18,80,2001-08-18,80
2001-08-19,77,2001-08-19,77
2001-08-20,77,2001-08-20,77
2001-08-21,80,2001-08-21,80
2001-08-22,76,2001-08-22,76
2001-08-23,79,2001-08-23,79
2001-08-24,79,2001-08-24,79
2001-08-25,85,2001-08-25,85
2001-08-26,77,2001-08-26,77
2001-08-27,83,2001-08-27,83
2001-08-28,81,2001-08-28,81
2001-08-29,82,2001-08-29,82
2001-08-30,85,2001-08-30,85
2001-08-31,77,2001-08-31,77
2001-09-01,75,2001-09-01,75
2001-09-02,77,2001-09-02,77
2001-09-03,84,2001-09-03,84
2001-09-04,82,2001-09-04,82
2001-09-05,78,2001-09-05,78
2001-09-06,83,2001-09-06,83
2001-09-07,88,2001-09-07,88
2001-09-08,86,2001-09-08,86
2001-09-09,87,2001-09-09,87
2001-09-10,75,2001-09-10,75
2001-09-11,78,2001-09-11,78
2001-09-12,82,2001-09-12,82
2001-09-13,83,2001-09-13,83
2001-09-14,67,2001-09-14,67
2001-09-15,69,2001-09-15,69
2001-09-16,72,2001-09-16,72
2001-09-17,77,2001-09-17,77
2001-09-18,75,2001-09-18,75
2001-09-19,69,2001-09-19,69
2001-09-20,74,2001-09-20,74
2001-09-21,76,2001-09-21,76
2001-09-22,72,2001-09-22,72
2001-09-23,80,2001-09-23,80
2001-09-24,68,2001-09-24,68
2001-09-25,51,2001-09-25,51
2001-09-26,60,2001-09-26,60
2001-09-27,61,2001-09-27,61
2001-09-28,63,2001-09-28,63
2001-09-29,68,2001-09-29,68
2001-09-30,71,2001-09-30,71
2001-10-01,74,2001-10-01,74
2001-10-02,79,2001-10-02,79
2001-10-03,82,2001-10-03,82
2001-10-04,81,2001-10-04,81
2001-10-05,77,2001-10-05,77
2001-10-06,57,2001-10-06,57
2001-10-07,53,2001-10-07,53
2001-10-08,60,2001-10-08,60
2001-10-09,71,2001-10-09,71
2001-10-10,75,2001-10-10,75
2001-10-11,74,2001-10-11,74
2001-10-12,68,2001-10-12,68
2001-10-13,79,2001-10-13,79
2001-10-14,71,2001-10-14,71
2001-10-15,61,2001-10-15,61
2001-10-16,54,2001-10-16,54
2001-10-17,51,2001-10-17,51
2001-10-18,59,2001-10-18,59
2001-10-19,65,2001-10-19,65
2001-10-20,68,2001-10-20,68
2001-10-21,73,2001-10-21,73
2001-10-22,74,2001-10-22,74
2001-10-23,75,2001-10-23,75
2001-10-24,75,2001-10-24,75
2001-10-25,56,2001-10-25,56
2001-10-26,45,2001-10-26,45
2001-10-27,42,2001-10-27,42
2001-10-28,50,2001-10-28,50
2001-10-29,61,2001-10-29,61
2001-10-30,57,2001-10-30,57
2001-10-31,69,2001-10-31,69
2001-11-01,71,2001-11-01,71
2001-11-02,67,2001-11-02,67
2001-11-03,61,2001-11-03,61
2001-11-04,68,2001-11-04,68
2001-11-05,51,2001-11-05,51
2001-11-06,54,2001-11-06,54
2001-11-07,65,2001-11-07,65
2001-11-08,71,2001-11-08,71
2001-11-09,50,2001-11-09,50
2001-11-10,63,2001-11-10,63
2001-11-11,50,2001-11-11,50
2001-11-12,52,2001-11-12,52
2001-11-13,61,2001-11-13,61
2001-11-14,65,2001-11-14,65
2001-11-15,67,2001-11-15,67
2001-11-16,69,2001-11-16,69
2001-11-17,61,2001-11-17,61
2001-11-18,65,2001-11-18,65
2001-11-19,61,2001-11-19,61
2001-11-20,43,2001-11-20,43
2001-11-21,50,2001-11-21,50
2001-11-22,54,2001-11-22,54
2001-11-23,63,2001-11-23,63
2001-11-24,67,2001-11-24,67
2001-11-25,62,2001-11-25,62
2001-11-26,55,2001-11-26,55
2001-11-27,63,2001-11-27,63
2001-11-28,49,2001-11-28,49
2001-11-29,58,2001-11-29,58
2001-11-30,60,2001-11-30,60
2001-12-01,47,2001-12-01,47
2001-12-02,53,2001-12-02,53
2001-12-03,61,2001-12-03,61
2001-12-04,60,2001-12-04,60
2001-12-05,70,2001-12-05,70
2001-12-06,58,2001-12-06,58
2001-12-07,54,2001-12-07,54
2001-12-08,45,2001-12-08,45
2001-12-09,41,2001-12-09,41
2001-12-10,47,2001-12-10,47
2001-12-11,52,2001-12-11,52
2001-12-12,55,2001-12-12,55
2001-12-13,59,2001-12-13,59
2001-12-14,61,2001-12-14,61
2001-12-15,43,2001-12-15,43
2001-12-16,45,2001-12-16,45
2001-12-17,53,2001-12-17,53
2001-12-18,44,2001-12-18,44
2001-12-19,51,2001-12-19,51
2001-12-20,42,2001-12-20,42
2001-12-21,41,2001-12-21,41
2001-12-22,49,2001-12-22,49
2001-12-23,47,2001-12-23,47
2001-12-24,32,2001-12-24,32
2001-12-25,23,2001-12-25,23
2001-12-26,26,2001-12-26,26
2001-12-27,30,2001-12-27,30
2001-12-28,31,2001-12-28,31
2001-12-29,26,2001-12-29,26
2001-12-30,23,2001-12-30,23
2001-12-31,24,2001-12-31,24
2002-01-01,26,2002-01-01,26
2002-01-02,30,2002-01-02,30
2002-01-03,32,2002-01-03,32
2002-01-04,36,2002-01-04,36
2002-01-05,38,2002-01-05,38
2002-01-06,36,2002-01-06,36
2002-01-07,33,2002-01-07,33
2002-01-08,32,2002-01-08,32
2002-01-09,44,2002-01-09,44
2002-01-10,44,2002-01-10,44
2002-01-11,42,2002-01-11,42
2002-01-12,43,2002-01-12,43
2002-01-13,41,2002-01-13,41
2002-01-14,50,2002-01-14,50
2002-01-15,38,2002-01-15,38
2002-01-16,38,2002-01-16,38
2002-01-17,40,2002-01-17,40
2002-01-18,38,2002-01-18,38
2002-01-19,32,2002-01-19,32
2002-01-20,29,2002-01-20,29
2002-01-21,42,2002-01-21,42
2002-01-22,51,2002-01-22,51
2002-01-23,54,2002-01-23,54
2002-01-24,54,2002-01-24,54
2002-01-25,45,2002-01-25,45
2002-01-26,51,2002-01-26,51
2002-01-27,57,2002-01-27,57
2002-01-28,65,2002-01-28,65
2002-01-29,65,2002-01-29,65
2002-01-30,53,2002-01-30,53
2002-01-31,66,2002-01-31,66
2002-02-01,61,2002-02-01,61
2002-02-02,37,2002-02-02,37
2002-02-03,44,2002-02-03,44
2002-02-04,35,2002-02-04,35
2002-02-05,35,2002-02-05,35
2002-02-06,36,2002-02-06,36
2002-02-07,51,2002-02-07,51
2002-02-08,53,2002-02-08,53
2002-02-09,61,2002-02-09,61
2002-02-10,54,2002-02-10,54
2002-02-11,36,2002-02-11,36
2002-02-12,46,2002-02-12,46
2002-02-13,36,2002-02-13,36
2002-02-14,44,2002-02-14,44
2002-02-15,52,2002-02-15,52
2002-02-16,50,2002-02-16,50
2002-02-17,35,2002-02-17,35
2002-02-18,45,2002-02-18,45
2002-02-19,53,2002-02-19,53
2002-02-20,57,2002-02-20,57
2002-02-21,45,2002-02-21,45
2002-02-22,34,2002-02-22,34
2002-02-23,41,2002-02-23,41
2002-02-24,54,2002-02-24,54
2002-02-25,65,2002-02-25,65
2002-02-26,56,2002-02-26,56
2002-02-27,24,2002-02-27,24
2002-02-28,31,2002-02-28,31
2002-03-01,47,2002-03-01,47
2002-03-02,49,2002-03-02,49
2002-03-03,48,2002-03-03,48
2002-03-04,20,2002-03-04,20
2002-03-05,45,2002-03-05,45
2002-03-06,60,2002-03-06,60
2002-03-07,64,2002-03-07,64
2002-03-08,72,2002-03-08,72
2002-03-09,64,2002-03-09,64
2002-03-10,34,2002-03-10,34
2002-03-11,45,2002-03-11,45
2002-03-12,49,2002-03-12,49
2002-03-13,60,2002-03-13,60
2002-03-14,70,2002-03-14,70
2002-03-15,67,2002-03-15,67
2002-03-16,48,2002-03-16,48
2002-03-17,44,2002-03-17,44
2002-03-18,54,2002-03-18,54
2002-03-19,48,2002-03-19,48
2002-03-20,47,2002-03-20,47
2002-03-21,49,2002-03-21,49
2002-03-22,33,2002-03-22,33
2002-03-23,48,2002-03-23,48
2002-03-24,51,2002-03-24,51
2002-03-25,38,2002-03-25,38
2002-03-26,36,2002-03-26,36
2002-03-27,42,2002-03-27,42
2002-03-28,53,2002-03-28,53
2002-03-29,68,2002-03-29,68
2002-03-30,60,2002-03-30,60
2002-03-31,54,2002-03-31,54
2002-04-01,53,2002-04-01,53
2002-04-02,72,2002-04-02,72
2002-04-03,47,2002-04-03,47
2002-04-04,44,2002-04-04,44
2002-04-05,43,2002-04-05,43
2002-04-06,41,2002-04-06,41
2002-04-07,61,2002-04-07,61
2002-04-08,71,2002-04-08,71
2002-04-09,69,2002-04-09,69
2002-04-10,62,2002-04-10,62
2002-04-11,79,2002-04-11,79
2002-04-12,76,2002-04-12,76
2002-04-13,69,2002-04-13,69
2002-04-14,67,2002-04-14,67
2002-04-15,82,2002-04-15,82
2002-04-16,85,2002-04-16,85
2002-04-17,83,2002-04-17,83
2002-04-18,85,2002-04-18,85
2002-04-19,85,2002-04-19,85
2002-04-20,68,2002-04-20,68
2002-04-21,51,2002-04-21,51
2002-04-22,51,2002-04-22,51
2002-04-23,54,2002-04-23,54
2002-04-24,72,2002-04-24,72
2002-04-25,60,2002-04-25,60
2002-04-26,61,2002-04-26,61
2002-04-27,57,2002-04-27,57
2002-04-28,74,2002-04-28,74
2002-04-29,50,2002-04-29,50
2002-04-30,66,2002-04-30,66
2002-05-01,70,2002-05-01,70
2002-05-02,69,2002-05-02,69
2002-05-03,58,2002-05-03,58
2002-05-04,65,2002-05-04,65
2002-05-05,72,2002-05-05,72
2002-05-06,65,2002-05-06,65
2002-05-07,76,2002-05-07,76
2002-05-08,70,2002-05-08,70
2002-05-09,75,2002-05-09,75
2002-05-10,64,2002-05-10,64
2002-05-11,68,2002-05-11,68
2002-05-12,77,2002-05-12,77
2002-05-13,67,2002-05-13,67
2002-05-14,63,2002-05-14,63
2002-05-15,70,2002-05-15,70
2002-05-16,76,2002-05-16,76
2002-05-17,63,2002-05-17,63
2002-05-18,52,2002-05-18,52
2002-05-19,54,2002-05-19,54
2002-05-20,50,2002-05-20,50
2002-05-21,53,2002-05-21,53
2002-05-22,64,2002-05-22,64
2002-05-23,75,2002-05-23,75
2002-05-24,75,2002-05-24,75
2002-05-25,80,2002-05-25,80
2002-05-26,70,2002-05-26,70
2002-05-27,79,2002-05-27,79
2002-05-28,78,2002-05-28,78
2002-05-29,81,2002-05-29,81
2002-05-30,84,2002-05-30,84
2002-05-31,87,2002-05-31,87
2002-06-01,86,2002-06-01,86
2002-06-02,79,2002-06-02,79
2002-06-03,78,2002-06-03,78
2002-06-04,88,2002-06-04,88
2002-06-05,87,2002-06-05,87
2002-06-06,65,2002-06-06,65
2002-06-07,72,2002-06-07,72
2002-06-08,83,2002-06-08,83
2002-06-09,86,2002-06-09,86
2002-06-10,88,2002-06-10,88
2002-06-11,86,2002-06-11,86
2002-06-12,84,2002-06-12,84
2002-06-13,80,2002-06-13,80
2002-06-14,77,2002-06-14,77
2002-06-15,76,2002-06-15,76
2002-06-16,75,2002-06-16,75
2002-06-17,79,2002-06-17,79
2002-06-18,80,2002-06-18,80
2002-06-19,86,2002-06-19,86
2002-06-20,89,2002-06-20,89
2002-06-21,91,2002-06-21,91
2002-06-22,89,2002-06-22,89
2002-06-23,89,2002-06-23,89
2002-06-24,92,2002-06-24,92
2002-06-25,89,2002-06-25,89
2002-06-26,89,2002-06-26,89
2002-06-27,88,2002-06-27,88
2002-06-28,84,2002-06-28,84
2002-06-29,87,2002-06-29,87
2002-06-30,88,2002-06-30,88
2002-07-01,93,2002-07-01,93
2002-07-02,94,2002-07-02,94
2002-07-03,93,2002-07-03,93
2002-07-04,96,2002-07-04,96
2002-07-05,85,2002-07-05,85
2002-07-06,84,2002-07-06,84
2002-07-07,86,2002-07-07,86
2002-07-08,91,2002-07-08,91
2002-07-09,88,2002-07-09,88
2002-07-10,84,2002-07-10,84
2002-07-11,79,2002-07-11,79
2002-07-12,83,2002-07-12,83
2002-07-13,77,2002-07-13,77
2002-07-14,85,2002-07-14,85
2002-07-15,91,2002-07-15,91
2002-07-16,92,2002-07-16,92
2002-07-17,92,2002-07-17,92
2002-07-18,89,2002-07-18,89
2002-07-19,87,2002-07-19,87
2002-07-20,88,2002-07-20,88
2002-07-21,93,2002-07-21,93
2002-07-22,96,2002-07-22,96
2002-07-23,86,2002-07-23,86
2002-07-24,83,2002-07-24,83
2002-07-25,85,2002-07-25,85
2002-07-26,88,2002-07-26,88
2002-07-27,85,2002-07-27,85
2002-07-28,91,2002-07-28,91
2002-07-29,92,2002-07-29,92
2002-07-30,89,2002-07-30,89
2002-07-31,91,2002-07-31,91
2002-08-01,94,2002-08-01,94
2002-08-02,94,2002-08-02,94
2002-08-03,92,2002-08-03,92
2002-08-04,94,2002-08-04,94
2002-08-05,94,2002-08-05,94
2002-08-06,77,2002-08-06,77
2002-08-07,78,2002-08-07,78
2002-08-08,80,2002-08-08,80
2002-08-09,83,2002-08-09,83
2002-08-10,88,2002-08-10,88
2002-08-11,91,2002-08-11,91
2002-08-12,87,2002-08-12,87
2002-08-13,92,2002-08-13,92
2002-08-14,89,2002-08-14,89
2002-08-15,84,2002-08-15,84
2002-08-16,87,2002-08-16,87
2002-08-17,82,2002-08-17,82
2002-08-18,84,2002-08-18,84
2002-08-19,82,2002-08-19,82
2002-08-20,80,2002-08-20,80
2002-08-21,87,2002-08-21,87
2002-08-22,93,2002-08-22,93
2002-08-23,91,2002-08-23,91
2002-08-24,85,2002-08-24,85
2002-08-25,82,2002-08-25,82
2002-08-26,80,2002-08-26,80
2002-08-27,84,2002-08-27,84
2002-08-28,83,2002-08-28,83
2002-08-29,80,2002-08-29,80
2002-08-30,84,2002-08-30,84
2002-08-31,86,2002-08-31,86
2002-09-01,88,2002-09-01,88
2002-09-02,90,2002-09-02,90
2002-09-03,94,2002-09-03,94
2002-09-04,84,2002-09-04,84
2002-09-05,83,2002-09-05,83
2002-09-06,89,2002-09-06,89
2002-09-07,94,2002-09-07,94
2002-09-08,95,2002-09-08,95
2002-09-09,94,2002-09-09,94
2002-09-10,94,2002-09-10,94
2002-09-11,80,2002-09-11,80
2002-09-12,79,2002-09-12,79
2002-09-13,86,2002-09-13,86
2002-09-14,87,2002-09-14,87
2002-09-15,75,2002-09-15,75
2002-09-16,75,2002-09-16,75
2002-09-17,80,2002-09-17,80
2002-09-18,84,2002-09-18,84
2002-09-19,86,2002-09-19,86
2002-09-20,87,2002-09-20,87
2002-09-21,77,2002-09-21,77
2002-09-22,77,2002-09-22,77
2002-09-23,70,2002-09-23,70
2002-09-24,73,2002-09-24,73
2002-09-25,73,2002-09-25,73
2002-09-26,63,2002-09-26,63
2002-09-27,68,2002-09-27,68
2002-09-28,72,2002-09-28,72
2002-09-29,77,2002-09-29,77
2002-09-30,84,2002-09-30,84
2002-10-01,83,2002-10-01,83
2002-10-02,82,2002-10-02,82
2002-10-03,87,2002-10-03,87
2002-10-04,83,2002-10-04,83
2002-10-05,69,2002-10-05,69
2002-10-06,74,2002-10-06,74
2002-10-07,62,2002-10-07,62
2002-10-08,60,2002-10-08,60
2002-10-09,61,2002-10-09,61
2002-10-10,63,2002-10-10,63
2002-10-11,71,2002-10-11,71
2002-10-12,71,2002-10-12,71
2002-10-13,65,2002-10-13,65
2002-10-14,58,2002-10-14,58
2002-10-15,59,2002-10-15,59
2002-10-16,53,2002-10-16,53
2002-10-17,52,2002-10-17,52
2002-10-18,61,2002-10-18,61
2002-10-19,58,2002-10-19,58
2002-10-20,52,2002-10-20,52
2002-10-21,58,2002-10-21,58
2002-10-22,65,2002-10-22,65
2002-10-23,56,2002-10-23,56
2002-10-24,54,2002-10-24,54
2002-10-25,55,2002-10-25,55
2002-10-26,53,2002-10-26,53
2002-10-27,50,2002-10-27,50
2002-10-28,55,2002-10-28,55
2002-10-29,41,2002-10-29,41
2002-10-30,45,2002-10-30,45
2002-10-31,47,2002-10-31,47
2002-11-01,43,2002-11-01,43
2002-11-02,50,2002-11-02,50
2002-11-03,50,2002-11-03,50
2002-11-04,45,2002-11-04,45
2002-11-05,46,2002-11-05,46
2002-11-06,45,2002-11-06,45
2002-11-07,51,2002-11-07,51
2002-11-08,64,2002-11-08,64
2002-11-09,63,2002-11-09,63
2002-11-10,71,2002-11-10,71
2002-11-11,58,2002-11-11,58
2002-11-12,46,2002-11-12,46
2002-11-13,53,2002-11-13,53
2002-11-14,55,2002-11-14,55
2002-11-15,50,2002-11-15,50
2002-11-16,41,2002-11-16,41
2002-11-17,35,2002-11-17,35
2002-11-18,41,2002-11-18,41
2002-11-19,52,2002-11-19,52
2002-11-20,57,2002-11-20,57
2002-11-21,56,2002-11-21,56
2002-11-22,41,2002-11-22,41
2002-11-23,41,2002-11-23,41
2002-11-24,51,2002-11-24,51
2002-11-25,39,2002-11-25,39
2002-11-26,37,2002-11-26,37
2002-11-27,33,2002-11-27,33
2002-11-28,32,2002-11-28,32
2002-11-29,50,2002-11-29,50
2002-11-30,46,2002-11-30,46
2002-12-01,30,2002-12-01,30
2002-12-02,41,2002-12-02,41
2002-12-03,26,2002-12-03,26
2002-12-04,26,2002-12-04,26
2002-12-05,32,2002-12-05,32
2002-12-06,26,2002-12-06,26
2002-12-07,32,2002-12-07,32
2002-12-08,37,2002-12-08,37
2002-12-09,33,2002-12-09,33
2002-12-10,39,2002-12-10,39
2002-12-11,34,2002-12-11,34
2002-12-12,36,2002-12-12,36
2002-12-13,36,2002-12-13,36
2002-12-14,37,2002-12-14,37
2002-12-15,43,2002-12-15,43
2002-12-16,39,2002-12-16,39
2002-12-17,35,2002-12-17,35
2002-12-18,52,2002-12-18,52
2002-12-19,55,2002-12-19,55
2002-12-20,51,2002-12-20,51
2002-12-21,46,2002-12-21,46
2002-12-22,44,2002-12-22,44
2002-12-23,41,2002-12-23,41
2002-12-24,33,2002-12-24,33
2002-12-25,32,2002-12-25,32
2002-12-26,30,2002-12-26,30
2002-12-27,29,2002-12-27,29
2002-12-28,36,2002-12-28,36
2002-12-29,38,2002-12-29,38
2002-12-30,51,2002-12-30,51
2002-12-31,53,2002-12-31,53
2003-01-01,41,2003-01-01,41
2003-01-02,33,2003-01-02,33
2003-01-03,32,2003-01-03,32
2003-01-04,30,2003-01-04,30
2003-01-05,32,2003-01-05,32
2003-01-06,33,2003-01-06,33
2003-01-07,36,2003-01-07,36
2003-01-08,45,2003-01-08,45
2003-01-09,48,2003-01-09,48
2003-01-10,35,2003-01-10,35
2003-01-11,24,2003-01-11,24
2003-01-12,27,2003-01-12,27
2003-01-13,33,2003-01-13,33
2003-01-14,25,2003-01-14,25
2003-01-15,20,2003-01-15,20
2003-01-16,22,2003-01-16,22
2003-01-17,19,2003-01-17,19
2003-01-18,20,2003-01-18,20
2003-01-19,27,2003-01-19,27
2003-01-20,31,2003-01-20,31
2003-01-21,22,2003-01-21,22
2003-01-22,18,2003-01-22,18
2003-01-23,15,2003-01-23,15
2003-01-24,19,2003-01-24,19
2003-01-25,25,2003-01-25,25
2003-01-26,25,2003-01-26,25
2003-01-27,17,2003-01-27,17
2003-01-28,35,2003-01-28,35
2003-01-29,34,2003-01-29,34
2003-01-30,32,2003-01-30,32
2003-01-31,38,2003-01-31,38
2003-02-01,36,2003-02-01,36
2003-02-02,44,2003-02-02,44
2003-02-03,54,2003-02-03,54
2003-02-04,51,2003-02-04,51
2003-02-05,26,2003-02-05,26
2003-02-06,31,2003-02-06,31
2003-02-07,28,2003-02-07,28
2003-02-08,24,2003-02-08,24
2003-02-09,34,2003-02-09,34
2003-02-10,33,2003-02-10,33
2003-02-11,33,2003-02-11,33
2003-02-12,34,2003-02-12,34
2003-02-13,32,2003-02-13,32
2003-02-14,34,2003-02-14,34
2003-02-15,30,2003-02-15,30
2003-02-16,25,2003-02-16,25
2003-02-17,30,2003-02-17,30
2003-02-18,29,2003-02-18,29
2003-02-19,34,2003-02-19,34
2003-02-20,40,2003-02-20,40
2003-02-21,39,2003-02-21,39
2003-02-22,42,2003-02-22,42
2003-02-23,31,2003-02-23,31
2003-02-24,29,2003-02-24,29
2003-02-25,21,2003-02-25,21
2003-02-26,28,2003-02-26,28
2003-02-27,35,2003-02-27,35
2003-02-28,40,2003-02-28,40
2003-03-01,39,2003-03-01,39
2003-03-02,38,2003-03-02,38
2003-03-03,26,2003-03-03,26
2003-03-04,49,2003-03-04,49
2003-03-05,46,2003-03-05,46
2003-03-06,28,2003-03-06,28
2003-03-07,36,2003-03-07,36
2003-03-08,62,2003-03-08,62
2003-03-09,41,2003-03-09,41
2003-03-10,26,2003-03-10,26
2003-03-11,44,2003-03-11,44
2003-03-12,55,2003-03-12,55
2003-03-13,48,2003-03-13,48
2003-03-14,54,2003-03-14,54
2003-03-15,65,2003-03-15,65
2003-03-16,73,2003-03-16,73
2003-03-17,74,2003-03-17,74
2003-03-18,74,2003-03-18,74
2003-03-19,70,2003-03-19,70
2003-03-20,69,2003-03-20,69
2003-03-21,57,2003-03-21,57
2003-03-22,53,2003-03-22,53
2003-03-23,58,2003-03-23,58
2003-03-24,72,2003-03-24,72
2003-03-25,73,2003-03-25,73
2003-03-26,60,2003-03-26,60
2003-03-27,67,2003-03-27,67
2003-03-28,77,2003-03-28,77
2003-03-29,54,2003-03-29,54
2003-03-30,37,2003-03-30,37
2003-03-31,47,2003-03-31,47
2003-04-01,73,2003-04-01,73
2003-04-02,74,2003-04-02,74
2003-04-03,75,2003-04-03,75
2003-04-04,71,2003-04-04,71
2003-04-05,65,2003-04-05,65
2003-04-06,42,2003-04-06,42
2003-04-07,51,2003-04-07,51
2003-04-08,48,2003-04-08,48
2003-04-09,44,2003-04-09,44
2003-04-10,59,2003-04-10,59
2003-04-11,63,2003-04-11,63
2003-04-12,63,2003-04-12,63
2003-04-13,62,2003-04-13,62
2003-04-14,76,2003-04-14,76
2003-04-15,82,2003-04-15,82
2003-04-16,80,2003-04-16,80
2003-04-17,76,2003-04-17,76
2003-04-18,66,2003-04-18,66
2003-04-19,77,2003-04-19,77
2003-04-20,76,2003-04-20,76
2003-04-21,62,2003-04-21,62
2003-04-22,50,2003-04-22,50
2003-04-23,57,2003-04-23,57
2003-04-24,60,2003-04-24,60
2003-04-25,64,2003-04-25,64
2003-04-26,65,2003-04-26,65
2003-04-27,69,2003-04-27,69
2003-04-28,77,2003-04-28,77
2003-04-29,73,2003-04-29,73
2003-04-30,79,2003-04-30,79
2003-05-01,82,2003-05-01,82
2003-05-02,65,2003-05-02,65
2003-05-03,61,2003-05-03,61
2003-05-04,68,2003-05-04,68
2003-05-05,72,2003-05-05,72
2003-05-06,78,2003-05-06,78
2003-05-07,69,2003-05-07,69
2003-05-08,72,2003-05-08,72
2003-05-09,81,2003-05-09,81
2003-05-10,72,2003-05-10,72
2003-05-11,73,2003-05-11,73
2003-05-12,57,2003-05-12,57
2003-05-13,68,2003-05-13,68
2003-05-14,69,2003-05-14,69
2003-05-15,72,2003-05-15,72
2003-05-16,69,2003-05-16,69
2003-05-17,61,2003-05-17,61
2003-05-18,67,2003-05-18,67
2003-05-19,77,2003-05-19,77
2003-05-20,70,2003-05-20,70
2003-05-21,64,2003-05-21,64
2003-05-22,66,2003-05-22,66
2003-05-23,67,2003-05-23,67
2003-05-24,64,2003-05-24,64
2003-05-25,68,2003-05-25,68
2003-05-26,69,2003-05-26,69
2003-05-27,69,2003-05-27,69
2003-05-28,72,2003-05-28,72
2003-05-29,75,2003-05-29,75
2003-05-30,73,2003-05-30,73
2003-05-31,66,2003-05-31,66
2003-06-01,63,2003-06-01,63
2003-06-02,68,2003-06-02,68
2003-06-03,58,2003-06-03,58
2003-06-04,64,2003-06-04,64
2003-06-05,68,2003-06-05,68
2003-06-06,77,2003-06-06,77
2003-06-07,73,2003-06-07,73
2003-06-08,80,2003-06-08,80
2003-06-09,76,2003-06-09,76
2003-06-10,79,2003-06-10,79
2003-06-11,80,2003-06-11,80
2003-06-12,74,2003-06-12,74
2003-06-13,79,2003-06-13,79
2003-06-14,75,2003-06-14,75
2003-06-15,81,2003-06-15,81
2003-06-16,76,2003-06-16,76
2003-06-17,68,2003-06-17,68
2003-06-18,79,2003-06-18,79
2003-06-19,74,2003-06-19,74
2003-06-20,69,2003-06-20,69
2003-06-21,78,2003-06-21,78
2003-06-22,83,2003-06-22,83
2003-06-23,87,2003-06-23,87
2003-06-24,89,2003-06-24,89
2003-06-25,88,2003-06-25,88
2003-06-26,91,2003-06-26,91
2003-06-27,78,2003-06-27,78
2003-06-28,80,2003-06-28,80
2003-06-29,87,2003-06-29,87
2003-06-30,83,2003-06-30,83
2003-07-01,85,2003-07-01,85
2003-07-02,85,2003-07-02,85
2003-07-03,90,2003-07-03,90
2003-07-04,92,2003-07-04,92
2003-07-05,85,2003-07-05,85
2003-07-06,89,2003-07-06,89
2003-07-07,86,2003-07-07,86
2003-07-08,91,2003-07-08,91
2003-07-09,81,2003-07-09,81
2003-07-10,81,2003-07-10,81
2003-07-11,77,2003-07-11,77
2003-07-12,79,2003-07-12,79
2003-07-13,79,2003-07-13,79
2003-07-14,84,2003-07-14,84
2003-07-15,83,2003-07-15,83
2003-07-16,81,2003-07-16,81
2003-07-17,83,2003-07-17,83
2003-07-18,84,2003-07-18,84
2003-07-19,80,2003-07-19,80
2003-07-20,84,2003-07-20,84
2003-07-21,82,2003-07-21,82
2003-07-22,76,2003-07-22,76
2003-07-23,74,2003-07-23,74
2003-07-24,78,2003-07-24,78
2003-07-25,83,2003-07-25,83
2003-07-26,86,2003-07-26,86
2003-07-27,89,2003-07-27,89
2003-07-28,75,2003-07-28,75
2003-07-29,79,2003-07-29,79
2003-07-30,83,2003-07-30,83
2003-07-31,79,2003-07-31,79
2003-08-01,85,2003-08-01,85
2003-08-02,82,2003-08-02,82
2003-08-03,79,2003-08-03,79
2003-08-04,72,2003-08-04,72
2003-08-05,76,2003-08-05,76
2003-08-06,80,2003-08-06,80
2003-08-07,82,2003-08-07,82
2003-08-08,82,2003-08-08,82
2003-08-09,78,2003-08-09,78
2003-08-10,79,2003-08-10,79
2003-08-11,81,2003-08-11,81
2003-08-12,84,2003-08-12,84
2003-08-13,87,2003-08-13,87
2003-08-14,88,2003-08-14,88
2003-08-15,89,2003-08-15,89
2003-08-16,88,2003-08-16,88
2003-08-17,81,2003-08-17,81
2003-08-18,80,2003-08-18,80
2003-08-19,83,2003-08-19,83
2003-08-20,86,2003-08-20,86
2003-08-21,90,2003-08-21,90
2003-08-22,82,2003-08-22,82
2003-08-23,81,2003-08-23,81
2003-08-24,81,2003-08-24,81
2003-08-25,88,2003-08-25,88
2003-08-26,89,2003-08-26,89
2003-08-27,82,2003-08-27,82
2003-08-28,86,2003-08-28,86
2003-08-29,86,2003-08-29,86
2003-08-30,73,2003-08-30,73
2003-08-31,70,2003-08-31,70
2003-09-01,78,2003-09-01,78
2003-09-02,74,2003-09-02,74
2003-09-03,77,2003-09-03,77
2003-09-04,74,2003-09-04,74
2003-09-05,72,2003-09-05,72
2003-09-06,74,2003-09-06,74
2003-09-07,78,2003-09-07,78
2003-09-08,81,2003-09-08,81
2003-09-09,81,2003-09-09,81
2003-09-10,80,2003-09-10,80
2003-09-11,78,2003-09-11,78
2003-09-12,78,2003-09-12,78
2003-09-13,81,2003-09-13,81
2003-09-14,83,2003-09-14,83
2003-09-15,74,2003-09-15,74
2003-09-16,79,2003-09-16,79
2003-09-17,79,2003-09-17,79
2003-09-18,74,2003-09-18,74
2003-09-19,78,2003-09-19,78
2003-09-20,71,2003-09-20,71
2003-09-21,76,2003-09-21,76
2003-09-22,70,2003-09-22,70
2003-09-23,67,2003-09-23,67
2003-09-24,75,2003-09-24,75
2003-09-25,69,2003-09-25,69
2003-09-26,69,2003-09-26,69
2003-09-27,70,2003-09-27,70
2003-09-28,59,2003-09-28,59
2003-09-29,54,2003-09-29,54
2003-09-30,64,2003-09-30,64
2003-10-01,59,2003-10-01,59
2003-10-02,51,2003-10-02,51
2003-10-03,59,2003-10-03,59
2003-10-04,59,2003-10-04,59
2003-10-05,62,2003-10-05,62
2003-10-06,63,2003-10-06,63
2003-10-07,71,2003-10-07,71
2003-10-08,76,2003-10-08,76
2003-10-09,74,2003-10-09,74
2003-10-10,74,2003-10-10,74
2003-10-11,77,2003-10-11,77
2003-10-12,70,2003-10-12,70
2003-10-13,71,2003-10-13,71
2003-10-14,66,2003-10-14,66
2003-10-15,61,2003-10-15,61
2003-10-16,61,2003-10-16,61
2003-10-17,55,2003-10-17,55
2003-10-18,59,2003-10-18,59
2003-10-19,64,2003-10-19,64
2003-10-20,75,2003-10-20,75
2003-10-21,65,2003-10-21,65
2003-10-22,52,2003-10-22,52
2003-10-23,47,2003-10-23,47
2003-10-24,57,2003-10-24,57
2003-10-25,70,2003-10-25,70
2003-10-26,54,2003-10-26,54
2003-10-27,51,2003-10-27,51
2003-10-28,51,2003-10-28,51
2003-10-29,52,2003-10-29,52
2003-10-30,74,2003-10-30,74
2003-10-31,75,2003-10-31,75
2003-11-01,66,2003-11-01,66
2003-11-02,76,2003-11-02,76
2003-11-03,76,2003-11-03,76
2003-11-04,77,2003-11-04,77
2003-11-05,72,2003-11-05,72
2003-11-06,48,2003-11-06,48
2003-11-07,48,2003-11-07,48
2003-11-08,41,2003-11-08,41
2003-11-09,43,2003-11-09,43
2003-11-10,54,2003-11-10,54
2003-11-11,57,2003-11-11,57
2003-11-12,65,2003-11-12,65
2003-11-13,43,2003-11-13,43
2003-11-14,46,2003-11-14,46
2003-11-15,41,2003-11-15,41
2003-11-16,53,2003-11-16,53
2003-11-17,57,2003-11-17,57
2003-11-18,67,2003-11-18,67
2003-11-19,60,2003-11-19,60
2003-11-20,57,2003-11-20,57
2003-11-21,64,2003-11-21,64
2003-11-22,64,2003-11-22,64
2003-11-23,68,2003-11-23,68
2003-11-24,62,2003-11-24,62
2003-11-25,38,2003-11-25,38
2003-11-26,45,2003-11-26,45
2003-11-27,47,2003-11-27,47
2003-11-28,45,2003-11-28,45
2003-11-29,33,2003-11-29,33
2003-11-30,50,2003-11-30,50
2003-12-01,45,2003-12-01,45
2003-12-02,37,2003-12-02,37
2003-12-03,33,2003-12-03,33
2003-12-04,41,2003-12-04,41
2003-12-05,40,2003-12-05,40
2003-12-06,36,2003-12-06,36
2003-12-07,36,2003-12-07,36
2003-12-08,40,2003-12-08,40
2003-12-09,49,2003-12-09,49
2003-12-10,49,2003-12-10,49
2003-12-11,41,2003-12-11,41
2003-12-12,30,2003-12-12,30
2003-12-13,28,2003-12-13,28
2003-12-14,32,2003-12-14,32
2003-12-15,32,2003-12-15,32
2003-12-16,47,2003-12-16,47
2003-12-17,32,2003-12-17,32
2003-12-18,31,2003-12-18,31
2003-12-19,30,2003-12-19,30
2003-12-20,29,2003-12-20,29
2003-12-21,42,2003-12-21,42
2003-12-22,47,2003-12-22,47
2003-12-23,51,2003-12-23,51
2003-12-24,35,2003-12-24,35
2003-12-25,31,2003-12-25,31
2003-12-26,39,2003-12-26,39
2003-12-27,46,2003-12-27,46
2003-12-28,57,2003-12-28,57
2003-12-29,57,2003-12-29,57
2003-12-30,41,2003-12-30,41
2003-12-31,49,2003-12-31,49
2004-01-01,50,2004-01-01,50
2004-01-02,57,2004-01-02,57
2004-01-03,60,2004-01-03,60
2004-01-04,46,2004-01-04,46
2004-01-05,40,2004-01-05,40
2004-01-06,29,2004-01-06,29
2004-01-07,25,2004-01-07,25
2004-01-08,30,2004-01-08,30
2004-01-09,26,2004-01-09,26
2004-01-10,20,2004-01-10,20
2004-01-11,35,2004-01-11,35
2004-01-12,38,2004-01-12,38
2004-01-13,34,2004-01-13,34
2004-01-14,39,2004-01-14,39
2004-01-15,34,2004-01-15,34
2004-01-16,22,2004-01-16,22
2004-01-17,33,2004-01-17,33
2004-01-18,34,2004-01-18,34
2004-01-19,22,2004-01-19,22
2004-01-20,21,2004-01-20,21
2004-01-21,32,2004-01-21,32
2004-01-22,33,2004-01-22,33
2004-01-23,18,2004-01-23,18
2004-01-24,20,2004-01-24,20
2004-01-25,19,2004-01-25,19
2004-01-26,37,2004-01-26,37
2004-01-27,39,2004-01-27,39
2004-01-28,22,2004-01-28,22
2004-01-29,21,2004-01-29,21
2004-01-30,12,2004-01-30,12
2004-01-31,9,2004-01-31,9
2004-02-01,26,2004-02-01,26
2004-02-02,40,2004-02-02,40
2004-02-03,38,2004-02-03,38
2004-02-04,33,2004-02-04,33
2004-02-05,34,2004-02-05,34
2004-02-06,44,2004-02-06,44
2004-02-07,29,2004-02-07,29
2004-02-08,31,2004-02-08,31
2004-02-09,42,2004-02-09,42
2004-02-10,39,2004-02-10,39
2004-02-11,35,2004-02-11,35
2004-02-12,41,2004-02-12,41
2004-02-13,28,2004-02-13,28
2004-02-14,40,2004-02-14,40
2004-02-15,29,2004-02-15,29
2004-02-16,33,2004-02-16,33
2004-02-17,40,2004-02-17,40
2004-02-18,41,2004-02-18,41
2004-02-19,52,2004-02-19,52
2004-02-20,52,2004-02-20,52
2004-02-21,38,2004-02-21,38
2004-02-22,38,2004-02-22,38
2004-02-23,47,2004-02-23,47
2004-02-24,41,2004-02-24,41
2004-02-25,43,2004-02-25,43
2004-02-26,46,2004-02-26,46
2004-02-27,52,2004-02-27,52
2004-02-28,55,2004-02-28,55
2004-02-29,61,2004-02-29,61
2004-03-01,54,2004-03-01,54
2004-03-02,56,2004-03-02,56
2004-03-03,54,2004-03-03,54
2004-03-04,56,2004-03-04,56
2004-03-05,74,2004-03-05,74
2004-03-06,54,2004-03-06,54
2004-03-07,53,2004-03-07,53
2004-03-08,39,2004-03-08,39
2004-03-09,41,2004-03-09,41
2004-03-10,47,2004-03-10,47
2004-03-11,46,2004-03-11,46
2004-03-12,29,2004-03-12,29
2004-03-13,42,2004-03-13,42
2004-03-14,49,2004-03-14,49
2004-03-15,51,2004-03-15,51
2004-03-16,36,2004-03-16,36
2004-03-17,32,2004-03-17,32
2004-03-18,43,2004-03-18,43
2004-03-19,48,2004-03-19,48
2004-03-20,70,2004-03-20,70
2004-03-21,41,2004-03-21,41
2004-03-22,35,2004-03-22,35
2004-03-23,51,2004-03-23,51
2004-03-24,61,2004-03-24,61
2004-03-25,72,2004-03-25,72
2004-03-26,70,2004-03-26,70
2004-03-27,65,2004-03-27,65
2004-03-28,74,2004-03-28,74
2004-03-29,67,2004-03-29,67
2004-03-30,52,2004-03-30,52
2004-03-31,47,2004-03-31,47
2004-04-01,43,2004-04-01,43
2004-04-02,45,2004-04-02,45
2004-04-03,59,2004-04-03,59
2004-04-04,45,2004-04-04,45
2004-04-05,45,2004-04-05,45
2004-04-06,61,2004-04-06,61
2004-04-07,65,2004-04-07,65
2004-04-08,70,2004-04-08,70
2004-04-09,58,2004-04-09,58
2004-04-10,60,2004-04-10,60
2004-04-11,56,2004-04-11,56
2004-04-12,46,2004-04-12,46
2004-04-13,42,2004-04-13,42
2004-04-14,56,2004-04-14,56
2004-04-15,68,2004-04-15,68
2004-04-16,76,2004-04-16,76
2004-04-17,79,2004-04-17,79
2004-04-18,82,2004-04-18,82
2004-04-19,70,2004-04-19,70
2004-04-20,72,2004-04-20,72
2004-04-21,68,2004-04-21,68
2004-04-22,63,2004-04-22,63
2004-04-23,59,2004-04-23,59
2004-04-24,69,2004-04-24,69
2004-04-25,71,2004-04-25,71
2004-04-26,63,2004-04-26,63
2004-04-27,49,2004-04-27,49
2004-04-28,70,2004-04-28,70
2004-04-29,76,2004-04-29,76
2004-04-30,63,2004-04-30,63
2004-05-01,78,2004-05-01,78
2004-05-02,58,2004-05-02,58
2004-05-03,53,2004-05-03,53
2004-05-04,60,2004-05-04,60
2004-05-05,71,2004-05-05,71
2004-05-06,85,2004-05-06,85
2004-05-07,69,2004-05-07,69
2004-05-08,83,2004-05-08,83
2004-05-09,85,2004-05-09,85
2004-05-10,86,2004-05-10,86
2004-05-11,84,2004-05-11,84
2004-05-12,83,2004-05-12,83
2004-05-13,83,2004-05-13,83
2004-05-14,79,2004-05-14,79
2004-05-15,71,2004-05-15,71
2004-05-16,68,2004-05-16,68
2004-05-17,82,2004-05-17,82
2004-05-18,83,2004-05-18,83
2004-05-19,77,2004-05-19,77
2004-05-20,82,2004-05-20,82
2004-05-21,85,2004-05-21,85
2004-05-22,85,2004-05-22,85
2004-05-23,86,2004-05-23,86
2004-05-24,82,2004-05-24,82
2004-05-25,84,2004-05-25,84
2004-05-26,73,2004-05-26,73
2004-05-27,76,2004-05-27,76
2004-05-28,74,2004-05-28,74
2004-05-29,73,2004-05-29,73
2004-05-30,75,2004-05-30,75
2004-05-31,78,2004-05-31,78
2004-06-01,79,2004-06-01,79
2004-06-02,78,2004-06-02,78
2004-06-03,76,2004-06-03,76
2004-06-04,74,2004-06-04,74
2004-06-05,74,2004-06-05,74
2004-06-06,78,2004-06-06,78
2004-06-07,83,2004-06-07,83
2004-06-08,88,2004-06-08,88
2004-06-09,90,2004-06-09,90
2004-06-10,79,2004-06-10,79
2004-06-11,75,2004-06-11,75
2004-06-12,76,2004-06-12,76
2004-06-13,86,2004-06-13,86
2004-06-14,85,2004-06-14,85
2004-06-15,86,2004-06-15,86
2004-06-16,80,2004-06-16,80
2004-06-17,86,2004-06-17,86
2004-06-18,80,2004-06-18,80
2004-06-19,73,2004-06-19,73
2004-06-20,73,2004-06-20,73
2004-06-21,80,2004-06-21,80
2004-06-22,81,2004-06-22,81
2004-06-23,79,2004-06-23,79
2004-06-24,84,2004-06-24,84
2004-06-25,74,2004-06-25,74
2004-06-26,75,2004-06-26,75
2004-06-27,79,2004-06-27,79
2004-06-28,75,2004-06-28,75
2004-06-29,78,2004-06-29,78
2004-06-30,82,2004-06-30,82
2004-07-01,86,2004-07-01,86
2004-07-02,88,2004-07-02,88
2004-07-03,88,2004-07-03,88
2004-07-04,88,2004-07-04,88
2004-07-05,90,2004-07-05,90
2004-07-06,90,2004-07-06,90
2004-07-07,84,2004-07-07,84
2004-07-08,80,2004-07-08,80
2004-07-09,85,2004-07-09,85
2004-07-10,88,2004-07-10,88
2004-07-11,86,2004-07-11,86
2004-07-12,87,2004-07-12,87
2004-07-13,88,2004-07-13,88
2004-07-14,81,2004-07-14,81
2004-07-15,81,2004-07-15,81
2004-07-16,83,2004-07-16,83
2004-07-17,74,2004-07-17,74
2004-07-18,79,2004-07-18,79
2004-07-19,82,2004-07-19,82
2004-07-20,84,2004-07-20,84
2004-07-21,86,2004-07-21,86
2004-07-22,87,2004-07-22,87
2004-07-23,81,2004-07-23,81
2004-07-24,76,2004-07-24,76
2004-07-25,73,2004-07-25,73
2004-07-26,73,2004-07-26,73
2004-07-27,69,2004-07-27,69
2004-07-28,74,2004-07-28,74
2004-07-29,80,2004-07-29,80
2004-07-30,86,2004-07-30,86
2004-07-31,81,2004-07-31,81
2004-08-01,84,2004-08-01,84
2004-08-02,88,2004-08-02,88
2004-08-03,88,2004-08-03,88
2004-08-04,81,2004-08-04,81
2004-08-05,78,2004-08-05,78
2004-08-06,73,2004-08-06,73
2004-08-07,77,2004-08-07,77
2004-08-08,78,2004-08-08,78
2004-08-09,80,2004-08-09,80
2004-08-10,82,2004-08-10,82
2004-08-11,72,2004-08-11,72
2004-08-12,69,2004-08-12,69
2004-08-13,67,2004-08-13,67
2004-08-14,74,2004-08-14,74
2004-08-15,75,2004-08-15,75
2004-08-16,78,2004-08-16,78
2004-08-17,79,2004-08-17,79
2004-08-18,82,2004-08-18,82
2004-08-19,89,2004-08-19,89
2004-08-20,79,2004-08-20,79
2004-08-21,74,2004-08-21,74
2004-08-22,80,2004-08-22,80
2004-08-23,83,2004-08-23,83
2004-08-24,85,2004-08-24,85
2004-08-25,84,2004-08-25,84
2004-08-26,81,2004-08-26,81
2004-08-27,87,2004-08-27,87
2004-08-28,89,2004-08-28,89
2004-08-29,82,2004-08-29,82
2004-08-30,74,2004-08-30,74
2004-08-31,77,2004-08-31,77
2004-09-01,81,2004-09-01,81
2004-09-02,83,2004-09-02,83
2004-09-03,79,2004-09-03,79
2004-09-04,84,2004-09-04,84
2004-09-05,86,2004-09-05,86
2004-09-06,87,2004-09-06,87
2004-09-07,79,2004-09-07,79
2004-09-08,68,2004-09-08,68
2004-09-09,71,2004-09-09,71
2004-09-10,77,2004-09-10,77
2004-09-11,79,2004-09-11,79
2004-09-12,82,2004-09-12,82
2004-09-13,83,2004-09-13,83
2004-09-14,79,2004-09-14,79
2004-09-15,83,2004-09-15,83
2004-09-16,83,2004-09-16,83
2004-09-17,71,2004-09-17,71
2004-09-18,72,2004-09-18,72
2004-09-19,72,2004-09-19,72
2004-09-20,78,2004-09-20,78
2004-09-21,81,2004-09-21,81
2004-09-22,84,2004-09-22,84
2004-09-23,85,2004-09-23,85
2004-09-24,82,2004-09-24,82
2004-09-25,72,2004-09-25,72
2004-09-26,72,2004-09-26,72
2004-09-27,76,2004-09-27,76
2004-09-28,75,2004-09-28,75
2004-09-29,65,2004-09-29,65
2004-09-30,70,2004-09-30,70
2004-10-01,77,2004-10-01,77
2004-10-02,66,2004-10-02,66
2004-10-03,66,2004-10-03,66
2004-10-04,67,2004-10-04,67
2004-10-05,61,2004-10-05,61
2004-10-06,68,2004-10-06,68
2004-10-07,74,2004-10-07,74
2004-10-08,77,2004-10-08,77
2004-10-09,72,2004-10-09,72
2004-10-10,68,2004-10-10,68
2004-10-11,64,2004-10-11,64
2004-10-12,68,2004-10-12,68
2004-10-13,56,2004-10-13,56
2004-10-14,61,2004-10-14,61
2004-10-15,53,2004-10-15,53
2004-10-16,47,2004-10-16,47
2004-10-17,57,2004-10-17,57
2004-10-18,50,2004-10-18,50
2004-10-19,58,2004-10-19,58
2004-10-20,63,2004-10-20,63
2004-10-21,58,2004-10-21,58
2004-10-22,62,2004-10-22,62
2004-10-23,64,2004-10-23,64
2004-10-24,67,2004-10-24,67
2004-10-25,69,2004-10-25,69
2004-10-26,69,2004-10-26,69
2004-10-27,64,2004-10-27,64
2004-10-28,69,2004-10-28,69
2004-10-29,75,2004-10-29,75
2004-10-30,77,2004-10-30,77
2004-10-31,64,2004-10-31,64
2004-11-01,60,2004-11-01,60
2004-11-02,68,2004-11-02,68
2004-11-03,52,2004-11-03,52
2004-11-04,61,2004-11-04,61
2004-11-05,51,2004-11-05,51
2004-11-06,62,2004-11-06,62
2004-11-07,66,2004-11-07,66
2004-11-08,46,2004-11-08,46
2004-11-09,46,2004-11-09,46
2004-11-10,60,2004-11-10,60
2004-11-11,55,2004-11-11,55
2004-11-12,50,2004-11-12,50
2004-11-13,47,2004-11-13,47
2004-11-14,53,2004-11-14,53
2004-11-15,52,2004-11-15,52
2004-11-16,52,2004-11-16,52
2004-11-17,53,2004-11-17,53
2004-11-18,62,2004-11-18,62
2004-11-19,60,2004-11-19,60
2004-11-20,59,2004-11-20,59
2004-11-21,55,2004-11-21,55
2004-11-22,47,2004-11-22,47
2004-11-23,56,2004-11-23,56
2004-11-24,61,2004-11-24,61
2004-11-25,45,2004-11-25,45
2004-11-26,45,2004-11-26,45
2004-11-27,53,2004-11-27,53
2004-11-28,44,2004-11-28,44
2004-11-29,42,2004-11-29,42
2004-11-30,50,2004-11-30,50
2004-12-01,51,2004-12-01,51
2004-12-02,45,2004-12-02,45
2004-12-03,39,2004-12-03,39
2004-12-04,49,2004-12-04,49
2004-12-05,52,2004-12-05,52
2004-12-06,54,2004-12-06,54
2004-12-07,67,2004-12-07,67
2004-12-08,48,2004-12-08,48
2004-12-09,48,2004-12-09,48
2004-12-10,50,2004-12-10,50
2004-12-11,40,2004-12-11,40
2004-12-12,45,2004-12-12,45
2004-12-13,40,2004-12-13,40
2004-12-14,28,2004-12-14,28
2004-12-15,32,2004-12-15,32
2004-12-16,39,2004-12-16,39
2004-12-17,37,2004-12-17,37
2004-12-18,43,2004-12-18,43
2004-12-19,38,2004-12-19,38
2004-12-20,18,2004-12-20,18
2004-12-21,47,2004-12-21,47
2004-12-22,40,2004-12-22,40
2004-12-23,32,2004-12-23,32
2004-12-24,14,2004-12-24,14
2004-12-25,24,2004-12-25,24
2004-12-26,24,2004-12-26,24
2004-12-27,22,2004-12-27,22
2004-12-28,36,2004-12-28,36
2004-12-29,40,2004-12-29,40
2004-12-30,53,2004-12-30,53
2004-12-31,54,2004-12-31,54
2005-01-01,52,2005-01-01,52
2005-01-02,56,2005-01-02,56
2005-01-03,58,2005-01-03,58
2005-01-04,50,2005-01-04,50
2005-01-05,41,2005-01-05,41
2005-01-06,39,2005-01-06,39
2005-01-07,37,2005-01-07,37
2005-01-08,39,2005-01-08,39
2005-01-09,46,2005-01-09,46
2005-01-10,42,2005-01-10,42
2005-01-11,55,2005-01-11,55
2005-01-12,64,2005-01-12,64
2005-01-13,69,2005-01-13,69
2005-01-14,36,2005-01-14,36
2005-01-15,30,2005-01-15,30
2005-01-16,25,2005-01-16,25
2005-01-17,16,2005-01-17,16
2005-01-18,16,2005-01-18,16
2005-01-19,33,2005-01-19,33
2005-01-20,28,2005-01-20,28
2005-01-21,22,2005-01-21,22
2005-01-22,29,2005-01-22,29
2005-01-23,13,2005-01-23,13
2005-01-24,27,2005-01-24,27
2005-01-25,37,2005-01-25,37
2005-01-26,38,2005-01-26,38
2005-01-27,21,2005-01-27,21
2005-01-28,30,2005-01-28,30
2005-01-29,33,2005-01-29,33
2005-01-30,37,2005-01-30,37
2005-01-31,35,2005-01-31,35
2005-02-01,38,2005-02-01,38
2005-02-02,38,2005-02-02,38
2005-02-03,37,2005-02-03,37
2005-02-04,42,2005-02-04,42
2005-02-05,49,2005-02-05,49
2005-02-06,54,2005-02-06,54
2005-02-07,53,2005-02-07,53
2005-02-08,49,2005-02-08,49
2005-02-09,40,2005-02-09,40
2005-02-10,31,2005-02-10,31
2005-02-11,31,2005-02-11,31
2005-02-12,48,2005-02-12,48
2005-02-13,44,2005-02-13,44
2005-02-14,49,2005-02-14,49
2005-02-15,64,2005-02-15,64
2005-02-16,53,2005-02-16,53
2005-02-17,33,2005-02-17,33
2005-02-18,26,2005-02-18,26
2005-02-19,38,2005-02-19,38
2005-02-20,47,2005-02-20,47
2005-02-21,49,2005-02-21,49
2005-02-22,41,2005-02-22,41
2005-02-23,35,2005-02-23,35
2005-02-24,30,2005-02-24,30
2005-02-25,35,2005-02-25,35
2005-02-26,39,2005-02-26,39
2005-02-27,43,2005-02-27,43
2005-02-28,40,2005-02-28,40
2005-03-01,31,2005-03-01,31
2005-03-02,27,2005-03-02,27
2005-03-03,31,2005-03-03,31
2005-03-04,33,2005-03-04,33
2005-03-05,44,2005-03-05,44
2005-03-06,59,2005-03-06,59
2005-03-07,61,2005-03-07,61
2005-03-08,33,2005-03-08,33
2005-03-09,31,2005-03-09,31
2005-03-10,33,2005-03-10,33
2005-03-11,36,2005-03-11,36
2005-03-12,35,2005-03-12,35
2005-03-13,33,2005-03-13,33
2005-03-14,40,2005-03-14,40
2005-03-15,47,2005-03-15,47
2005-03-16,45,2005-03-16,45
2005-03-17,53,2005-03-17,53
2005-03-18,60,2005-03-18,60
2005-03-19,53,2005-03-19,53
2005-03-20,43,2005-03-20,43
2005-03-21,42,2005-03-21,42
2005-03-22,49,2005-03-22,49
2005-03-23,41,2005-03-23,41
2005-03-24,40,2005-03-24,40
2005-03-25,45,2005-03-25,45
2005-03-26,53,2005-03-26,53
2005-03-27,50,2005-03-27,50
2005-03-28,49,2005-03-28,49
2005-03-29,61,2005-03-29,61
2005-03-30,75,2005-03-30,75
2005-03-31,68,2005-03-31,68
2005-04-01,55,2005-04-01,55
2005-04-02,42,2005-04-02,42
2005-04-03,58,2005-04-03,58
2005-04-04,66,2005-04-04,66
2005-04-05,77,2005-04-05,77
2005-04-06,79,2005-04-06,79
2005-04-07,66,2005-04-07,66
2005-04-08,66,2005-04-08,66
2005-04-09,74,2005-04-09,74
2005-04-10,78,2005-04-10,78
2005-04-11,77,2005-04-11,77
2005-04-12,61,2005-04-12,61
2005-04-13,66,2005-04-13,66
2005-04-14,68,2005-04-14,68
2005-04-15,70,2005-04-15,70
2005-04-16,70,2005-04-16,70
2005-04-17,77,2005-04-17,77
2005-04-18,80,2005-04-18,80
2005-04-19,80,2005-04-19,80
2005-04-20,80,2005-04-20,80
2005-04-21,59,2005-04-21,59
2005-04-22,66,2005-04-22,66
2005-04-23,47,2005-04-23,47
2005-04-24,41,2005-04-24,41
2005-04-25,61,2005-04-25,61
2005-04-26,62,2005-04-26,62
2005-04-27,53,2005-04-27,53
2005-04-28,59,2005-04-28,59
2005-04-29,57,2005-04-29,57
2005-04-30,53,2005-04-30,53
2005-05-01,57,2005-05-01,57
2005-05-02,54,2005-05-02,54
2005-05-03,52,2005-05-03,52
2005-05-04,58,2005-05-04,58
2005-05-05,67,2005-05-05,67
2005-05-06,70,2005-05-06,70
2005-05-07,77,2005-05-07,77
2005-05-08,76,2005-05-08,76
2005-05-09,82,2005-05-09,82
2005-05-10,80,2005-05-10,80
2005-05-11,87,2005-05-11,87
2005-05-12,57,2005-05-12,57
2005-05-13,83,2005-05-13,83
2005-05-14,69,2005-05-14,69
2005-05-15,59,2005-05-15,59
2005-05-16,59,2005-05-16,59
2005-05-17,67,2005-05-17,67
2005-05-18,72,2005-05-18,72
2005-05-19,72,2005-05-19,72
2005-05-20,64,2005-05-20,64
2005-05-21,73,2005-05-21,73
2005-05-22,70,2005-05-22,70
2005-05-23,72,2005-05-23,72
2005-05-24,61,2005-05-24,61
2005-05-25,69,2005-05-25,69
2005-05-26,77,2005-05-26,77
2005-05-27,77,2005-05-27,77
2005-05-28,70,2005-05-28,70
2005-05-29,74,2005-05-29,74
2005-05-30,71,2005-05-30,71
2005-05-31,77,2005-05-31,77
2005-06-01,78,2005-06-01,78
2005-06-02,70,2005-06-02,70
2005-06-03,78,2005-06-03,78
2005-06-04,84,2005-06-04,84
2005-06-05,90,2005-06-05,90
2005-06-06,90,2005-06-06,90
2005-06-07,90,2005-06-07,90
2005-06-08,88,2005-06-08,88
2005-06-09,88,2005-06-09,88
2005-06-10,88,2005-06-10,88
2005-06-11,78,2005-06-11,78
2005-06-12,84,2005-06-12,84
2005-06-13,84,2005-06-13,84
2005-06-14,92,2005-06-14,92
2005-06-15,79,2005-06-15,79
2005-06-16,74,2005-06-16,74
2005-06-17,75,2005-06-17,75
2005-06-18,75,2005-06-18,75
2005-06-19,78,2005-06-19,78
2005-06-20,81,2005-06-20,81
2005-06-21,84,2005-06-21,84
2005-06-22,85,2005-06-22,85
2005-06-23,86,2005-06-23,86
2005-06-24,91,2005-06-24,91
2005-06-25,92,2005-06-25,92
2005-06-26,94,2005-06-26,94
2005-06-27,93,2005-06-27,93
2005-06-28,86,2005-06-28,86
2005-06-29,90,2005-06-29,90
2005-06-30,89,2005-06-30,89
2005-07-01,85,2005-07-01,85
2005-07-02,79,2005-07-02,79
2005-07-03,87,2005-07-03,87
2005-07-04,89,2005-07-04,89
2005-07-05,80,2005-07-05,80
2005-07-06,85,2005-07-06,85
2005-07-07,82,2005-07-07,82
2005-07-08,84,2005-07-08,84
2005-07-09,84,2005-07-09,84
2005-07-10,87,2005-07-10,87
2005-07-11,89,2005-07-11,89
2005-07-12,90,2005-07-12,90
2005-07-13,80,2005-07-13,80
2005-07-14,80,2005-07-14,80
2005-07-15,86,2005-07-15,86
2005-07-16,85,2005-07-16,85
2005-07-17,86,2005-07-17,86
2005-07-18,89,2005-07-18,89
2005-07-19,89,2005-07-19,89
2005-07-20,89,2005-07-20,89
2005-07-21,90,2005-07-21,90
2005-07-22,88,2005-07-22,88
2005-07-23,87,2005-07-23,87
2005-07-24,92,2005-07-24,92
2005-07-25,97,2005-07-25,97
2005-07-26,95,2005-07-26,95
2005-07-27,82,2005-07-27,82
2005-07-28,81,2005-07-28,81
2005-07-29,84,2005-07-29,84
2005-07-30,86,2005-07-30,86
2005-07-31,89,2005-07-31,89
2005-08-01,93,2005-08-01,93
2005-08-02,95,2005-08-02,95
2005-08-03,95,2005-08-03,95
2005-08-04,96,2005-08-04,96
2005-08-05,82,2005-08-05,82
2005-08-06,80,2005-08-06,80
2005-08-07,89,2005-08-07,89
2005-08-08,87,2005-08-08,87
2005-08-09,89,2005-08-09,89
2005-08-10,90,2005-08-10,90
2005-08-11,90,2005-08-11,90
2005-08-12,96,2005-08-12,96
2005-08-13,97,2005-08-13,97
2005-08-14,83,2005-08-14,83
2005-08-15,73,2005-08-15,73
2005-08-16,80,2005-08-16,80
2005-08-17,87,2005-08-17,87
2005-08-18,86,2005-08-18,86
2005-08-19,91,2005-08-19,91
2005-08-20,96,2005-08-20,96
2005-08-21,87,2005-08-21,87
2005-08-22,79,2005-08-22,79
2005-08-23,79,2005-08-23,79
2005-08-24,81,2005-08-24,81
2005-08-25,88,2005-08-25,88
2005-08-26,78,2005-08-26,78
2005-08-27,83,2005-08-27,83
2005-08-28,89,2005-08-28,89
2005-08-29,76,2005-08-29,76
2005-08-30,74,2005-08-30,74
2005-08-31,79,2005-08-31,79
2005-09-01,83,2005-09-01,83
2005-09-02,84,2005-09-02,84
2005-09-03,79,2005-09-03,79
2005-09-04,78,2005-09-04,78
2005-09-05,81,2005-09-05,81
2005-09-06,82,2005-09-06,82
2005-09-07,83,2005-09-07,83
2005-09-08,83,2005-09-08,83
2005-09-09,84,2005-09-09,84
2005-09-10,85,2005-09-10,85
2005-09-11,86,2005-09-11,86
2005-09-12,86,2005-09-12,86
2005-09-13,86,2005-09-13,86
2005-09-14,85,2005-09-14,85
2005-09-15,84,2005-09-15,84
2005-09-16,81,2005-09-16,81
2005-09-17,71,2005-09-17,71
2005-09-18,79,2005-09-18,79
2005-09-19,82,2005-09-19,82
2005-09-20,75,2005-09-20,75
2005-09-21,80,2005-09-21,80
2005-09-22,89,2005-09-22,89
2005-09-23,77,2005-09-23,77
2005-09-24,77,2005-09-24,77
2005-09-25,84,2005-09-25,84
2005-09-26,76,2005-09-26,76
2005-09-27,72,2005-09-27,72
2005-09-28,80,2005-09-28,80
2005-09-29,75,2005-09-29,75
2005-09-30,68,2005-09-30,68
2005-10-01,78,2005-10-01,78
2005-10-02,83,2005-10-02,83
2005-10-03,83,2005-10-03,83
2005-10-04,83,2005-10-04,83
2005-10-05,82,2005-10-05,82
2005-10-06,84,2005-10-06,84
2005-10-07,64,2005-10-07,64
2005-10-08,56,2005-10-08,56
2005-10-09,55,2005-10-09,55
2005-10-10,59,2005-10-10,59
2005-10-11,70,2005-10-11,70
2005-10-12,65,2005-10-12,65
2005-10-13,69,2005-10-13,69
2005-10-14,73,2005-10-14,73
2005-10-15,69,2005-10-15,69
2005-10-16,61,2005-10-16,61
2005-10-17,68,2005-10-17,68
2005-10-18,71,2005-10-18,71
2005-10-19,78,2005-10-19,78
2005-10-20,55,2005-10-20,55
2005-10-21,50,2005-10-21,50
2005-10-22,54,2005-10-22,54
2005-10-23,51,2005-10-23,51
2005-10-24,47,2005-10-24,47
2005-10-25,49,2005-10-25,49
2005-10-26,50,2005-10-26,50
2005-10-27,50,2005-10-27,50
2005-10-28,51,2005-10-28,51
2005-10-29,54,2005-10-29,54
2005-10-30,62,2005-10-30,62
2005-10-31,68,2005-10-31,68
2005-11-01,54,2005-11-01,54
2005-11-02,57,2005-11-02,57
2005-11-03,71,2005-11-03,71
2005-11-04,69,2005-11-04,69
2005-11-05,71,2005-11-05,71
2005-11-06,65,2005-11-06,65
2005-11-07,58,2005-11-07,58
2005-11-08,67,2005-11-08,67
2005-11-09,72,2005-11-09,72
2005-11-10,50,2005-11-10,50
2005-11-11,53,2005-11-11,53
2005-11-12,65,2005-11-12,65
2005-11-13,61,2005-11-13,61
2005-11-14,54,2005-11-14,54
2005-11-15,70,2005-11-15,70
2005-11-16,65,2005-11-16,65
2005-11-17,31,2005-11-17,31
2005-11-18,36,2005-11-18,36
2005-11-19,53,2005-11-19,53
2005-11-20,56,2005-11-20,56
2005-11-21,51,2005-11-21,51
2005-11-22,39,2005-11-22,39
2005-11-23,38,2005-11-23,38
2005-11-24,40,2005-11-24,40
2005-11-25,28,2005-11-25,28
2005-11-26,48,2005-11-26,48
2005-11-27,57,2005-11-27,57
2005-11-28,71,2005-11-28,71
2005-11-29,51,2005-11-29,51
2005-11-30,36,2005-11-30,36
2005-12-01,34,2005-12-01,34
2005-12-02,31,2005-12-02,31
2005-12-03,30,2005-12-03,30
2005-12-04,31,2005-12-04,31
2005-12-05,29,2005-12-05,29
2005-12-06,26,2005-12-06,26
2005-12-07,26,2005-12-07,26
2005-12-08,35,2005-12-08,35
2005-12-09,35,2005-12-09,35
2005-12-10,31,2005-12-10,31
2005-12-11,35,2005-12-11,35
2005-12-12,28,2005-12-12,28
2005-12-13,29,2005-12-13,29
2005-12-14,33,2005-12-14,33
2005-12-15,36,2005-12-15,36
2005-12-16,33,2005-12-16,33
2005-12-17,32,2005-12-17,32
2005-12-18,33,2005-12-18,33
2005-12-19,22,2005-12-19,22
2005-12-20,25,2005-12-20,25
2005-12-21,31,2005-12-21,31
2005-12-22,35,2005-12-22,35
2005-12-23,47,2005-12-23,47
2005-12-24,51,2005-12-24,51
2005-12-25,47,2005-12-25,47
2005-12-26,37,2005-12-26,37
2005-12-27,46,2005-12-27,46
2005-12-28,59,2005-12-28,59
2005-12-29,45,2005-12-29,45
2005-12-30,41,2005-12-30,41
2005-12-31,41,2005-12-31,41
2006-01-01,46,2006-01-01,46
2006-01-02,53,2006-01-02,53
2006-01-03,51,2006-01-03,51
2006-01-04,52,2006-01-04,52
2006-01-05,41,2006-01-05,41
2006-01-06,34,2006-01-06,34
2006-01-07,40,2006-01-07,40
2006-01-08,53,2006-01-08,53
2006-01-09,54,2006-01-09,54
2006-01-10,48,2006-01-10,48
2006-01-11,49,2006-01-11,49
2006-01-12,54,2006-01-12,54
2006-01-13,62,2006-01-13,62
2006-01-14,47,2006-01-14,47
2006-01-15,37,2006-01-15,37
2006-01-16,50,2006-01-16,50
2006-01-17,55,2006-01-17,55
2006-01-18,37,2006-01-18,37
2006-01-19,57,2006-01-19,57
2006-01-20,57,2006-01-20,57
2006-01-21,55,2006-01-21,55
2006-01-22,39,2006-01-22,39
2006-01-23,45,2006-01-23,45
2006-01-24,46,2006-01-24,46
2006-01-25,37,2006-01-25,37
2006-01-26,36,2006-01-26,36
2006-01-27,46,2006-01-27,46
2006-01-28,58,2006-01-28,58
2006-01-29,56,2006-01-29,56
2006-01-30,56,2006-01-30,56
2006-01-31,37,2006-01-31,37
2006-02-01,48,2006-02-01,48
2006-02-02,53,2006-02-02,53
2006-02-03,48,2006-02-03,48
2006-02-04,43,2006-02-04,43
2006-02-05,33,2006-02-05,33
2006-02-06,35,2006-02-06,35
2006-02-07,31,2006-02-07,31
2006-02-08,30,2006-02-08,30
2006-02-09,32,2006-02-09,32
2006-02-10,38,2006-02-10,38
2006-02-11,38,2006-02-11,38
2006-02-12,31,2006-02-12,31
2006-02-13,31,2006-02-13,31
2006-02-14,51,2006-02-14,51
2006-02-15,59,2006-02-15,59
2006-02-16,64,2006-02-16,64
2006-02-17,64,2006-02-17,64
2006-02-18,28,2006-02-18,28
2006-02-19,24,2006-02-19,24
2006-02-20,32,2006-02-20,32
2006-02-21,43,2006-02-21,43
2006-02-22,44,2006-02-22,44
2006-02-23,52,2006-02-23,52
2006-02-24,41,2006-02-24,41
2006-02-25,49,2006-02-25,49
2006-02-26,31,2006-02-26,31
2006-02-27,37,2006-02-27,37
2006-02-28,44,2006-02-28,44
2006-03-01,48,2006-03-01,48
2006-03-02,50,2006-03-02,50
2006-03-03,32,2006-03-03,32
2006-03-04,41,2006-03-04,41
2006-03-05,45,2006-03-05,45
2006-03-06,38,2006-03-06,38
2006-03-07,45,2006-03-07,45
2006-03-08,49,2006-03-08,49
2006-03-09,61,2006-03-09,61
2006-03-10,57,2006-03-10,57
2006-03-11,57,2006-03-11,57
2006-03-12,63,2006-03-12,63
2006-03-13,70,2006-03-13,70
2006-03-14,45,2006-03-14,45
2006-03-15,45,2006-03-15,45
2006-03-16,48,2006-03-16,48
2006-03-17,42,2006-03-17,42
2006-03-18,40,2006-03-18,40
2006-03-19,46,2006-03-19,46
2006-03-20,40,2006-03-20,40
2006-03-21,29,2006-03-21,29
2006-03-22,37,2006-03-22,37
2006-03-23,47,2006-03-23,47
2006-03-24,45,2006-03-24,45
2006-03-25,42,2006-03-25,42
2006-03-26,47,2006-03-26,47
2006-03-27,52,2006-03-27,52
2006-03-28,47,2006-03-28,47
2006-03-29,57,2006-03-29,57
2006-03-30,71,2006-03-30,71
2006-03-31,67,2006-03-31,67
2006-04-01,60,2006-04-01,60
2006-04-02,65,2006-04-02,65
2006-04-03,64,2006-04-03,64
2006-04-04,55,2006-04-04,55
2006-04-05,56,2006-04-05,56
2006-04-06,63,2006-04-06,63
2006-04-07,78,2006-04-07,78
2006-04-08,47,2006-04-08,47
2006-04-09,54,2006-04-09,54
2006-04-10,64,2006-04-10,64
2006-04-11,75,2006-04-11,75
2006-04-12,77,2006-04-12,77
2006-04-13,79,2006-04-13,79
2006-04-14,80,2006-04-14,80
2006-04-15,74,2006-04-15,74
2006-04-16,71,2006-04-16,71
2006-04-17,66,2006-04-17,66
2006-04-18,70,2006-04-18,70
2006-04-19,74,2006-04-19,74
2006-04-20,78,2006-04-20,78
2006-04-21,72,2006-04-21,72
2006-04-22,73,2006-04-22,73
2006-04-23,69,2006-04-23,69
2006-04-24,67,2006-04-24,67
2006-04-25,64,2006-04-25,64
2006-04-26,60,2006-04-26,60
2006-04-27,70,2006-04-27,70
2006-04-28,67,2006-04-28,67
2006-04-29,71,2006-04-29,71
2006-04-30,70,2006-04-30,70
2006-05-01,73,2006-05-01,73
2006-05-02,72,2006-05-02,72
2006-05-03,73,2006-05-03,73
2006-05-04,75,2006-05-04,75
2006-05-05,72,2006-05-05,72
2006-05-06,62,2006-05-06,62
2006-05-07,66,2006-05-07,66
2006-05-08,72,2006-05-08,72
2006-05-09,74,2006-05-09,74
2006-05-10,70,2006-05-10,70
2006-05-11,67,2006-05-11,67
2006-05-12,52,2006-05-12,52
2006-05-13,66,2006-05-13,66
2006-05-14,54,2006-05-14,54
2006-05-15,57,2006-05-15,57
2006-05-16,65,2006-05-16,65
2006-05-17,68,2006-05-17,68
2006-05-18,59,2006-05-18,59
2006-05-19,64,2006-05-19,64
2006-05-20,65,2006-05-20,65
2006-05-21,65,2006-05-21,65
2006-05-22,64,2006-05-22,64
2006-05-23,69,2006-05-23,69
2006-05-24,75,2006-05-24,75
2006-05-25,85,2006-05-25,85
2006-05-26,78,2006-05-26,78
2006-05-27,84,2006-05-27,84
2006-05-28,87,2006-05-28,87
2006-05-29,90,2006-05-29,90
2006-05-30,91,2006-05-30,91
2006-05-31,91,2006-05-31,91
2006-06-01,83,2006-06-01,83
2006-06-02,68,2006-06-02,68
2006-06-03,77,2006-06-03,77
2006-06-04,69,2006-06-04,69
2006-06-05,78,2006-06-05,78
2006-06-06,83,2006-06-06,83
2006-06-07,78,2006-06-07,78
2006-06-08,80,2006-06-08,80
2006-06-09,76,2006-06-09,76
2006-06-10,64,2006-06-10,64
2006-06-11,65,2006-06-11,65
2006-06-12,70,2006-06-12,70
2006-06-13,75,2006-06-13,75
2006-06-14,78,2006-06-14,78
2006-06-15,80,2006-06-15,80
2006-06-16,84,2006-06-16,84
2006-06-17,89,2006-06-17,89
2006-06-18,89,2006-06-18,89
2006-06-19,86,2006-06-19,86
2006-06-20,83,2006-06-20,83
2006-06-21,81,2006-06-21,81
2006-06-22,89,2006-06-22,89
2006-06-23,75,2006-06-23,75
2006-06-24,81,2006-06-24,81
2006-06-25,82,2006-06-25,82
2006-06-26,78,2006-06-26,78
2006-06-27,84,2006-06-27,84
2006-06-28,83,2006-06-28,83
2006-06-29,79,2006-06-29,79
2006-06-30,81,2006-06-30,81
2006-07-01,90,2006-07-01,90
2006-07-02,93,2006-07-02,93
2006-07-03,86,2006-07-03,86
2006-07-04,82,2006-07-04,82
2006-07-05,77,2006-07-05,77
2006-07-06,77,2006-07-06,77
2006-07-07,79,2006-07-07,79
2006-07-08,81,2006-07-08,81
2006-07-09,81,2006-07-09,81
2006-07-10,89,2006-07-10,89
2006-07-11,80,2006-07-11,80
2006-07-12,81,2006-07-12,81
2006-07-13,83,2006-07-13,83
2006-07-14,89,2006-07-14,89
2006-07-15,90,2006-07-15,90
2006-07-16,94,2006-07-16,94
2006-07-17,92,2006-07-17,92
2006-07-18,90,2006-07-18,90
2006-07-19,90,2006-07-19,90
2006-07-20,88,2006-07-20,88
2006-07-21,87,2006-07-21,87
2006-07-22,80,2006-07-22,80
2006-07-23,81,2006-07-23,81
2006-07-24,84,2006-07-24,84
2006-07-25,87,2006-07-25,87
2006-07-26,87,2006-07-26,87
2006-07-27,79,2006-07-27,79
2006-07-28,86,2006-07-28,86
2006-07-29,89,2006-07-29,89
2006-07-30,91,2006-07-30,91
2006-07-31,93,2006-07-31,93
2006-08-01,95,2006-08-01,95
2006-08-02,94,2006-08-02,94
2006-08-03,90,2006-08-03,90
2006-08-04,85,2006-08-04,85
2006-08-05,86,2006-08-05,86
2006-08-06,90,2006-08-06,90
2006-08-07,90,2006-08-07,90
2006-08-08,84,2006-08-08,84
2006-08-09,85,2006-08-09,85
2006-08-10,82,2006-08-10,82
2006-08-11,81,2006-08-11,81
2006-08-12,82,2006-08-12,82
2006-08-13,85,2006-08-13,85
2006-08-14,86,2006-08-14,86
2006-08-15,83,2006-08-15,83
2006-08-16,85,2006-08-16,85
2006-08-17,88,2006-08-17,88
2006-08-18,86,2006-08-18,86
2006-08-19,87,2006-08-19,87
2006-08-20,79,2006-08-20,79
2006-08-21,82,2006-08-21,82
2006-08-22,84,2006-08-22,84
2006-08-23,85,2006-08-23,85
2006-08-24,86,2006-08-24,86
2006-08-25,89,2006-08-25,89
2006-08-26,90,2006-08-26,90
2006-08-27,84,2006-08-27,84
2006-08-28,77,2006-08-28,77
2006-08-29,79,2006-08-29,79
2006-08-30,77,2006-08-30,77
2006-08-31,72,2006-08-31,72
2006-09-01,67,2006-09-01,67
2006-09-02,66,2006-09-02,66
2006-09-03,69,2006-09-03,69
2006-09-04,73,2006-09-04,73
2006-09-05,68,2006-09-05,68
2006-09-06,77,2006-09-06,77
2006-09-07,79,2006-09-07,79
2006-09-08,81,2006-09-08,81
2006-09-09,83,2006-09-09,83
2006-09-10,82,2006-09-10,82
2006-09-11,79,2006-09-11,79
2006-09-12,70,2006-09-12,70
2006-09-13,73,2006-09-13,73
2006-09-14,75,2006-09-14,75
2006-09-15,72,2006-09-15,72
2006-09-16,75,2006-09-16,75
2006-09-17,83,2006-09-17,83
2006-09-18,77,2006-09-18,77
2006-09-19,68,2006-09-19,68
2006-09-20,60,2006-09-20,60
2006-09-21,67,2006-09-21,67
2006-09-22,65,2006-09-22,65
2006-09-23,74,2006-09-23,74
2006-09-24,71,2006-09-24,71
2006-09-25,70,2006-09-25,70
2006-09-26,73,2006-09-26,73
2006-09-27,77,2006-09-27,77
2006-09-28,60,2006-09-28,60
2006-09-29,61,2006-09-29,61
2006-09-30,68,2006-09-30,68
2006-10-01,71,2006-10-01,71
2006-10-02,75,2006-10-02,75
2006-10-03,81,2006-10-03,81
2006-10-04,85,2006-10-04,85
2006-10-05,59,2006-10-05,59
2006-10-06,63,2006-10-06,63
2006-10-07,67,2006-10-07,67
2006-10-08,75,2006-10-08,75
2006-10-09,78,2006-10-09,78
2006-10-10,75,2006-10-10,75
2006-10-11,68,2006-10-11,68
2006-10-12,51,2006-10-12,51
2006-10-13,55,2006-10-13,55
2006-10-14,54,2006-10-14,54
2006-10-15,56,2006-10-15,56
2006-10-16,58,2006-10-16,58
2006-10-17,67,2006-10-17,67
2006-10-18,64,2006-10-18,64
2006-10-19,63,2006-10-19,63
2006-10-20,48,2006-10-20,48
2006-10-21,58,2006-10-21,58
2006-10-22,53,2006-10-22,53
2006-10-23,42,2006-10-23,42
2006-10-24,48,2006-10-24,48
2006-10-25,50,2006-10-25,50
2006-10-26,46,2006-10-26,46
2006-10-27,51,2006-10-27,51
2006-10-28,50,2006-10-28,50
2006-10-29,55,2006-10-29,55
2006-10-30,71,2006-10-30,71
2006-10-31,63,2006-10-31,63
2006-11-01,48,2006-11-01,48
2006-11-02,40,2006-11-02,40
2006-11-03,40,2006-11-03,40
2006-11-04,47,2006-11-04,47
2006-11-05,55,2006-11-05,55
2006-11-06,61,2006-11-06,61
2006-11-07,55,2006-11-07,55
2006-11-08,60,2006-11-08,60
2006-11-09,69,2006-11-09,69
2006-11-10,68,2006-11-10,68
2006-11-11,64,2006-11-11,64
2006-11-12,41,2006-11-12,41
2006-11-13,44,2006-11-13,44
2006-11-14,45,2006-11-14,45
2006-11-15,52,2006-11-15,52
2006-11-16,60,2006-11-16,60
2006-11-17,45,2006-11-17,45
2006-11-18,50,2006-11-18,50
2006-11-19,42,2006-11-19,42
2006-11-20,42,2006-11-20,42
2006-11-21,47,2006-11-21,47
2006-11-22,54,2006-11-22,54
2006-11-23,56,2006-11-23,56
2006-11-24,61,2006-11-24,61
2006-11-25,66,2006-11-25,66
2006-11-26,64,2006-11-26,64
2006-11-27,61,2006-11-27,61
2006-11-28,64,2006-11-28,64
2006-11-29,67,2006-11-29,67
2006-11-30,66,2006-11-30,66
2006-12-01,64,2006-12-01,64
2006-12-02,38,2006-12-02,38
2006-12-03,35,2006-12-03,35
2006-12-04,30,2006-12-04,30
2006-12-05,33,2006-12-05,33
2006-12-06,47,2006-12-06,47
2006-12-07,36,2006-12-07,36
2006-12-08,26,2006-12-08,26
2006-12-09,40,2006-12-09,40
2006-12-10,52,2006-12-10,52
2006-12-11,54,2006-12-11,54
2006-12-12,59,2006-12-12,59
2006-12-13,56,2006-12-13,56
2006-12-14,59,2006-12-14,59
2006-12-15,55,2006-12-15,55
2006-12-16,53,2006-12-16,53
2006-12-17,62,2006-12-17,62
2006-12-18,56,2006-12-18,56
2006-12-19,44,2006-12-19,44
2006-12-20,47,2006-12-20,47
2006-12-21,51,2006-12-21,51
2006-12-22,57,2006-12-22,57
2006-12-23,47,2006-12-23,47
2006-12-24,47,2006-12-24,47
2006-12-25,42,2006-12-25,42
2006-12-26,41,2006-12-26,41
2006-12-27,43,2006-12-27,43
2006-12-28,49,2006-12-28,49
2006-12-29,56,2006-12-29,56
2006-12-30,54,2006-12-30,54
2006-12-31,61,2006-12-31,61
2007-01-01,52,2007-01-01,52
2007-01-02,44,2007-01-02,44
2007-01-03,51,2007-01-03,51
2007-01-04,53,2007-01-04,53
2007-01-05,62,2007-01-05,62
2007-01-06,59,2007-01-06,59
2007-01-07,41,2007-01-07,41
2007-01-08,42,2007-01-08,42
2007-01-09,38,2007-01-09,38
2007-01-10,34,2007-01-10,34
2007-01-11,48,2007-01-11,48
2007-01-12,53,2007-01-12,53
2007-01-13,53,2007-01-13,53
2007-01-14,46,2007-01-14,46
2007-01-15,57,2007-01-15,57
2007-01-16,37,2007-01-16,37
2007-01-17,31,2007-01-17,31
2007-01-18,39,2007-01-18,39
2007-01-19,38,2007-01-19,38
2007-01-20,31,2007-01-20,31
2007-01-21,32,2007-01-21,32
2007-01-22,35,2007-01-22,35
2007-01-23,33,2007-01-23,33
2007-01-24,32,2007-01-24,32
2007-01-25,27,2007-01-25,27
2007-01-26,37,2007-01-26,37
2007-01-27,41,2007-01-27,41
2007-01-28,30,2007-01-28,30
2007-01-29,26,2007-01-29,26
2007-01-30,27,2007-01-30,27
2007-01-31,26,2007-01-31,26
2007-02-01,30,2007-02-01,30
2007-02-02,30,2007-02-02,30
2007-02-03,25,2007-02-03,25
2007-02-04,14,2007-02-04,14
2007-02-05,12,2007-02-05,12
2007-02-06,14,2007-02-06,14
2007-02-07,19,2007-02-07,19
2007-02-08,18,2007-02-08,18
2007-02-09,21,2007-02-09,21
2007-02-10,19,2007-02-10,19
2007-02-11,27,2007-02-11,27
2007-02-12,34,2007-02-12,34
2007-02-13,32,2007-02-13,32
2007-02-14,20,2007-02-14,20
2007-02-15,19,2007-02-15,19
2007-02-16,17,2007-02-16,17
2007-02-17,29,2007-02-17,29
2007-02-18,25,2007-02-18,25
2007-02-19,43,2007-02-19,43
2007-02-20,45,2007-02-20,45
2007-02-21,35,2007-02-21,35
2007-02-22,39,2007-02-22,39
2007-02-23,30,2007-02-23,30
2007-02-24,33,2007-02-24,33
2007-02-25,53,2007-02-25,53
2007-02-26,37,2007-02-26,37
2007-02-27,36,2007-02-27,36
2007-02-28,43,2007-02-28,43
2007-03-01,52,2007-03-01,52
2007-03-02,53,2007-03-02,53
2007-03-03,36,2007-03-03,36
2007-03-04,31,2007-03-04,31
2007-03-05,39,2007-03-05,39
2007-03-06,29,2007-03-06,29
2007-03-07,33,2007-03-07,33
2007-03-08,42,2007-03-08,42
2007-03-09,65,2007-03-09,65
2007-03-10,56,2007-03-10,56
2007-03-11,54,2007-03-11,54
2007-03-12,53,2007-03-12,53
2007-03-13,76,2007-03-13,76
2007-03-14,72,2007-03-14,72
2007-03-15,61,2007-03-15,61
2007-03-16,35,2007-03-16,35
2007-03-17,37,2007-03-17,37
2007-03-18,41,2007-03-18,41
2007-03-19,52,2007-03-19,52
2007-03-20,50,2007-03-20,50
2007-03-21,75,2007-03-21,75
2007-03-22,67,2007-03-22,67
2007-03-23,62,2007-03-23,62
2007-03-24,74,2007-03-24,74
2007-03-25,78,2007-03-25,78
2007-03-26,78,2007-03-26,78
2007-03-27,81,2007-03-27,81
2007-03-28,65,2007-03-28,65
2007-03-29,68,2007-03-29,68
2007-03-30,74,2007-03-30,74
2007-03-31,61,2007-03-31,61
2007-04-01,73,2007-04-01,73
2007-04-02,74,2007-04-02,74
2007-04-03,80,2007-04-03,80
2007-04-04,59,2007-04-04,59
2007-04-05,35,2007-04-05,35
2007-04-06,37,2007-04-06,37
2007-04-07,32,2007-04-07,32
2007-04-08,37,2007-04-08,37
2007-04-09,40,2007-04-09,40
2007-04-10,50,2007-04-10,50
2007-04-11,54,2007-04-11,54
2007-04-12,49,2007-04-12,49
2007-04-13,53,2007-04-13,53
2007-04-14,43,2007-04-14,43
2007-04-15,50,2007-04-15,50
2007-04-16,57,2007-04-16,57
2007-04-17,64,2007-04-17,64
2007-04-18,61,2007-04-18,61
2007-04-19,62,2007-04-19,62
2007-04-20,70,2007-04-20,70
2007-04-21,75,2007-04-21,75
2007-04-22,80,2007-04-22,80
2007-04-23,79,2007-04-23,79
2007-04-24,72,2007-04-24,72
2007-04-25,58,2007-04-25,58
2007-04-26,73,2007-04-26,73
2007-04-27,60,2007-04-27,60
2007-04-28,68,2007-04-28,68
2007-04-29,74,2007-04-29,74
2007-04-30,80,2007-04-30,80
2007-05-01,87,2007-05-01,87
2007-05-02,73,2007-05-02,73
2007-05-03,75,2007-05-03,75
2007-05-04,77,2007-05-04,77
2007-05-05,67,2007-05-05,67
2007-05-06,66,2007-05-06,66
2007-05-07,74,2007-05-07,74
2007-05-08,84,2007-05-08,84
2007-05-09,86,2007-05-09,86
2007-05-10,82,2007-05-10,82
2007-05-11,85,2007-05-11,85
2007-05-12,80,2007-05-12,80
2007-05-13,71,2007-05-13,71
2007-05-14,81,2007-05-14,81
2007-05-15,87,2007-05-15,87
2007-05-16,70,2007-05-16,70
2007-05-17,59,2007-05-17,59
2007-05-18,65,2007-05-18,65
2007-05-19,69,2007-05-19,69
2007-05-20,78,2007-05-20,78
2007-05-21,77,2007-05-21,77
2007-05-22,85,2007-05-22,85
2007-05-23,89,2007-05-23,89
2007-05-24,87,2007-05-24,87
2007-05-25,87,2007-05-25,87
2007-05-26,86,2007-05-26,86
2007-05-27,84,2007-05-27,84
2007-05-28,79,2007-05-28,79
2007-05-29,87,2007-05-29,87
2007-05-30,89,2007-05-30,89
2007-05-31,89,2007-05-31,89
2007-06-01,89,2007-06-01,89
2007-06-02,88,2007-06-02,88
2007-06-03,79,2007-06-03,79
2007-06-04,80,2007-06-04,80
2007-06-05,72,2007-06-05,72
2007-06-06,77,2007-06-06,77
2007-06-07,92,2007-06-07,92
2007-06-08,89,2007-06-08,89
2007-06-09,77,2007-06-09,77
2007-06-10,79,2007-06-10,79
2007-06-11,82,2007-06-11,82
2007-06-12,85,2007-06-12,85
2007-06-13,89,2007-06-13,89
2007-06-14,87,2007-06-14,87
2007-06-15,83,2007-06-15,83
2007-06-16,86,2007-06-16,86
2007-06-17,93,2007-06-17,93
2007-06-18,96,2007-06-18,96
2007-06-19,86,2007-06-19,86
2007-06-20,82,2007-06-20,82
2007-06-21,90,2007-06-21,90
2007-06-22,79,2007-06-22,79
2007-06-23,77,2007-06-23,77
2007-06-24,77,2007-06-24,77
2007-06-25,86,2007-06-25,86
2007-06-26,92,2007-06-26,92
2007-06-27,90,2007-06-27,90
2007-06-28,86,2007-06-28,86
2007-06-29,78,2007-06-29,78
2007-06-30,79,2007-06-30,79
2007-07-01,80,2007-07-01,80
2007-07-02,78,2007-07-02,78
2007-07-03,84,2007-07-03,84
2007-07-04,82,2007-07-04,82
2007-07-05,87,2007-07-05,87
2007-07-06,87,2007-07-06,87
2007-07-07,88,2007-07-07,88
2007-07-08,90,2007-07-08,90
2007-07-09,92,2007-07-09,92
2007-07-10,88,2007-07-10,88
2007-07-11,84,2007-07-11,84
2007-07-12,82,2007-07-12,82
2007-07-13,78,2007-07-13,78
2007-07-14,86,2007-07-14,86
2007-07-15,83,2007-07-15,83
2007-07-16,87,2007-07-16,87
2007-07-17,86,2007-07-17,86
2007-07-18,83,2007-07-18,83
2007-07-19,80,2007-07-19,80
2007-07-20,78,2007-07-20,78
2007-07-21,78,2007-07-21,78
2007-07-22,82,2007-07-22,82
2007-07-23,80,2007-07-23,80
2007-07-24,78,2007-07-24,78
2007-07-25,82,2007-07-25,82
2007-07-26,80,2007-07-26,80
2007-07-27,84,2007-07-27,84
2007-07-28,82,2007-07-28,82
2007-07-29,87,2007-07-29,87
2007-07-30,88,2007-07-30,88
2007-07-31,89,2007-07-31,89
2007-08-01,92,2007-08-01,92
2007-08-02,92,2007-08-02,92
2007-08-03,92,2007-08-03,92
2007-08-04,91,2007-08-04,91
2007-08-05,79,2007-08-05,79
2007-08-06,91,2007-08-06,91
2007-08-07,94,2007-08-07,94
2007-08-08,96,2007-08-08,96
2007-08-09,97,2007-08-09,97
2007-08-10,86,2007-08-10,86
2007-08-11,85,2007-08-11,85
2007-08-12,91,2007-08-12,91
2007-08-13,87,2007-08-13,87
2007-08-14,82,2007-08-14,82
2007-08-15,89,2007-08-15,89
2007-08-16,89,2007-08-16,89
2007-08-17,84,2007-08-17,84
2007-08-18,77,2007-08-18,77
2007-08-19,82,2007-08-19,82
2007-08-20,90,2007-08-20,90
2007-08-21,81,2007-08-21,81
2007-08-22,90,2007-08-22,90
2007-08-23,95,2007-08-23,95
2007-08-24,96,2007-08-24,96
2007-08-25,87,2007-08-25,87
2007-08-26,82,2007-08-26,82
2007-08-27,84,2007-08-27,84
2007-08-28,90,2007-08-28,90
2007-08-29,94,2007-08-29,94
2007-08-30,81,2007-08-30,81
2007-08-31,80,2007-08-31,80
2007-09-01,81,2007-09-01,81
2007-09-02,86,2007-09-02,86
2007-09-03,88,2007-09-03,88
2007-09-04,90,2007-09-04,90
2007-09-05,93,2007-09-05,93
2007-09-06,93,2007-09-06,93
2007-09-07,91,2007-09-07,91
2007-09-08,87,2007-09-08,87
2007-09-09,81,2007-09-09,81
2007-09-10,81,2007-09-10,81
2007-09-11,76,2007-09-11,76
2007-09-12,72,2007-09-12,72
2007-09-13,81,2007-09-13,81
2007-09-14,85,2007-09-14,85
2007-09-15,63,2007-09-15,63
2007-09-16,68,2007-09-16,68
2007-09-17,77,2007-09-17,77
2007-09-18,85,2007-09-18,85
2007-09-19,86,2007-09-19,86
2007-09-20,87,2007-09-20,87
2007-09-21,88,2007-09-21,88
2007-09-22,88,2007-09-22,88
2007-09-23,86,2007-09-23,86
2007-09-24,92,2007-09-24,92
2007-09-25,91,2007-09-25,91
2007-09-26,80,2007-09-26,80
2007-09-27,69,2007-09-27,69
2007-09-28,76,2007-09-28,76
2007-09-29,76,2007-09-29,76
2007-09-30,80,2007-09-30,80
2007-10-01,78,2007-10-01,78
2007-10-02,81,2007-10-02,81
2007-10-03,81,2007-10-03,81
2007-10-04,88,2007-10-04,88
2007-10-05,87,2007-10-05,87
2007-10-06,89,2007-10-06,89
2007-10-07,91,2007-10-07,91
2007-10-08,90,2007-10-08,90
2007-10-09,78,2007-10-09,78
2007-10-10,62,2007-10-10,62
2007-10-11,55,2007-10-11,55
2007-10-12,56,2007-10-12,56
2007-10-13,65,2007-10-13,65
2007-10-14,70,2007-10-14,70
2007-10-15,75,2007-10-15,75
2007-10-16,67,2007-10-16,67
2007-10-17,74,2007-10-17,74
2007-10-18,78,2007-10-18,78
2007-10-19,75,2007-10-19,75
2007-10-20,71,2007-10-20,71
2007-10-21,80,2007-10-21,80
2007-10-22,75,2007-10-22,75
2007-10-23,66,2007-10-23,66
2007-10-24,52,2007-10-24,52
2007-10-25,66,2007-10-25,66
2007-10-26,64,2007-10-26,64
2007-10-27,59,2007-10-27,59
2007-10-28,56,2007-10-28,56
2007-10-29,58,2007-10-29,58
2007-10-30,64,2007-10-30,64
2007-10-31,68,2007-10-31,68
2007-11-01,61,2007-11-01,61
2007-11-02,59,2007-11-02,59
2007-11-03,59,2007-11-03,59
2007-11-04,56,2007-11-04,56
2007-11-05,64,2007-11-05,64
2007-11-06,45,2007-11-06,45
2007-11-07,44,2007-11-07,44
2007-11-08,48,2007-11-08,48
2007-11-09,53,2007-11-09,53
2007-11-10,49,2007-11-10,49
2007-11-11,49,2007-11-11,49
2007-11-12,68,2007-11-12,68
2007-11-13,64,2007-11-13,64
2007-11-14,68,2007-11-14,68
2007-11-15,50,2007-11-15,50
2007-11-16,42,2007-11-16,42
2007-11-17,51,2007-11-17,51
2007-11-18,43,2007-11-18,43
2007-11-19,58,2007-11-19,58
2007-11-20,63,2007-11-20,63
2007-11-21,68,2007-11-21,68
2007-11-22,63,2007-11-22,63
2007-11-23,39,2007-11-23,39
2007-11-24,39,2007-11-24,39
2007-11-25,47,2007-11-25,47
2007-11-26,47,2007-11-26,47
2007-11-27,46,2007-11-27,46
2007-11-28,48,2007-11-28,48
2007-11-29,48,2007-11-29,48
2007-11-30,48,2007-11-30,48
2007-12-01,37,2007-12-01,37
2007-12-02,56,2007-12-02,56
2007-12-03,44,2007-12-03,44
2007-12-04,33,2007-12-04,33
2007-12-05,31,2007-12-05,31
2007-12-06,27,2007-12-06,27
2007-12-07,36,2007-12-07,36
2007-12-08,40,2007-12-08,40
2007-12-09,37,2007-12-09,37
2007-12-10,41,2007-12-10,41
2007-12-11,66,2007-12-11,66
2007-12-12,62,2007-12-12,62
2007-12-13,43,2007-12-13,43
2007-12-14,36,2007-12-14,36
2007-12-15,39,2007-12-15,39
2007-12-16,42,2007-12-16,42
2007-12-17,24,2007-12-17,24
2007-12-18,40,2007-12-18,40
2007-12-19,41,2007-12-19,41
2007-12-20,39,2007-12-20,39
2007-12-21,48,2007-12-21,48
2007-12-22,54,2007-12-22,54
2007-12-23,57,2007-12-23,57
2007-12-24,35,2007-12-24,35
2007-12-25,44,2007-12-25,44
2007-12-26,49,2007-12-26,49
2007-12-27,40,2007-12-27,40
2007-12-28,49,2007-12-28,49
2007-12-29,42,2007-12-29,42
2007-12-30,37,2007-12-30,37
2007-12-31,46,2007-12-31,46
2008-01-01,46,2008-01-01,46
2008-01-02,21,2008-01-02,21
2008-01-03,20,2008-01-03,20
2008-01-04,36,2008-01-04,36
2008-01-05,43,2008-01-05,43
2008-01-06,59,2008-01-06,59
2008-01-07,68,2008-01-07,68
2008-01-08,68,2008-01-08,68
2008-01-09,60,2008-01-09,60
2008-01-10,52,2008-01-10,52
2008-01-11,54,2008-01-11,54
2008-01-12,44,2008-01-12,44
2008-01-13,41,2008-01-13,41
2008-01-14,33,2008-01-14,33
2008-01-15,26,2008-01-15,26
2008-01-16,34,2008-01-16,34
2008-01-17,39,2008-01-17,39
2008-01-18,38,2008-01-18,38
2008-01-19,27,2008-01-19,27
2008-01-20,18,2008-01-20,18
2008-01-21,30,2008-01-21,30
2008-01-22,35,2008-01-22,35
2008-01-23,30,2008-01-23,30
2008-01-24,25,2008-01-24,25
2008-01-25,25,2008-01-25,25
2008-01-26,33,2008-01-26,33
2008-01-27,36,2008-01-27,36
2008-01-28,48,2008-01-28,48
2008-01-29,54,2008-01-29,54
2008-01-30,46,2008-01-30,46
2008-01-31,34,2008-01-31,34
2008-02-01,42,2008-02-01,42
2008-02-02,39,2008-02-02,39
2008-02-03,39,2008-02-03,39
2008-02-04,59,2008-02-04,59
2008-02-05,62,2008-02-05,62
2008-02-06,62,2008-02-06,62
2008-02-07,38,2008-02-07,38
2008-02-08,43,2008-02-08,43
2008-02-09,49,2008-02-09,49
2008-02-10,42,2008-02-10,42
2008-02-11,20,2008-02-11,20
2008-02-12,37,2008-02-12,37
2008-02-13,28,2008-02-13,28
2008-02-14,33,2008-02-14,33
2008-02-15,38,2008-02-15,38
2008-02-16,40,2008-02-16,40
2008-02-17,61,2008-02-17,61
2008-02-18,50,2008-02-18,50
2008-02-19,24,2008-02-19,24
2008-02-20,24,2008-02-20,24
2008-02-21,26,2008-02-21,26
2008-02-22,31,2008-02-22,31
2008-02-23,32,2008-02-23,32
2008-02-24,33,2008-02-24,33
2008-02-25,34,2008-02-25,34
2008-02-26,36,2008-02-26,36
2008-02-27,28,2008-02-27,28
2008-02-28,27,2008-02-28,27
2008-02-29,41,2008-02-29,41
2008-03-01,37,2008-03-01,37
2008-03-02,60,2008-03-02,60
2008-03-03,70,2008-03-03,70
2008-03-04,41,2008-03-04,41
2008-03-05,34,2008-03-05,34
2008-03-06,48,2008-03-06,48
2008-03-07,34,2008-03-07,34
2008-03-08,25,2008-03-08,25
2008-03-09,34,2008-03-09,34
2008-03-10,46,2008-03-10,46
2008-03-11,36,2008-03-11,36
2008-03-12,46,2008-03-12,46
2008-03-13,60,2008-03-13,60
2008-03-14,48,2008-03-14,48
2008-03-15,45,2008-03-15,45
2008-03-16,43,2008-03-16,43
2008-03-17,47,2008-03-17,47
2008-03-18,53,2008-03-18,53
2008-03-19,54,2008-03-19,54
2008-03-20,49,2008-03-20,49
2008-03-21,52,2008-03-21,52
2008-03-22,44,2008-03-22,44
2008-03-23,44,2008-03-23,44
2008-03-24,44,2008-03-24,44
2008-03-25,52,2008-03-25,52
2008-03-26,61,2008-03-26,61
2008-03-27,52,2008-03-27,52
2008-03-28,47,2008-03-28,47
2008-03-29,50,2008-03-29,50
2008-03-30,47,2008-03-30,47
2008-03-31,62,2008-03-31,62
2008-04-01,62,2008-04-01,62
2008-04-02,52,2008-04-02,52
2008-04-03,59,2008-04-03,59
2008-04-04,63,2008-04-04,63
2008-04-05,59,2008-04-05,59
2008-04-06,70,2008-04-06,70
2008-04-07,73,2008-04-07,73
2008-04-08,78,2008-04-08,78
2008-04-09,70,2008-04-09,70
2008-04-10,71,2008-04-10,71
2008-04-11,69,2008-04-11,69
2008-04-12,53,2008-04-12,53
2008-04-13,45,2008-04-13,45
2008-04-14,52,2008-04-14,52
2008-04-15,59,2008-04-15,59
2008-04-16,70,2008-04-16,70
2008-04-17,75,2008-04-17,75
2008-04-18,79,2008-04-18,79
2008-04-19,66,2008-04-19,66
2008-04-20,67,2008-04-20,67
2008-04-21,73,2008-04-21,73
2008-04-22,77,2008-04-22,77
2008-04-23,81,2008-04-23,81
2008-04-24,79,2008-04-24,79
2008-04-25,83,2008-04-25,83
2008-04-26,72,2008-04-26,72
2008-04-27,69,2008-04-27,69
2008-04-28,57,2008-04-28,57
2008-04-29,53,2008-04-29,53
2008-04-30,61,2008-04-30,61
2008-05-01,78,2008-05-01,78
2008-05-02,80,2008-05-02,80
2008-05-03,72,2008-05-03,72
2008-05-04,65,2008-05-04,65
2008-05-05,73,2008-05-05,73
2008-05-06,79,2008-05-06,79
2008-05-07,79,2008-05-07,79
2008-05-08,67,2008-05-08,67
2008-05-09,65,2008-05-09,65
2008-05-10,68,2008-05-10,68
2008-05-11,62,2008-05-11,62
2008-05-12,58,2008-05-12,58
2008-05-13,69,2008-05-13,69
2008-05-14,62,2008-05-14,62
2008-05-15,65,2008-05-15,65
2008-05-16,66,2008-05-16,66
2008-05-17,74,2008-05-17,74
2008-05-18,64,2008-05-18,64
2008-05-19,64,2008-05-19,64
2008-05-20,64,2008-05-20,64
2008-05-21,64,2008-05-21,64
2008-05-22,70,2008-05-22,70
2008-05-23,66,2008-05-23,66
2008-05-24,72,2008-05-24,72
2008-05-25,77,2008-05-25,77
2008-05-26,83,2008-05-26,83
2008-05-27,74,2008-05-27,74
2008-05-28,71,2008-05-28,71
2008-05-29,77,2008-05-29,77
2008-05-30,85,2008-05-30,85
2008-05-31,86,2008-05-31,86
2008-06-01,81,2008-06-01,81
2008-06-02,83,2008-06-02,83
2008-06-03,76,2008-06-03,76
2008-06-04,79,2008-06-04,79
2008-06-05,90,2008-06-05,90
2008-06-06,92,2008-06-06,92
2008-06-07,83,2008-06-07,83
2008-06-08,92,2008-06-08,92
2008-06-09,92,2008-06-09,92
2008-06-10,83,2008-06-10,83
2008-06-11,86,2008-06-11,86
2008-06-12,90,2008-06-12,90
2008-06-13,90,2008-06-13,90
2008-06-14,83,2008-06-14,83
2008-06-15,86,2008-06-15,86
2008-06-16,82,2008-06-16,82
2008-06-17,73,2008-06-17,73
2008-06-18,76,2008-06-18,76
2008-06-19,77,2008-06-19,77
2008-06-20,83,2008-06-20,83
2008-06-21,84,2008-06-21,84
2008-06-22,82,2008-06-22,82
2008-06-23,78,2008-06-23,78
2008-06-24,80,2008-06-24,80
2008-06-25,87,2008-06-25,87
2008-06-26,90,2008-06-26,90
2008-06-27,85,2008-06-27,85
2008-06-28,84,2008-06-28,84
2008-06-29,82,2008-06-29,82
2008-06-30,68,2008-06-30,68
2008-07-01,79,2008-07-01,79
2008-07-02,85,2008-07-02,85
2008-07-03,76,2008-07-03,76
2008-07-04,71,2008-07-04,71
2008-07-05,81,2008-07-05,81
2008-07-06,86,2008-07-06,86
2008-07-07,88,2008-07-07,88
2008-07-08,91,2008-07-08,91
2008-07-09,84,2008-07-09,84
2008-07-10,84,2008-07-10,84
2008-07-11,87,2008-07-11,87
2008-07-12,88,2008-07-12,88
2008-07-13,82,2008-07-13,82
2008-07-14,82,2008-07-14,82
2008-07-15,85,2008-07-15,85
2008-07-16,89,2008-07-16,89
2008-07-17,91,2008-07-17,91
2008-07-18,92,2008-07-18,92
2008-07-19,92,2008-07-19,92
2008-07-20,92,2008-07-20,92
2008-07-21,91,2008-07-21,91
2008-07-22,84,2008-07-22,84
2008-07-23,80,2008-07-23,80
2008-07-24,84,2008-07-24,84
2008-07-25,84,2008-07-25,84
2008-07-26,88,2008-07-26,88
2008-07-27,84,2008-07-27,84
2008-07-28,80,2008-07-28,80
2008-07-29,87,2008-07-29,87
2008-07-30,88,2008-07-30,88
2008-07-31,90,2008-07-31,90
2008-08-01,91,2008-08-01,91
2008-08-02,87,2008-08-02,87
2008-08-03,84,2008-08-03,84
2008-08-04,88,2008-08-04,88
2008-08-05,84,2008-08-05,84
2008-08-06,88,2008-08-06,88
2008-08-07,85,2008-08-07,85
2008-08-08,81,2008-08-08,81
2008-08-09,82,2008-08-09,82
2008-08-10,76,2008-08-10,76
2008-08-11,79,2008-08-11,79
2008-08-12,82,2008-08-12,82
2008-08-13,83,2008-08-13,83
2008-08-14,82,2008-08-14,82
2008-08-15,82,2008-08-15,82
2008-08-16,84,2008-08-16,84
2008-08-17,85,2008-08-17,85
2008-08-18,86,2008-08-18,86
2008-08-19,88,2008-08-19,88
2008-08-20,87,2008-08-20,87
2008-08-21,92,2008-08-21,92
2008-08-22,91,2008-08-22,91
2008-08-23,90,2008-08-23,90
2008-08-24,92,2008-08-24,92
2008-08-25,81,2008-08-25,81
2008-08-26,84,2008-08-26,84
2008-08-27,73,2008-08-27,73
2008-08-28,75,2008-08-28,75
2008-08-29,87,2008-08-29,87
2008-08-30,86,2008-08-30,86
2008-08-31,86,2008-08-31,86
2008-09-01,87,2008-09-01,87
2008-09-02,91,2008-09-02,91
2008-09-03,93,2008-09-03,93
2008-09-04,92,2008-09-04,92
2008-09-05,80,2008-09-05,80
2008-09-06,79,2008-09-06,79
2008-09-07,77,2008-09-07,77
2008-09-08,81,2008-09-08,81
2008-09-09,72,2008-09-09,72
2008-09-10,73,2008-09-10,73
2008-09-11,83,2008-09-11,83
2008-09-12,77,2008-09-12,77
2008-09-13,88,2008-09-13,88
2008-09-14,90,2008-09-14,90
2008-09-15,70,2008-09-15,70
2008-09-16,73,2008-09-16,73
2008-09-17,79,2008-09-17,79
2008-09-18,77,2008-09-18,77
2008-09-19,80,2008-09-19,80
2008-09-20,82,2008-09-20,82
2008-09-21,84,2008-09-21,84
2008-09-22,81,2008-09-22,81
2008-09-23,82,2008-09-23,82
2008-09-24,82,2008-09-24,82
2008-09-25,81,2008-09-25,81
2008-09-26,75,2008-09-26,75
2008-09-27,78,2008-09-27,78
2008-09-28,78,2008-09-28,78
2008-09-29,80,2008-09-29,80
2008-09-30,71,2008-09-30,71
2008-10-01,64,2008-10-01,64
2008-10-02,62,2008-10-02,62
2008-10-03,64,2008-10-03,64
2008-10-04,66,2008-10-04,66
2008-10-05,71,2008-10-05,71
2008-10-06,67,2008-10-06,67
2008-10-07,75,2008-10-07,75
2008-10-08,68,2008-10-08,68
2008-10-09,72,2008-10-09,72
2008-10-10,76,2008-10-10,76
2008-10-11,81,2008-10-11,81
2008-10-12,82,2008-10-12,82
2008-10-13,80,2008-10-13,80
2008-10-14,78,2008-10-14,78
2008-10-15,82,2008-10-15,82
2008-10-16,72,2008-10-16,72
2008-10-17,58,2008-10-17,58
2008-10-18,59,2008-10-18,59
2008-10-19,59,2008-10-19,59
2008-10-20,67,2008-10-20,67
2008-10-21,58,2008-10-21,58
2008-10-22,56,2008-10-22,56
2008-10-23,64,2008-10-23,64
2008-10-24,56,2008-10-24,56
2008-10-25,57,2008-10-25,57
2008-10-26,64,2008-10-26,64
2008-10-27,45,2008-10-27,45
2008-10-28,44,2008-10-28,44
2008-10-29,48,2008-10-29,48
2008-10-30,55,2008-10-30,55
2008-10-31,69,2008-10-31,69
2008-11-01,71,2008-11-01,71
2008-11-02,70,2008-11-02,70
2008-11-03,71,2008-11-03,71
2008-11-04,72,2008-11-04,72
2008-11-05,72,2008-11-05,72
2008-11-06,73,2008-11-06,73
2008-11-07,61,2008-11-07,61
2008-11-08,48,2008-11-08,48
2008-11-09,42,2008-11-09,42
2008-11-10,40,2008-11-10,40
2008-11-11,41,2008-11-11,41
2008-11-12,54,2008-11-12,54
2008-11-13,59,2008-11-13,59
2008-11-14,66,2008-11-14,66
2008-11-15,54,2008-11-15,54
2008-11-16,39,2008-11-16,39
2008-11-17,38,2008-11-17,38
2008-11-18,32,2008-11-18,32
2008-11-19,33,2008-11-19,33
2008-11-20,39,2008-11-20,39
2008-11-21,32,2008-11-21,32
2008-11-22,30,2008-11-22,30
2008-11-23,44,2008-11-23,44
2008-11-24,46,2008-11-24,46
2008-11-25,38,2008-11-25,38
2008-11-26,43,2008-11-26,43
2008-11-27,47,2008-11-27,47
2008-11-28,42,2008-11-28,42
2008-11-29,44,2008-11-29,44
2008-11-30,43,2008-11-30,43
2008-12-01,38,2008-12-01,38
2008-12-02,29,2008-12-02,29
2008-12-03,47,2008-12-03,47
2008-12-04,48,2008-12-04,48
2008-12-05,27,2008-12-05,27
2008-12-06,31,2008-12-06,31
2008-12-07,28,2008-12-07,28
2008-12-08,39,2008-12-08,39
2008-12-09,53,2008-12-09,53
2008-12-10,53,2008-12-10,53
2008-12-11,33,2008-12-11,33
2008-12-12,33,2008-12-12,33
2008-12-13,38,2008-12-13,38
2008-12-14,55,2008-12-14,55
2008-12-15,57,2008-12-15,57
2008-12-16,29,2008-12-16,29
2008-12-17,33,2008-12-17,33
2008-12-18,33,2008-12-18,33
2008-12-19,58,2008-12-19,58
2008-12-20,31,2008-12-20,31
2008-12-21,33,2008-12-21,33
2008-12-22,18,2008-12-22,18
2008-12-23,36,2008-12-23,36
2008-12-24,54,2008-12-24,54
2008-12-25,33,2008-12-25,33
2008-12-26,52,2008-12-26,52
2008-12-27,68,2008-12-27,68
2008-12-28,64,2008-12-28,64
2008-12-29,50,2008-12-29,50
2008-12-30,46,2008-12-30,46
2008-12-31,45,2008-12-31,45
2009-01-01,33,2009-01-01,33
2009-01-02,44,2009-01-02,44
2009-01-03,42,2009-01-03,42
2009-01-04,50,2009-01-04,50
2009-01-05,35,2009-01-05,35
2009-01-06,34,2009-01-06,34
2009-01-07,36,2009-01-07,36
2009-01-08,27,2009-01-08,27
2009-01-09,29,2009-01-09,29
2009-01-10,34,2009-01-10,34
2009-01-11,29,2009-01-11,29
2009-01-12,32,2009-01-12,32
2009-01-13,35,2009-01-13,35
2009-01-14,23,2009-01-14,23
2009-01-15,13,2009-01-15,13
2009-01-16,4,2009-01-16,4
2009-01-17,33,2009-01-17,33
2009-01-18,34,2009-01-18,34
2009-01-19,21,2009-01-19,21
2009-01-20,20,2009-01-20,20
2009-01-21,24,2009-01-21,24
2009-01-22,39,2009-01-22,39
2009-01-23,49,2009-01-23,49
2009-01-24,30,2009-01-24,30
2009-01-25,19,2009-01-25,19
2009-01-26,23,2009-01-26,23
2009-01-27,27,2009-01-27,27
2009-01-28,31,2009-01-28,31
2009-01-29,26,2009-01-29,26
2009-01-30,27,2009-01-30,27
2009-01-31,28,2009-01-31,28
2009-02-01,43,2009-02-01,43
2009-02-02,36,2009-02-02,36
2009-02-03,28,2009-02-03,28
2009-02-04,19,2009-02-04,19
2009-02-05,22,2009-02-05,22
2009-02-06,41,2009-02-06,41
2009-02-07,50,2009-02-07,50
2009-02-08,49,2009-02-08,49
2009-02-09,51,2009-02-09,51
2009-02-10,56,2009-02-10,56
2009-02-11,66,2009-02-11,66
2009-02-12,49,2009-02-12,49
2009-02-13,44,2009-02-13,44
2009-02-14,38,2009-02-14,38
2009-02-15,37,2009-02-15,37
2009-02-16,35,2009-02-16,35
2009-02-17,44,2009-02-17,44
2009-02-18,56,2009-02-18,56
2009-02-19,37,2009-02-19,37
2009-02-20,32,2009-02-20,32
2009-02-21,47,2009-02-21,47
2009-02-22,29,2009-02-22,29
2009-02-23,30,2009-02-23,30
2009-02-24,36,2009-02-24,36
2009-02-25,57,2009-02-25,57
2009-02-26,55,2009-02-26,55
2009-02-27,58,2009-02-27,58
2009-02-28,32,2009-02-28,32
2009-03-01,34,2009-03-01,34
2009-03-02,23,2009-03-02,23
2009-03-03,29,2009-03-03,29
2009-03-04,41,2009-03-04,41
2009-03-05,63,2009-03-05,63
2009-03-06,70,2009-03-06,70
2009-03-07,77,2009-03-07,77
2009-03-08,70,2009-03-08,70
2009-03-09,54,2009-03-09,54
2009-03-10,79,2009-03-10,79
2009-03-11,71,2009-03-11,71
2009-03-12,35,2009-03-12,35
2009-03-13,47,2009-03-13,47
2009-03-14,52,2009-03-14,52
2009-03-15,63,2009-03-15,63
2009-03-16,64,2009-03-16,64
2009-03-17,70,2009-03-17,70
2009-03-18,75,2009-03-18,75
2009-03-19,55,2009-03-19,55
2009-03-20,45,2009-03-20,45
2009-03-21,55,2009-03-21,55
2009-03-22,62,2009-03-22,62
2009-03-23,58,2009-03-23,58
2009-03-24,69,2009-03-24,69
2009-03-25,59,2009-03-25,59
2009-03-26,57,2009-03-26,57
2009-03-27,60,2009-03-27,60
2009-03-28,64,2009-03-28,64
2009-03-29,61,2009-03-29,61
2009-03-30,55,2009-03-30,55
2009-03-31,68,2009-03-31,68
2009-04-01,61,2009-04-01,61
2009-04-02,76,2009-04-02,76
2009-04-03,62,2009-04-03,62
2009-04-04,56,2009-04-04,56
2009-04-05,67,2009-04-05,67
2009-04-06,53,2009-04-06,53
2009-04-07,39,2009-04-07,39
2009-04-08,53,2009-04-08,53
2009-04-09,62,2009-04-09,62
2009-04-10,57,2009-04-10,57
2009-04-11,55,2009-04-11,55
2009-04-12,56,2009-04-12,56
2009-04-13,49,2009-04-13,49
2009-04-14,56,2009-04-14,56
2009-04-15,48,2009-04-15,48
2009-04-16,65,2009-04-16,65
2009-04-17,70,2009-04-17,70
2009-04-18,75,2009-04-18,75
2009-04-19,66,2009-04-19,66
2009-04-20,62,2009-04-20,62
2009-04-21,51,2009-04-21,51
2009-04-22,59,2009-04-22,59
2009-04-23,63,2009-04-23,63
2009-04-24,86,2009-04-24,86
2009-04-25,87,2009-04-25,87
2009-04-26,86,2009-04-26,86
2009-04-27,85,2009-04-27,85
2009-04-28,73,2009-04-28,73
2009-04-29,67,2009-04-29,67
2009-04-30,71,2009-04-30,71
2009-05-01,73,2009-05-01,73
2009-05-02,63,2009-05-02,63
2009-05-03,67,2009-05-03,67
2009-05-04,71,2009-05-04,71
2009-05-05,69,2009-05-05,69
2009-05-06,62,2009-05-06,62
2009-05-07,71,2009-05-07,71
2009-05-08,72,2009-05-08,72
2009-05-09,71,2009-05-09,71
2009-05-10,66,2009-05-10,66
2009-05-11,67,2009-05-11,67
2009-05-12,68,2009-05-12,68
2009-05-13,73,2009-05-13,73
2009-05-14,74,2009-05-14,74
2009-05-15,80,2009-05-15,80
2009-05-16,75,2009-05-16,75
2009-05-17,62,2009-05-17,62
2009-05-18,66,2009-05-18,66
2009-05-19,74,2009-05-19,74
2009-05-20,83,2009-05-20,83
2009-05-21,85,2009-05-21,85
2009-05-22,85,2009-05-22,85
2009-05-23,87,2009-05-23,87
2009-05-24,86,2009-05-24,86
2009-05-25,81,2009-05-25,81
2009-05-26,83,2009-05-26,83
2009-05-27,83,2009-05-27,83
2009-05-28,78,2009-05-28,78
2009-05-29,79,2009-05-29,79
2009-05-30,77,2009-05-30,77
2009-05-31,73,2009-05-31,73
2009-06-01,83,2009-06-01,83
2009-06-02,84,2009-06-02,84
2009-06-03,66,2009-06-03,66
2009-06-04,71,2009-06-04,71
2009-06-05,76,2009-06-05,76
2009-06-06,81,2009-06-06,81
2009-06-07,85,2009-06-07,85
2009-06-08,86,2009-06-08,86
2009-06-09,86,2009-06-09,86
2009-06-10,78,2009-06-10,78
2009-06-11,73,2009-06-11,73
2009-06-12,76,2009-06-12,76
2009-06-13,80,2009-06-13,80
2009-06-14,80,2009-06-14,80
2009-06-15,82,2009-06-15,82
2009-06-16,83,2009-06-16,83
2009-06-17,86,2009-06-17,86
2009-06-18,82,2009-06-18,82
2009-06-19,90,2009-06-19,90
2009-06-20,87,2009-06-20,87
2009-06-21,86,2009-06-21,86
2009-06-22,86,2009-06-22,86
2009-06-23,86,2009-06-23,86
2009-06-24,89,2009-06-24,89
2009-06-25,93,2009-06-25,93
2009-06-26,88,2009-06-26,88
2009-06-27,84,2009-06-27,84
2009-06-28,87,2009-06-28,87
2009-06-29,83,2009-06-29,83
2009-06-30,76,2009-06-30,76
2009-07-01,73,2009-07-01,73
2009-07-02,71,2009-07-02,71
2009-07-03,76,2009-07-03,76
2009-07-04,76,2009-07-04,76
2009-07-05,81,2009-07-05,81
2009-07-06,84,2009-07-06,84
2009-07-07,83,2009-07-07,83
2009-07-08,83,2009-07-08,83
2009-07-09,82,2009-07-09,82
2009-07-10,88,2009-07-10,88
2009-07-11,77,2009-07-11,77
2009-07-12,84,2009-07-12,84
2009-07-13,80,2009-07-13,80
2009-07-14,81,2009-07-14,81
2009-07-15,84,2009-07-15,84
2009-07-16,86,2009-07-16,86
2009-07-17,81,2009-07-17,81
2009-07-18,70,2009-07-18,70
2009-07-19,74,2009-07-19,74
2009-07-20,80,2009-07-20,80
2009-07-21,82,2009-07-21,82
2009-07-22,70,2009-07-22,70
2009-07-23,78,2009-07-23,78
2009-07-24,82,2009-07-24,82
2009-07-25,76,2009-07-25,76
2009-07-26,82,2009-07-26,82
2009-07-27,83,2009-07-27,83
2009-07-28,85,2009-07-28,85
2009-07-29,80,2009-07-29,80
2009-07-30,80,2009-07-30,80
2009-07-31,83,2009-07-31,83
2009-08-01,82,2009-08-01,82
2009-08-02,79,2009-08-02,79
2009-08-03,80,2009-08-03,80
2009-08-04,81,2009-08-04,81
2009-08-05,79,2009-08-05,79
2009-08-06,79,2009-08-06,79
2009-08-07,81,2009-08-07,81
2009-08-08,84,2009-08-08,84
2009-08-09,91,2009-08-09,91
2009-08-10,89,2009-08-10,89
2009-08-11,87,2009-08-11,87
2009-08-12,83,2009-08-12,83
2009-08-13,84,2009-08-13,84
2009-08-14,87,2009-08-14,87
2009-08-15,88,2009-08-15,88
2009-08-16,92,2009-08-16,92
2009-08-17,90,2009-08-17,90
2009-08-18,84,2009-08-18,84
2009-08-19,80,2009-08-19,80
2009-08-20,85,2009-08-20,85
2009-08-21,82,2009-08-21,82
2009-08-22,76,2009-08-22,76
2009-08-23,71,2009-08-23,71
2009-08-24,79,2009-08-24,79
2009-08-25,84,2009-08-25,84
2009-08-26,87,2009-08-26,87
2009-08-27,85,2009-08-27,85
2009-08-28,77,2009-08-28,77
2009-08-29,77,2009-08-29,77
2009-08-30,69,2009-08-30,69
2009-08-31,71,2009-08-31,71
2009-09-01,74,2009-09-01,74
2009-09-02,78,2009-09-02,78
2009-09-03,80,2009-09-03,80
2009-09-04,80,2009-09-04,80
2009-09-05,81,2009-09-05,81
2009-09-06,84,2009-09-06,84
2009-09-07,78,2009-09-07,78
2009-09-08,77,2009-09-08,77
2009-09-09,82,2009-09-09,82
2009-09-10,80,2009-09-10,80
2009-09-11,76,2009-09-11,76
2009-09-12,77,2009-09-12,77
2009-09-13,78,2009-09-13,78
2009-09-14,82,2009-09-14,82
2009-09-15,83,2009-09-15,83
2009-09-16,76,2009-09-16,76
2009-09-17,78,2009-09-17,78
2009-09-18,77,2009-09-18,77
2009-09-19,77,2009-09-19,77
2009-09-20,74,2009-09-20,74
2009-09-21,76,2009-09-21,76
2009-09-22,83,2009-09-22,83
2009-09-23,80,2009-09-23,80
2009-09-24,73,2009-09-24,73
2009-09-25,70,2009-09-25,70
2009-09-26,67,2009-09-26,67
2009-09-27,71,2009-09-27,71
2009-09-28,65,2009-09-28,65
2009-09-29,58,2009-09-29,58
2009-09-30,54,2009-09-30,54
2009-10-01,62,2009-10-01,62
2009-10-02,67,2009-10-02,67
2009-10-03,65,2009-10-03,65
2009-10-04,60,2009-10-04,60
2009-10-05,66,2009-10-05,66
2009-10-06,69,2009-10-06,69
2009-10-07,63,2009-10-07,63
2009-10-08,59,2009-10-08,59
2009-10-09,63,2009-10-09,63
2009-10-10,58,2009-10-10,58
2009-10-11,56,2009-10-11,56
2009-10-12,59,2009-10-12,59
2009-10-13,55,2009-10-13,55
2009-10-14,47,2009-10-14,47
2009-10-15,46,2009-10-15,46
2009-10-16,47,2009-10-16,47
2009-10-17,47,2009-10-17,47
2009-10-18,51,2009-10-18,51
2009-10-19,59,2009-10-19,59
2009-10-20,68,2009-10-20,68
2009-10-21,70,2009-10-21,70
2009-10-22,70,2009-10-22,70
2009-10-23,64,2009-10-23,64
2009-10-24,60,2009-10-24,60
2009-10-25,61,2009-10-25,61
2009-10-26,67,2009-10-26,67
2009-10-27,60,2009-10-27,60
2009-10-28,59,2009-10-28,59
2009-10-29,61,2009-10-29,61
2009-10-30,79,2009-10-30,79
2009-10-31,65,2009-10-31,65
2009-11-01,52,2009-11-01,52
2009-11-02,57,2009-11-02,57
2009-11-03,51,2009-11-03,51
2009-11-04,53,2009-11-04,53
2009-11-05,53,2009-11-05,53
2009-11-06,55,2009-11-06,55
2009-11-07,67,2009-11-07,67
2009-11-08,70,2009-11-08,70
2009-11-09,67,2009-11-09,67
2009-11-10,61,2009-11-10,61
2009-11-11,57,2009-11-11,57
2009-11-12,56,2009-11-12,56
2009-11-13,65,2009-11-13,65
2009-11-14,67,2009-11-14,67
2009-11-15,65,2009-11-15,65
2009-11-16,57,2009-11-16,57
2009-11-17,66,2009-11-17,66
2009-11-18,55,2009-11-18,55
2009-11-19,53,2009-11-19,53
2009-11-20,52,2009-11-20,52
2009-11-21,56,2009-11-21,56
2009-11-22,56,2009-11-22,56
2009-11-23,49,2009-11-23,49
2009-11-24,55,2009-11-24,55
2009-11-25,53,2009-11-25,53
2009-11-26,48,2009-11-26,48
2009-11-27,40,2009-11-27,40
2009-11-28,51,2009-11-28,51
2009-11-29,61,2009-11-29,61
2009-11-30,51,2009-11-30,51
2009-12-01,52,2009-12-01,52
2009-12-02,53,2009-12-02,53
2009-12-03,53,2009-12-03,53
2009-12-04,36,2009-12-04,36
2009-12-05,32,2009-12-05,32
2009-12-06,34,2009-12-06,34
2009-12-07,35,2009-12-07,35
2009-12-08,39,2009-12-08,39
2009-12-09,53,2009-12-09,53
2009-12-10,25,2009-12-10,25
2009-12-11,34,2009-12-11,34
2009-12-12,42,2009-12-12,42
2009-12-13,44,2009-12-13,44
2009-12-14,52,2009-12-14,52
2009-12-15,47,2009-12-15,47
2009-12-16,29,2009-12-16,29
2009-12-17,38,2009-12-17,38
2009-12-18,41,2009-12-18,41
2009-12-19,35,2009-12-19,35
2009-12-20,31,2009-12-20,31
2009-12-21,32,2009-12-21,32
2009-12-22,33,2009-12-22,33
2009-12-23,32,2009-12-23,32
2009-12-24,42,2009-12-24,42
2009-12-25,47,2009-12-25,47
2009-12-26,41,2009-12-26,41
2009-12-27,41,2009-12-27,41
2009-12-28,30,2009-12-28,30
2009-12-29,26,2009-12-29,26
2009-12-30,36,2009-12-30,36
2009-12-31,36,2009-12-31,36
2010-01-01,34,2010-01-01,34
2010-01-02,19,2010-01-02,19
2010-01-03,18,2010-01-03,18
2010-01-04,24,2010-01-04,24
2010-01-05,22,2010-01-05,22
2010-01-06,23,2010-01-06,23
2010-01-07,23,2010-01-07,23
2010-01-08,22,2010-01-08,22
2010-01-09,22,2010-01-09,22
2010-01-10,18,2010-01-10,18
2010-01-11,23,2010-01-11,23
2010-01-12,27,2010-01-12,27
2010-01-13,30,2010-01-13,30
2010-01-14,39,2010-01-14,39
2010-01-15,41,2010-01-15,41
2010-01-16,38,2010-01-16,38
2010-01-17,40,2010-01-17,40
2010-01-18,33,2010-01-18,33
2010-01-19,35,2010-01-19,35
2010-01-20,35,2010-01-20,35
2010-01-21,45,2010-01-21,45
2010-01-22,45,2010-01-22,45
2010-01-23,50,2010-01-23,50
2010-01-24,50,2010-01-24,50
2010-01-25,49,2010-01-25,49
2010-01-26,31,2010-01-26,31
2010-01-27,33,2010-01-27,33
2010-01-28,33,2010-01-28,33
2010-01-29,17,2010-01-29,17
2010-01-30,25,2010-01-30,25
2010-01-31,31,2010-01-31,31
2010-02-01,34,2010-02-01,34
2010-02-02,43,2010-02-02,43
2010-02-03,36,2010-02-03,36
2010-02-04,39,2010-02-04,39
2010-02-05,35,2010-02-05,35
2010-02-06,33,2010-02-06,33
2010-02-07,23,2010-02-07,23
2010-02-08,24,2010-02-08,24
2010-02-09,33,2010-02-09,33
2010-02-10,27,2010-02-10,27
2010-02-11,27,2010-02-11,27
2010-02-12,25,2010-02-12,25
2010-02-13,27,2010-02-13,27
2010-02-14,27,2010-02-14,27
2010-02-15,26,2010-02-15,26
2010-02-16,28,2010-02-16,28
2010-02-17,31,2010-02-17,31
2010-02-18,34,2010-02-18,34
2010-02-19,35,2010-02-19,35
2010-02-20,40,2010-02-20,40
2010-02-21,42,2010-02-21,42
2010-02-22,40,2010-02-22,40
2010-02-23,35,2010-02-23,35
2010-02-24,33,2010-02-24,33
2010-02-25,29,2010-02-25,29
2010-02-26,29,2010-02-26,29
2010-02-27,33,2010-02-27,33
2010-02-28,38,2010-02-28,38
2010-03-01,38,2010-03-01,38
2010-03-02,34,2010-03-02,34
2010-03-03,34,2010-03-03,34
2010-03-04,39,2010-03-04,39
2010-03-05,39,2010-03-05,39
2010-03-06,43,2010-03-06,43
2010-03-07,48,2010-03-07,48
2010-03-08,55,2010-03-08,55
2010-03-09,62,2010-03-09,62
2010-03-10,64,2010-03-10,64
2010-03-11,68,2010-03-11,68
2010-03-12,70,2010-03-12,70
2010-03-13,52,2010-03-13,52
2010-03-14,48,2010-03-14,48
2010-03-15,45,2010-03-15,45
2010-03-16,60,2010-03-16,60
2010-03-17,63,2010-03-17,63
2010-03-18,65,2010-03-18,65
2010-03-19,66,2010-03-19,66
2010-03-20,69,2010-03-20,69
2010-03-21,72,2010-03-21,72
2010-03-22,49,2010-03-22,49
2010-03-23,49,2010-03-23,49
2010-03-24,61,2010-03-24,61
2010-03-25,58,2010-03-25,58
2010-03-26,41,2010-03-26,41
2010-03-27,58,2010-03-27,58
2010-03-28,57,2010-03-28,57
2010-03-29,50,2010-03-29,50
2010-03-30,57,2010-03-30,57
2010-03-31,71,2010-03-31,71
2010-04-01,81,2010-04-01,81
2010-04-02,84,2010-04-02,84
2010-04-03,80,2010-04-03,80
2010-04-04,73,2010-04-04,73
2010-04-05,80,2010-04-05,80
2010-04-06,84,2010-04-06,84
2010-04-07,77,2010-04-07,77
2010-04-08,68,2010-04-08,68
2010-04-09,52,2010-04-09,52
2010-04-10,66,2010-04-10,66
2010-04-11,73,2010-04-11,73
2010-04-12,68,2010-04-12,68
2010-04-13,65,2010-04-13,65
2010-04-14,72,2010-04-14,72
2010-04-15,84,2010-04-15,84
2010-04-16,79,2010-04-16,79
2010-04-17,56,2010-04-17,56
2010-04-18,58,2010-04-18,58
2010-04-19,63,2010-04-19,63
2010-04-20,65,2010-04-20,65
2010-04-21,69,2010-04-21,69
2010-04-22,70,2010-04-22,70
2010-04-23,72,2010-04-23,72
2010-04-24,69,2010-04-24,69
2010-04-25,71,2010-04-25,71
2010-04-26,57,2010-04-26,57
2010-04-27,55,2010-04-27,55
2010-04-28,61,2010-04-28,61
2010-04-29,70,2010-04-29,70
2010-04-30,82,2010-04-30,82
2010-05-01,71,2010-05-01,71
2010-05-02,70,2010-05-02,70
2010-05-03,76,2010-05-03,76
2010-05-04,75,2010-05-04,75
2010-05-05,83,2010-05-05,83
2010-05-06,71,2010-05-06,71
2010-05-07,85,2010-05-07,85
2010-05-08,61,2010-05-08,61
2010-05-09,57,2010-05-09,57
2010-05-10,62,2010-05-10,62
2010-05-11,72,2010-05-11,72
2010-05-12,61,2010-05-12,61
2010-05-13,83,2010-05-13,83
2010-05-14,78,2010-05-14,78
2010-05-15,74,2010-05-15,74
2010-05-16,70,2010-05-16,70
2010-05-17,61,2010-05-17,61
2010-05-18,65,2010-05-18,65
2010-05-19,64,2010-05-19,64
2010-05-20,78,2010-05-20,78
2010-05-21,70,2010-05-21,70
2010-05-22,76,2010-05-22,76
2010-05-23,83,2010-05-23,83
2010-05-24,83,2010-05-24,83
2010-05-25,83,2010-05-25,83
2010-05-26,87,2010-05-26,87
2010-05-27,89,2010-05-27,89
2010-05-28,85,2010-05-28,85
2010-05-29,86,2010-05-29,86
2010-05-30,89,2010-05-30,89
2010-05-31,84,2010-05-31,84
2010-06-01,81,2010-06-01,81
2010-06-02,88,2010-06-02,88
2010-06-03,82,2010-06-03,82
2010-06-04,87,2010-06-04,87
2010-06-05,81,2010-06-05,81
2010-06-06,77,2010-06-06,77
2010-06-07,73,2010-06-07,73
2010-06-08,74,2010-06-08,74
2010-06-09,81,2010-06-09,81
2010-06-10,83,2010-06-10,83
2010-06-11,83,2010-06-11,83
2010-06-12,82,2010-06-12,82
2010-06-13,83,2010-06-13,83
2010-06-14,86,2010-06-14,86
2010-06-15,87,2010-06-15,87
2010-06-16,85,2010-06-16,85
2010-06-17,80,2010-06-17,80
2010-06-18,86,2010-06-18,86
2010-06-19,87,2010-06-19,87
2010-06-20,86,2010-06-20,86
2010-06-21,87,2010-06-21,87
2010-06-22,89,2010-06-22,89
2010-06-23,93,2010-06-23,93
2010-06-24,85,2010-06-24,85
2010-06-25,87,2010-06-25,87
2010-06-26,90,2010-06-26,90
2010-06-27,91,2010-06-27,91
2010-06-28,85,2010-06-28,85
2010-06-29,76,2010-06-29,76
2010-06-30,76,2010-06-30,76
2010-07-01,77,2010-07-01,77
2010-07-02,79,2010-07-02,79
2010-07-03,85,2010-07-03,85
2010-07-04,91,2010-07-04,91
2010-07-05,91,2010-07-05,91
2010-07-06,93,2010-07-06,93
2010-07-07,93,2010-07-07,93
2010-07-08,92,2010-07-08,92
2010-07-09,81,2010-07-09,81
2010-07-10,86,2010-07-10,86
2010-07-11,87,2010-07-11,87
2010-07-12,83,2010-07-12,83
2010-07-13,79,2010-07-13,79
2010-07-14,87,2010-07-14,87
2010-07-15,89,2010-07-15,89
2010-07-16,88,2010-07-16,88
2010-07-17,90,2010-07-17,90
2010-07-18,88,2010-07-18,88
2010-07-19,87,2010-07-19,87
2010-07-20,85,2010-07-20,85
2010-07-21,87,2010-07-21,87
2010-07-22,89,2010-07-22,89
2010-07-23,94,2010-07-23,94
2010-07-24,93,2010-07-24,93
2010-07-25,85,2010-07-25,85
2010-07-26,83,2010-07-26,83
2010-07-27,87,2010-07-27,87
2010-07-28,91,2010-07-28,91
2010-07-29,84,2010-07-29,84
2010-07-30,83,2010-07-30,83
2010-07-31,81,2010-07-31,81
2010-08-01,87,2010-08-01,87
2010-08-02,88,2010-08-02,88
2010-08-03,88,2010-08-03,88
2010-08-04,89,2010-08-04,89
2010-08-05,88,2010-08-05,88
2010-08-06,82,2010-08-06,82
2010-08-07,83,2010-08-07,83
2010-08-08,86,2010-08-08,86
2010-08-09,90,2010-08-09,90
2010-08-10,92,2010-08-10,92
2010-08-11,87,2010-08-11,87
2010-08-12,92,2010-08-12,92
2010-08-13,91,2010-08-13,91
2010-08-14,89,2010-08-14,89
2010-08-15,88,2010-08-15,88
2010-08-16,83,2010-08-16,83
2010-08-17,84,2010-08-17,84
2010-08-18,85,2010-08-18,85
2010-08-19,89,2010-08-19,89
2010-08-20,89,2010-08-20,89
2010-08-21,82,2010-08-21,82
2010-08-22,84,2010-08-22,84
2010-08-23,82,2010-08-23,82
2010-08-24,79,2010-08-24,79
2010-08-25,83,2010-08-25,83
2010-08-26,79,2010-08-26,79
2010-08-27,80,2010-08-27,80
2010-08-28,85,2010-08-28,85
2010-08-29,92,2010-08-29,92
2010-08-30,93,2010-08-30,93
2010-08-31,92,2010-08-31,92
2010-09-01,92,2010-09-01,92
2010-09-02,94,2010-09-02,94
2010-09-03,82,2010-09-03,82
2010-09-04,73,2010-09-04,73
2010-09-05,75,2010-09-05,75
2010-09-06,84,2010-09-06,84
2010-09-07,93,2010-09-07,93
2010-09-08,78,2010-09-08,78
2010-09-09,73,2010-09-09,73
2010-09-10,76,2010-09-10,76
2010-09-11,79,2010-09-11,79
2010-09-12,78,2010-09-12,78
2010-09-13,87,2010-09-13,87
2010-09-14,79,2010-09-14,79
2010-09-15,84,2010-09-15,84
2010-09-16,80,2010-09-16,80
2010-09-17,72,2010-09-17,72
2010-09-18,82,2010-09-18,82
2010-09-19,84,2010-09-19,84
2010-09-20,80,2010-09-20,80
2010-09-21,91,2010-09-21,91
2010-09-22,91,2010-09-22,91
2010-09-23,93,2010-09-23,93
2010-09-24,92,2010-09-24,92
2010-09-25,75,2010-09-25,75
2010-09-26,64,2010-09-26,64
2010-09-27,61,2010-09-27,61
2010-09-28,59,2010-09-28,59
2010-09-29,73,2010-09-29,73
2010-09-30,77,2010-09-30,77
2010-10-01,68,2010-10-01,68
2010-10-02,67,2010-10-02,67
2010-10-03,53,2010-10-03,53
2010-10-04,60,2010-10-04,60
2010-10-05,56,2010-10-05,56
2010-10-06,69,2010-10-06,69
2010-10-07,73,2010-10-07,73
2010-10-08,77,2010-10-08,77
2010-10-09,84,2010-10-09,84
2010-10-10,87,2010-10-10,87
2010-10-11,85,2010-10-11,85
2010-10-12,76,2010-10-12,76
2010-10-13,74,2010-10-13,74
2010-10-14,63,2010-10-14,63
2010-10-15,62,2010-10-15,62
2010-10-16,66,2010-10-16,66
2010-10-17,72,2010-10-17,72
2010-10-18,65,2010-10-18,65
2010-10-19,60,2010-10-19,60
2010-10-20,66,2010-10-20,66
2010-10-21,61,2010-10-21,61
2010-10-22,61,2010-10-22,61
2010-10-23,70,2010-10-23,70
2010-10-24,78,2010-10-24,78
2010-10-25,71,2010-10-25,71
2010-10-26,77,2010-10-26,77
2010-10-27,70,2010-10-27,70
2010-10-28,60,2010-10-28,60
2010-10-29,50,2010-10-29,50
2010-10-30,62,2010-10-30,62
2010-10-31,52,2010-10-31,52
2010-11-01,51,2010-11-01,51
2010-11-02,52,2010-11-02,52
2010-11-03,57,2010-11-03,57
2010-11-04,54,2010-11-04,54
2010-11-05,42,2010-11-05,42
2010-11-06,42,2010-11-06,42
2010-11-07,51,2010-11-07,51
2010-11-08,64,2010-11-08,64
2010-11-09,66,2010-11-09,66
2010-11-10,67,2010-11-10,67
2010-11-11,68,2010-11-11,68
2010-11-12,70,2010-11-12,70
2010-11-13,70,2010-11-13,70
2010-11-14,59,2010-11-14,59
2010-11-15,49,2010-11-15,49
2010-11-16,53,2010-11-16,53
2010-11-17,53,2010-11-17,53
2010-11-18,44,2010-11-18,44
2010-11-19,46,2010-11-19,46
2010-11-20,46,2010-11-20,46
2010-11-21,67,2010-11-21,67
2010-11-22,71,2010-11-22,71
2010-11-23,64,2010-11-23,64
2010-11-24,37,2010-11-24,37
2010-11-25,57,2010-11-25,57
2010-11-26,43,2010-11-26,43
2010-11-27,36,2010-11-27,36
2010-11-28,44,2010-11-28,44
2010-11-29,56,2010-11-29,56
2010-11-30,56,2010-11-30,56
2010-12-01,35,2010-12-01,35
2010-12-02,35,2010-12-02,35
2010-12-03,33,2010-12-03,33
2010-12-04,32,2010-12-04,32
2010-12-05,32,2010-12-05,32
2010-12-06,25,2010-12-06,25
2010-12-07,25,2010-12-07,25
2010-12-08,28,2010-12-08,28
2010-12-09,31,2010-12-09,31
2010-12-10,43,2010-12-10,43
2010-12-11,49,2010-12-11,49
2010-12-12,40,2010-12-12,40
2010-12-13,21,2010-12-13,21
2010-12-14,20,2010-12-14,20
2010-12-15,22,2010-12-15,22
2010-12-16,27,2010-12-16,27
2010-12-17,26,2010-12-17,26
2010-12-18,25,2010-12-18,25
2010-12-19,28,2010-12-19,28
2010-12-20,27,2010-12-20,27
2010-12-21,31,2010-12-21,31
2010-12-22,32,2010-12-22,32
2010-12-23,32,2010-12-23,32
2010-12-24,30,2010-12-24,30
2010-12-25,29,2010-12-25,29
2010-12-26,27,2010-12-26,27
2010-12-27,25,2010-12-27,25
2010-12-28,28,2010-12-28,28
2010-12-29,37,2010-12-29,37
2010-12-30,48,2010-12-30,48
2010-12-31,62,2010-12-31,62
2011-01-01,58,2011-01-01,58
2011-01-02,30,2011-01-02,30
2011-01-03,38,2011-01-03,38
2011-01-04,40,2011-01-04,40
2011-01-05,30,2011-01-05,30
2011-01-06,32,2011-01-06,32
2011-01-07,27,2011-01-07,27
2011-01-08,20,2011-01-08,20
2011-01-09,29,2011-01-09,29
2011-01-10,29,2011-01-10,29
2011-01-11,27,2011-01-11,27
2011-01-12,26,2011-01-12,26
2011-01-13,26,2011-01-13,26
2011-01-14,28,2011-01-14,28
2011-01-15,36,2011-01-15,36
2011-01-16,25,2011-01-16,25
2011-01-17,34,2011-01-17,34
2011-01-18,39,2011-01-18,39
2011-01-19,34,2011-01-19,34
2011-01-20,29,2011-01-20,29
2011-01-21,20,2011-01-21,20
2011-01-22,20,2011-01-22,20
2011-01-23,20,2011-01-23,20
2011-01-24,34,2011-01-24,34
2011-01-25,36,2011-01-25,36
2011-01-26,29,2011-01-26,29
2011-01-27,30,2011-01-27,30
2011-01-28,30,2011-01-28,30
2011-01-29,34,2011-01-29,34
2011-01-30,34,2011-01-30,34
2011-01-31,32,2011-01-31,32
2011-02-01,33,2011-02-01,33
2011-02-02,41,2011-02-02,41
2011-02-03,26,2011-02-03,26
2011-02-04,32,2011-02-04,32
2011-02-05,35,2011-02-05,35
2011-02-06,35,2011-02-06,35
2011-02-07,36,2011-02-07,36
2011-02-08,26,2011-02-08,26
2011-02-09,20,2011-02-09,20
2011-02-10,19,2011-02-10,19
2011-02-11,32,2011-02-11,32
2011-02-12,38,2011-02-12,38
2011-02-13,52,2011-02-13,52
2011-02-14,48,2011-02-14,48
2011-02-15,42,2011-02-15,42
2011-02-16,58,2011-02-16,58
2011-02-17,65,2011-02-17,65
2011-02-18,63,2011-02-18,63
2011-02-19,46,2011-02-19,46
2011-02-20,38,2011-02-20,38
2011-02-21,41,2011-02-21,41
2011-02-22,28,2011-02-22,28
2011-02-23,33,2011-02-23,33
2011-02-24,42,2011-02-24,42
2011-02-25,35,2011-02-25,35
2011-02-26,36,2011-02-26,36
2011-02-27,60,2011-02-27,60
2011-02-28,63,2011-02-28,63
2011-03-01,45,2011-03-01,45
2011-03-02,45,2011-03-02,45
2011-03-03,45,2011-03-03,45
2011-03-04,48,2011-03-04,48
2011-03-05,52,2011-03-05,52
2011-03-06,33,2011-03-06,33
2011-03-07,39,2011-03-07,39
2011-03-08,56,2011-03-08,56
2011-03-09,50,2011-03-09,50
2011-03-10,48,2011-03-10,48
2011-03-11,43,2011-03-11,43
2011-03-12,62,2011-03-12,62
2011-03-13,44,2011-03-13,44
2011-03-14,49,2011-03-14,49
2011-03-15,50,2011-03-15,50
2011-03-16,55,2011-03-16,55
2011-03-17,69,2011-03-17,69
2011-03-18,71,2011-03-18,71
2011-03-19,54,2011-03-19,54
2011-03-20,62,2011-03-20,62
2011-03-21,72,2011-03-21,72
2011-03-22,58,2011-03-22,58
2011-03-23,71,2011-03-23,71
2011-03-24,40,2011-03-24,40
2011-03-25,38,2011-03-25,38
2011-03-26,38,2011-03-26,38
2011-03-27,42,2011-03-27,42
2011-03-28,42,2011-03-28,42
2011-03-29,47,2011-03-29,47
2011-03-30,40,2011-03-30,40
2011-03-31,38,2011-03-31,38
2011-04-01,52,2011-04-01,52
2011-04-02,50,2011-04-02,50
2011-04-03,63,2011-04-03,63
2011-04-04,69,2011-04-04,69
2011-04-05,45,2011-04-05,45
2011-04-06,68,2011-04-06,68
2011-04-07,64,2011-04-07,64
2011-04-08,61,2011-04-08,61
2011-04-09,64,2011-04-09,64
2011-04-10,84,2011-04-10,84
2011-04-11,76,2011-04-11,76
2011-04-12,55,2011-04-12,55
2011-04-13,64,2011-04-13,64
2011-04-14,71,2011-04-14,71
2011-04-15,76,2011-04-15,76
2011-04-16,60,2011-04-16,60
2011-04-17,64,2011-04-17,64
2011-04-18,73,2011-04-18,73
2011-04-19,69,2011-04-19,69
2011-04-20,71,2011-04-20,71
2011-04-21,57,2011-04-21,57
2011-04-22,60,2011-04-22,60
2011-04-23,70,2011-04-23,70
2011-04-24,66,2011-04-24,66
2011-04-25,74,2011-04-25,74
2011-04-26,76,2011-04-26,76
2011-04-27,74,2011-04-27,74
2011-04-28,66,2011-04-28,66
2011-04-29,59,2011-04-29,59
2011-04-30,67,2011-04-30,67
2011-05-01,70,2011-05-01,70
2011-05-02,64,2011-05-02,64
2011-05-03,49,2011-05-03,49
2011-05-04,53,2011-05-04,53
2011-05-05,63,2011-05-05,63
2011-05-06,63,2011-05-06,63
2011-05-07,66,2011-05-07,66
2011-05-08,71,2011-05-08,71
2011-05-09,74,2011-05-09,74
2011-05-10,81,2011-05-10,81
2011-05-11,85,2011-05-11,85
2011-05-12,88,2011-05-12,88
2011-05-13,83,2011-05-13,83
2011-05-14,76,2011-05-14,76
2011-05-15,63,2011-05-15,63
2011-05-16,49,2011-05-16,49
2011-05-17,51,2011-05-17,51
2011-05-18,61,2011-05-18,61
2011-05-19,63,2011-05-19,63
2011-05-20,76,2011-05-20,76
2011-05-21,81,2011-05-21,81
2011-05-22,85,2011-05-22,85
2011-05-23,82,2011-05-23,82
2011-05-24,77,2011-05-24,77
2011-05-25,84,2011-05-25,84
2011-05-26,77,2011-05-26,77
2011-05-27,68,2011-05-27,68
2011-05-28,79,2011-05-28,79
2011-05-29,90,2011-05-29,90
2011-05-30,92,2011-05-30,92
2011-05-31,93,2011-05-31,93
2011-06-01,87,2011-06-01,87
2011-06-02,80,2011-06-02,80
2011-06-03,81,2011-06-03,81
2011-06-04,93,2011-06-04,93
2011-06-05,86,2011-06-05,86
2011-06-06,88,2011-06-06,88
2011-06-07,90,2011-06-07,90
2011-06-08,94,2011-06-08,94
2011-06-09,90,2011-06-09,90
2011-06-10,85,2011-06-10,85
2011-06-11,84,2011-06-11,84
2011-06-12,75,2011-06-12,75
2011-06-13,75,2011-06-13,75
2011-06-14,75,2011-06-14,75
2011-06-15,73,2011-06-15,73
2011-06-16,81,2011-06-16,81
2011-06-17,84,2011-06-17,84
2011-06-18,79,2011-06-18,79
2011-06-19,77,2011-06-19,77
2011-06-20,74,2011-06-20,74
2011-06-21,90,2011-06-21,90
2011-06-22,82,2011-06-22,82
2011-06-23,80,2011-06-23,80
2011-06-24,73,2011-06-24,73
2011-06-25,78,2011-06-25,78
2011-06-26,75,2011-06-26,75
2011-06-27,83,2011-06-27,83
2011-06-28,85,2011-06-28,85
2011-06-29,83,2011-06-29,83
2011-06-30,88,2011-06-30,88
2011-07-01,90,2011-07-01,90
2011-07-02,86,2011-07-02,86
2011-07-03,91,2011-07-03,91
2011-07-04,87,2011-07-04,87
2011-07-05,90,2011-07-05,90
2011-07-06,92,2011-07-06,92
2011-07-07,90,2011-07-07,90
2011-07-08,85,2011-07-08,85
2011-07-09,89,2011-07-09,89
2011-07-10,92,2011-07-10,92
2011-07-11,93,2011-07-11,93
2011-07-12,92,2011-07-12,92
2011-07-13,83,2011-07-13,83
2011-07-14,83,2011-07-14,83
2011-07-15,86,2011-07-15,86
2011-07-16,87,2011-07-16,87
2011-07-17,88,2011-07-17,88
2011-07-18,95,2011-07-18,95
2011-07-19,93,2011-07-19,93
2011-07-20,95,2011-07-20,95
2011-07-21,97,2011-07-21,97
2011-07-22,97,2011-07-22,97
2011-07-23,94,2011-07-23,94
2011-07-24,94,2011-07-24,94
2011-07-25,89,2011-07-25,89
2011-07-26,89,2011-07-26,89
2011-07-27,88,2011-07-27,88
2011-07-28,94,2011-07-28,94
2011-07-29,94,2011-07-29,94
2011-07-30,89,2011-07-30,89
2011-07-31,93,2011-07-31,93
2011-08-01,91,2011-08-01,91
2011-08-02,89,2011-08-02,89
2011-08-03,86,2011-08-03,86
2011-08-04,87,2011-08-04,87
2011-08-05,90,2011-08-05,90
2011-08-06,89,2011-08-06,89
2011-08-07,88,2011-08-07,88
2011-08-08,87,2011-08-08,87
2011-08-09,84,2011-08-09,84
2011-08-10,81,2011-08-10,81
2011-08-11,79,2011-08-11,79
2011-08-12,81,2011-08-12,81
2011-08-13,87,2011-08-13,87
2011-08-14,75,2011-08-14,75
2011-08-15,81,2011-08-15,81
2011-08-16,85,2011-08-16,85
2011-08-17,85,2011-08-17,85
2011-08-18,87,2011-08-18,87
2011-08-19,87,2011-08-19,87
2011-08-20,88,2011-08-20,88
2011-08-21,84,2011-08-21,84
2011-08-22,79,2011-08-22,79
2011-08-23,83,2011-08-23,83
2011-08-24,90,2011-08-24,90
2011-08-25,83,2011-08-25,83
2011-08-26,82,2011-08-26,82
2011-08-27,83,2011-08-27,83
2011-08-28,79,2011-08-28,79
2011-08-29,78,2011-08-29,78
2011-08-30,81,2011-08-30,81
2011-08-31,84,2011-08-31,84
2011-09-01,93,2011-09-01,93
2011-09-02,97,2011-09-02,97
2011-09-03,97,2011-09-03,97
2011-09-04,76,2011-09-04,76
2011-09-05,69,2011-09-05,69
2011-09-06,71,2011-09-06,71
2011-09-07,65,2011-09-07,65
2011-09-08,69,2011-09-08,69
2011-09-09,73,2011-09-09,73
2011-09-10,77,2011-09-10,77
2011-09-11,79,2011-09-11,79
2011-09-12,80,2011-09-12,80
2011-09-13,84,2011-09-13,84
2011-09-14,73,2011-09-14,73
2011-09-15,63,2011-09-15,63
2011-09-16,63,2011-09-16,63
2011-09-17,69,2011-09-17,69
2011-09-18,75,2011-09-18,75
2011-09-19,66,2011-09-19,66
2011-09-20,75,2011-09-20,75
2011-09-21,74,2011-09-21,74
2011-09-22,77,2011-09-22,77
2011-09-23,64,2011-09-23,64
2011-09-24,69,2011-09-24,69
2011-09-25,76,2011-09-25,76
2011-09-26,70,2011-09-26,70
2011-09-27,69,2011-09-27,69
2011-09-28,65,2011-09-28,65
2011-09-29,72,2011-09-29,72
2011-09-30,56,2011-09-30,56
2011-10-01,55,2011-10-01,55
2011-10-02,60,2011-10-02,60
2011-10-03,57,2011-10-03,57
2011-10-04,65,2011-10-04,65
2011-10-05,77,2011-10-05,77
2011-10-06,79,2011-10-06,79
2011-10-07,80,2011-10-07,80
2011-10-08,81,2011-10-08,81
2011-10-09,76,2011-10-09,76
2011-10-10,80,2011-10-10,80
2011-10-11,78,2011-10-11,78
2011-10-12,65,2011-10-12,65
2011-10-13,69,2011-10-13,69
2011-10-14,64,2011-10-14,64
2011-10-15,64,2011-10-15,64
2011-10-16,76,2011-10-16,76
2011-10-17,64,2011-10-17,64
2011-10-18,61,2011-10-18,61
2011-10-19,57,2011-10-19,57
2011-10-20,48,2011-10-20,48
2011-10-21,56,2011-10-21,56
2011-10-22,58,2011-10-22,58
2011-10-23,63,2011-10-23,63
2011-10-24,61,2011-10-24,61
2011-10-25,66,2011-10-25,66
2011-10-26,70,2011-10-26,70
2011-10-27,52,2011-10-27,52
2011-10-28,48,2011-10-28,48
2011-10-29,52,2011-10-29,52
2011-10-30,54,2011-10-30,54
2011-10-31,52,2011-10-31,52
2011-11-01,60,2011-11-01,60
2011-11-02,67,2011-11-02,67
2011-11-03,62,2011-11-03,62
2011-11-04,58,2011-11-04,58
2011-11-05,57,2011-11-05,57
2011-11-06,62,2011-11-06,62
2011-11-07,68,2011-11-07,68
2011-11-08,70,2011-11-08,70
2011-11-09,63,2011-11-09,63
2011-11-10,49,2011-11-10,49
2011-11-11,44,2011-11-11,44
2011-11-12,62,2011-11-12,62
2011-11-13,66,2011-11-13,66
2011-11-14,71,2011-11-14,71
2011-11-15,58,2011-11-15,58
2011-11-16,55,2011-11-16,55
2011-11-17,44,2011-11-17,44
2011-11-18,46,2011-11-18,46
2011-11-19,61,2011-11-19,61
2011-11-20,61,2011-11-20,61
2011-11-21,48,2011-11-21,48
2011-11-22,62,2011-11-22,62
2011-11-23,52,2011-11-23,52
2011-11-24,46,2011-11-24,46
2011-11-25,60,2011-11-25,60
2011-11-26,63,2011-11-26,63
2011-11-27,58,2011-11-27,58
2011-11-28,57,2011-11-28,57
2011-11-29,58,2011-11-29,58
2011-11-30,42,2011-11-30,42
2011-12-01,44,2011-12-01,44
2011-12-02,46,2011-12-02,46
2011-12-03,55,2011-12-03,55
2011-12-04,55,2011-12-04,55
2011-12-05,53,2011-12-05,53
2011-12-06,42,2011-12-06,42
2011-12-07,38,2011-12-07,38
2011-12-08,38,2011-12-08,38
2011-12-09,41,2011-12-09,41
2011-12-10,32,2011-12-10,32
2011-12-11,37,2011-12-11,37
2011-12-12,45,2011-12-12,45
2011-12-13,44,2011-12-13,44
2011-12-14,54,2011-12-14,54
2011-12-15,60,2011-12-15,60
2011-12-16,41,2011-12-16,41
2011-12-17,33,2011-12-17,33
2011-12-18,43,2011-12-18,43
2011-12-19,48,2011-12-19,48
2011-12-20,46,2011-12-20,46
2011-12-21,62,2011-12-21,62
2011-12-22,48,2011-12-22,48
2011-12-23,40,2011-12-23,40
2011-12-24,40,2011-12-24,40
2011-12-25,49,2011-12-25,49
2011-12-26,46,2011-12-26,46
2011-12-27,41,2011-12-27,41
2011-12-28,38,2011-12-28,38
2011-12-29,46,2011-12-29,46
2011-12-30,53,2011-12-30,53
2011-12-31,46,2011-12-31,46
2012-01-01,55,2012-01-01,55
2012-01-02,32,2012-01-02,32
2012-01-03,24,2012-01-03,24
2012-01-04,35,2012-01-04,35
2012-01-05,45,2012-01-05,45
2012-01-06,57,2012-01-06,57
2012-01-07,50,2012-01-07,50
2012-01-08,43,2012-01-08,43
2012-01-09,45,2012-01-09,45
2012-01-10,50,2012-01-10,50
2012-01-11,46,2012-01-11,46
2012-01-12,46,2012-01-12,46
2012-01-13,21,2012-01-13,21
2012-01-14,22,2012-01-14,22
2012-01-15,26,2012-01-15,26
2012-01-16,48,2012-01-16,48
2012-01-17,57,2012-01-17,57
2012-01-18,32,2012-01-18,32
2012-01-19,32,2012-01-19,32
2012-01-20,25,2012-01-20,25
2012-01-21,28,2012-01-21,28
2012-01-22,44,2012-01-22,44
2012-01-23,60,2012-01-23,60
2012-01-24,39,2012-01-24,39
2012-01-25,34,2012-01-25,34
2012-01-26,49,2012-01-26,49
2012-01-27,48,2012-01-27,48
2012-01-28,40,2012-01-28,40
2012-01-29,43,2012-01-29,43
2012-01-30,50,2012-01-30,50
2012-01-31,61,2012-01-31,61
2012-02-01,61,2012-02-01,61
2012-02-02,46,2012-02-02,46
2012-02-03,50,2012-02-03,50
2012-02-04,40,2012-02-04,40
2012-02-05,47,2012-02-05,47
2012-02-06,48,2012-02-06,48
2012-02-07,36,2012-02-07,36
2012-02-08,34,2012-02-08,34
2012-02-09,35,2012-02-09,35
2012-02-10,33,2012-02-10,33
2012-02-11,32,2012-02-11,32
2012-02-12,28,2012-02-12,28
2012-02-13,36,2012-02-13,36
2012-02-14,36,2012-02-14,36
2012-02-15,46,2012-02-15,46
2012-02-16,49,2012-02-16,49
2012-02-17,46,2012-02-17,46
2012-02-18,47,2012-02-18,47
2012-02-19,38,2012-02-19,38
2012-02-20,42,2012-02-20,42
2012-02-21,49,2012-02-21,49
2012-02-22,58,2012-02-22,58
2012-02-23,51,2012-02-23,51
2012-02-24,49,2012-02-24,49
2012-02-25,35,2012-02-25,35
2012-02-26,48,2012-02-26,48
2012-02-27,58,2012-02-27,58
2012-02-28,52,2012-02-28,52
2012-02-29,70,2012-02-29,70
2012-03-01,53,2012-03-01,53
2012-03-02,59,2012-03-02,59
2012-03-03,42,2012-03-03,42
2012-03-04,36,2012-03-04,36
2012-03-05,34,2012-03-05,34
2012-03-06,59,2012-03-06,59
2012-03-07,68,2012-03-07,68
2012-03-08,62,2012-03-08,62
2012-03-09,44,2012-03-09,44
2012-03-10,50,2012-03-10,50
2012-03-11,67,2012-03-11,67
2012-03-12,61,2012-03-12,61
2012-03-13,73,2012-03-13,73
2012-03-14,78,2012-03-14,78
2012-03-15,66,2012-03-15,66
2012-03-16,72,2012-03-16,72
2012-03-17,75,2012-03-17,75
2012-03-18,75,2012-03-18,75
2012-03-19,78,2012-03-19,78
2012-03-20,84,2012-03-20,84
2012-03-21,85,2012-03-21,85
2012-03-22,85,2012-03-22,85
2012-03-23,77,2012-03-23,77
2012-03-24,65,2012-03-24,65
2012-03-25,61,2012-03-25,61
2012-03-26,52,2012-03-26,52
2012-03-27,61,2012-03-27,61
2012-03-28,77,2012-03-28,77
2012-03-29,59,2012-03-29,59
2012-03-30,75,2012-03-30,75
2012-03-31,48,2012-03-31,48
2012-04-01,72,2012-04-01,72
2012-04-02,64,2012-04-02,64
2012-04-03,65,2012-04-03,65
2012-04-04,67,2012-04-04,67
2012-04-05,58,2012-04-05,58
2012-04-06,60,2012-04-06,60
2012-04-07,64,2012-04-07,64
2012-04-08,64,2012-04-08,64
2012-04-09,63,2012-04-09,63
2012-04-10,48,2012-04-10,48
2012-04-11,50,2012-04-11,50
2012-04-12,60,2012-04-12,60
2012-04-13,66,2012-04-13,66
2012-04-14,57,2012-04-14,57
2012-04-15,78,2012-04-15,78
2012-04-16,77,2012-04-16,77
2012-04-17,63,2012-04-17,63
2012-04-18,68,2012-04-18,68
2012-04-19,74,2012-04-19,74
2012-04-20,78,2012-04-20,78
2012-04-21,57,2012-04-21,57
2012-04-22,51,2012-04-22,51
2012-04-23,58,2012-04-23,58
2012-04-24,64,2012-04-24,64
2012-04-25,63,2012-04-25,63
2012-04-26,63,2012-04-26,63
2012-04-27,56,2012-04-27,56
2012-04-28,51,2012-04-28,51
2012-04-29,70,2012-04-29,70
2012-04-30,84,2012-04-30,84
2012-05-01,75,2012-05-01,75
2012-05-02,86,2012-05-02,86
2012-05-03,88,2012-05-03,88
2012-05-04,82,2012-05-04,82
2012-05-05,81,2012-05-05,81
2012-05-06,82,2012-05-06,82
2012-05-07,83,2012-05-07,83
2012-05-08,71,2012-05-08,71
2012-05-09,70,2012-05-09,70
2012-05-10,65,2012-05-10,65
2012-05-11,73,2012-05-11,73
2012-05-12,74,2012-05-12,74
2012-05-13,63,2012-05-13,63
2012-05-14,74,2012-05-14,74
2012-05-15,80,2012-05-15,80
2012-05-16,80,2012-05-16,80
2012-05-17,72,2012-05-17,72
2012-05-18,81,2012-05-18,81
2012-05-19,86,2012-05-19,86
2012-05-20,87,2012-05-20,87
2012-05-21,87,2012-05-21,87
2012-05-22,72,2012-05-22,72
2012-05-23,81,2012-05-23,81
2012-05-24,85,2012-05-24,85
2012-05-25,89,2012-05-25,89
2012-05-26,91,2012-05-26,91
2012-05-27,93,2012-05-27,93
2012-05-28,93,2012-05-28,93
2012-05-29,85,2012-05-29,85
2012-05-30,85,2012-05-30,85
2012-05-31,82,2012-05-31,82
2012-06-01,69,2012-06-01,69
2012-06-02,73,2012-06-02,73
2012-06-03,80,2012-06-03,80
2012-06-04,76,2012-06-04,76
2012-06-05,69,2012-06-05,69
2012-06-06,77,2012-06-06,77
2012-06-07,82,2012-06-07,82
2012-06-08,86,2012-06-08,86
2012-06-09,88,2012-06-09,88
2012-06-10,90,2012-06-10,90
2012-06-11,77,2012-06-11,77
2012-06-12,87,2012-06-12,87
2012-06-13,79,2012-06-13,79
2012-06-14,84,2012-06-14,84
2012-06-15,90,2012-06-15,90
2012-06-16,89,2012-06-16,89
2012-06-17,84,2012-06-17,84
2012-06-18,88,2012-06-18,88
2012-06-19,91,2012-06-19,91
2012-06-20,93,2012-06-20,93
2012-06-21,94,2012-06-21,94
2012-06-22,87,2012-06-22,87
2012-06-23,87,2012-06-23,87
2012-06-24,91,2012-06-24,91
2012-06-25,80,2012-06-25,80
2012-06-26,80,2012-06-26,80
2012-06-27,88,2012-06-27,88
2012-06-28,100,2012-06-28,100
2012-06-29,98,2012-06-29,98
2012-06-30,90,2012-06-30,90
2012-07-01,93,2012-07-01,93
2012-07-02,91,2012-07-02,91
2012-07-03,95,2012-07-03,95
2012-07-04,100,2012-07-04,100
2012-07-05,98,2012-07-05,98
2012-07-06,101,2012-07-06,101
2012-07-07,101,2012-07-07,101
2012-07-08,92,2012-07-08,92
2012-07-09,89,2012-07-09,89
2012-07-10,91,2012-07-10,91
2012-07-11,91,2012-07-11,91
2012-07-12,92,2012-07-12,92
2012-07-13,84,2012-07-13,84
2012-07-14,85,2012-07-14,85
2012-07-15,90,2012-07-15,90
2012-07-16,96,2012-07-16,96
2012-07-17,98,2012-07-17,98
2012-07-18,96,2012-07-18,96
2012-07-19,82,2012-07-19,82
2012-07-20,78,2012-07-20,78
2012-07-21,85,2012-07-21,85
2012-07-22,90,2012-07-22,90
2012-07-23,93,2012-07-23,93
2012-07-24,86,2012-07-24,86
2012-07-25,91,2012-07-25,91
2012-07-26,93,2012-07-26,93
2012-07-27,91,2012-07-27,91
2012-07-28,83,2012-07-28,83
2012-07-29,88,2012-07-29,88
2012-07-30,90,2012-07-30,90
2012-07-31,91,2012-07-31,91
2012-08-01,91,2012-08-01,91
2012-08-02,94,2012-08-02,94
2012-08-03,95,2012-08-03,95
2012-08-04,93,2012-08-04,93
2012-08-05,87,2012-08-05,87
2012-08-06,90,2012-08-06,90
2012-08-07,92,2012-08-07,92
2012-08-08,96,2012-08-08,96
2012-08-09,89,2012-08-09,89
2012-08-10,80,2012-08-10,80
2012-08-11,73,2012-08-11,73
2012-08-12,81,2012-08-12,81
2012-08-13,84,2012-08-13,84
2012-08-14,80,2012-08-14,80
2012-08-15,85,2012-08-15,85
2012-08-16,88,2012-08-16,88
2012-08-17,82,2012-08-17,82
2012-08-18,81,2012-08-18,81
2012-08-19,83,2012-08-19,83
2012-08-20,81,2012-08-20,81
2012-08-21,81,2012-08-21,81
2012-08-22,85,2012-08-22,85
2012-08-23,90,2012-08-23,90
2012-08-24,92,2012-08-24,92
2012-08-25,93,2012-08-25,93
2012-08-26,91,2012-08-26,91
2012-08-27,84,2012-08-27,84
2012-08-28,86,2012-08-28,86
2012-08-29,84,2012-08-29,84
2012-08-30,90,2012-08-30,90
2012-08-31,97,2012-08-31,97
2012-09-01,86,2012-09-01,86
2012-09-02,84,2012-09-02,84
2012-09-03,82,2012-09-03,82
2012-09-04,83,2012-09-04,83
2012-09-05,86,2012-09-05,86
2012-09-06,91,2012-09-06,91
2012-09-07,89,2012-09-07,89
2012-09-08,79,2012-09-08,79
2012-09-09,73,2012-09-09,73
2012-09-10,75,2012-09-10,75
2012-09-11,79,2012-09-11,79
2012-09-12,85,2012-09-12,85
2012-09-13,86,2012-09-13,86
2012-09-14,80,2012-09-14,80
2012-09-15,74,2012-09-15,74
2012-09-16,77,2012-09-16,77
2012-09-17,79,2012-09-17,79
2012-09-18,67,2012-09-18,67
2012-09-19,68,2012-09-19,68
2012-09-20,78,2012-09-20,78
2012-09-21,70,2012-09-21,70
2012-09-22,71,2012-09-22,71
2012-09-23,64,2012-09-23,64
2012-09-24,68,2012-09-24,68
2012-09-25,67,2012-09-25,67
2012-09-26,75,2012-09-26,75
2012-09-27,69,2012-09-27,69
2012-09-28,67,2012-09-28,67
2012-09-29,70,2012-09-29,70
2012-09-30,70,2012-09-30,70
2012-10-01,65,2012-10-01,65
2012-10-02,80,2012-10-02,80
2012-10-03,70,2012-10-03,70
2012-10-04,77,2012-10-04,77
2012-10-05,76,2012-10-05,76
2012-10-06,57,2012-10-06,57
2012-10-07,49,2012-10-07,49
2012-10-08,54,2012-10-08,54
2012-10-09,60,2012-10-09,60
2012-10-10,57,2012-10-10,57
2012-10-11,60,2012-10-11,60
2012-10-12,58,2012-10-12,58
2012-10-13,70,2012-10-13,70
2012-10-14,78,2012-10-14,78
2012-10-15,61,2012-10-15,61
2012-10-16,62,2012-10-16,62
2012-10-17,75,2012-10-17,75
2012-10-18,65,2012-10-18,65
2012-10-19,59,2012-10-19,59
2012-10-20,56,2012-10-20,56
2012-10-21,61,2012-10-21,61
2012-10-22,77,2012-10-22,77
2012-10-23,78,2012-10-23,78
2012-10-24,79,2012-10-24,79
2012-10-25,80,2012-10-25,80
2012-10-26,64,2012-10-26,64
2012-10-27,51,2012-10-27,51
2012-10-28,47,2012-10-28,47
2012-10-29,41,2012-10-29,41
2012-10-30,40,2012-10-30,40
2012-10-31,42,2012-10-31,42
2012-11-01,49,2012-11-01,49
2012-11-02,46,2012-11-02,46
2012-11-03,48,2012-11-03,48
2012-11-04,46,2012-11-04,46
2012-11-05,48,2012-11-05,48
2012-11-06,49,2012-11-06,49
2012-11-07,54,2012-11-07,54
2012-11-08,50,2012-11-08,50
2012-11-09,57,2012-11-09,57
2012-11-10,71,2012-11-10,71
2012-11-11,69,2012-11-11,69
2012-11-12,63,2012-11-12,63
2012-11-13,41,2012-11-13,41
2012-11-14,43,2012-11-14,43
2012-11-15,49,2012-11-15,49
2012-11-16,51,2012-11-16,51
2012-11-17,58,2012-11-17,58
2012-11-18,58,2012-11-18,58
2012-11-19,56,2012-11-19,56
2012-11-20,55,2012-11-20,55
2012-11-21,62,2012-11-21,62
2012-11-22,63,2012-11-22,63
2012-11-23,54,2012-11-23,54
2012-11-24,33,2012-11-24,33
2012-11-25,45,2012-11-25,45
2012-11-26,49,2012-11-26,49
2012-11-27,40,2012-11-27,40
2012-11-28,42,2012-11-28,42
2012-11-29,47,2012-11-29,47
2012-11-30,57,2012-11-30,57
2012-12-01,61,2012-12-01,61
2012-12-02,57,2012-12-02,57
2012-12-03,63,2012-12-03,63
2012-12-04,63,2012-12-04,63
2012-12-05,42,2012-12-05,42
2012-12-06,46,2012-12-06,46
2012-12-07,52,2012-12-07,52
2012-12-08,54,2012-12-08,54
2012-12-09,58,2012-12-09,58
2012-12-10,57,2012-12-10,57
2012-12-11,36,2012-12-11,36
2012-12-12,42,2012-12-12,42
2012-12-13,46,2012-12-13,46
2012-12-14,51,2012-12-14,51
2012-12-15,51,2012-12-15,51
2012-12-16,61,2012-12-16,61
2012-12-17,52,2012-12-17,52
2012-12-18,44,2012-12-18,44
2012-12-19,48,2012-12-19,48
2012-12-20,50,2012-12-20,50
2012-12-21,36,2012-12-21,36
2012-12-22,33,2012-12-22,33
2012-12-23,41,2012-12-23,41
2012-12-24,36,2012-12-24,36
2012-12-25,36,2012-12-25,36
2012-12-26,35,2012-12-26,35
2012-12-27,30,2012-12-27,30
2012-12-28,34,2012-12-28,34
2012-12-29,32,2012-12-29,32
2012-12-30,28,2012-12-30,28
2012-12-31,34,2012-12-31,34
2013-01-01,34,2013-01-01,34
2013-01-02,24,2013-01-02,24
2013-01-03,31,2013-01-03,31
2013-01-04,32,2013-01-04,32
2013-01-05,37,2013-01-05,37
2013-01-06,38,2013-01-06,38
2013-01-07,35,2013-01-07,35
2013-01-08,45,2013-01-08,45
2013-01-09,49,2013-01-09,49
2013-01-10,43,2013-01-10,43
2013-01-11,61,2013-01-11,61
2013-01-12,66,2013-01-12,66
2013-01-13,65,2013-01-13,65
2013-01-14,40,2013-01-14,40
2013-01-15,33,2013-01-15,33
2013-01-16,37,2013-01-16,37
2013-01-17,38,2013-01-17,38
2013-01-18,35,2013-01-18,35
2013-01-19,53,2013-01-19,53
2013-01-20,45,2013-01-20,45
2013-01-21,25,2013-01-21,25
2013-01-22,17,2013-01-22,17
2013-01-23,22,2013-01-23,22
2013-01-24,22,2013-01-24,22
2013-01-25,24,2013-01-25,24
2013-01-26,29,2013-01-26,29
2013-01-27,34,2013-01-27,34
2013-01-28,51,2013-01-28,51
2013-01-29,67,2013-01-29,67
2013-01-30,65,2013-01-30,65
2013-01-31,36,2013-01-31,36
2013-02-01,20,2013-02-01,20
2013-02-02,28,2013-02-02,28
2013-02-03,27,2013-02-03,27
2013-02-04,31,2013-02-04,31
2013-02-05,34,2013-02-05,34
2013-02-06,35,2013-02-06,35
2013-02-07,49,2013-02-07,49
2013-02-08,46,2013-02-08,46
2013-02-09,37,2013-02-09,37
2013-02-10,50,2013-02-10,50
2013-02-11,53,2013-02-11,53
2013-02-12,47,2013-02-12,47
2013-02-13,34,2013-02-13,34
2013-02-14,47,2013-02-14,47
2013-02-15,37,2013-02-15,37
2013-02-16,29,2013-02-16,29
2013-02-17,26,2013-02-17,26
2013-02-18,52,2013-02-18,52
2013-02-19,50,2013-02-19,50
2013-02-20,23,2013-02-20,23
2013-02-21,29,2013-02-21,29
2013-02-22,43,2013-02-22,43
2013-02-23,41,2013-02-23,41
2013-02-24,34,2013-02-24,34
2013-02-25,46,2013-02-25,46
2013-02-26,44,2013-02-26,44
2013-02-27,44,2013-02-27,44
2013-02-28,38,2013-02-28,38
2013-03-01,35,2013-03-01,35
2013-03-02,31,2013-03-02,31
2013-03-03,31,2013-03-03,31
2013-03-04,41,2013-03-04,41
2013-03-05,41,2013-03-05,41
2013-03-06,38,2013-03-06,38
2013-03-07,41,2013-03-07,41
2013-03-08,47,2013-03-08,47
2013-03-09,57,2013-03-09,57
2013-03-10,70,2013-03-10,70
2013-03-11,62,2013-03-11,62
2013-03-12,40,2013-03-12,40
2013-03-13,35,2013-03-13,35
2013-03-14,42,2013-03-14,42
2013-03-15,50,2013-03-15,50
2013-03-16,53,2013-03-16,53
2013-03-17,39,2013-03-17,39
2013-03-18,51,2013-03-18,51
2013-03-19,40,2013-03-19,40
2013-03-20,38,2013-03-20,38
2013-03-21,31,2013-03-21,31
2013-03-22,43,2013-03-22,43
2013-03-23,48,2013-03-23,48
2013-03-24,38,2013-03-24,38
2013-03-25,36,2013-03-25,36
2013-03-26,44,2013-03-26,44
2013-03-27,44,2013-03-27,44
2013-03-28,50,2013-03-28,50
2013-03-29,54,2013-03-29,54
2013-03-30,57,2013-03-30,57
2013-03-31,56,2013-03-31,56
2013-04-01,48,2013-04-01,48
2013-04-02,45,2013-04-02,45
2013-04-03,47,2013-04-03,47
2013-04-04,54,2013-04-04,54
2013-04-05,58,2013-04-05,58
2013-04-06,62,2013-04-06,62
2013-04-07,74,2013-04-07,74
2013-04-08,73,2013-04-08,73
2013-04-09,83,2013-04-09,83
2013-04-10,82,2013-04-10,82
2013-04-11,69,2013-04-11,69
2013-04-12,60,2013-04-12,60
2013-04-13,54,2013-04-13,54
2013-04-14,66,2013-04-14,66
2013-04-15,70,2013-04-15,70
2013-04-16,79,2013-04-16,79
2013-04-17,67,2013-04-17,67
2013-04-18,86,2013-04-18,86
2013-04-19,74,2013-04-19,74
2013-04-20,49,2013-04-20,49
2013-04-21,55,2013-04-21,55
2013-04-22,69,2013-04-22,69
2013-04-23,72,2013-04-23,72
2013-04-24,65,2013-04-24,65
2013-04-25,57,2013-04-25,57
2013-04-26,62,2013-04-26,62
2013-04-27,72,2013-04-27,72
2013-04-28,65,2013-04-28,65
2013-04-29,65,2013-04-29,65
2013-04-30,76,2013-04-30,76
2013-05-01,81,2013-05-01,81
2013-05-02,76,2013-05-02,76
2013-05-03,78,2013-05-03,78
2013-05-04,72,2013-05-04,72
2013-05-05,73,2013-05-05,73
2013-05-06,69,2013-05-06,69
2013-05-07,72,2013-05-07,72
2013-05-08,72,2013-05-08,72
2013-05-09,81,2013-05-09,81
2013-05-10,74,2013-05-10,74
2013-05-11,62,2013-05-11,62
2013-05-12,55,2013-05-12,55
2013-05-13,58,2013-05-13,58
2013-05-14,76,2013-05-14,76
2013-05-15,89,2013-05-15,89
2013-05-16,77,2013-05-16,77
2013-05-17,80,2013-05-17,80
2013-05-18,81,2013-05-18,81
2013-05-19,82,2013-05-19,82
2013-05-20,86,2013-05-20,86
2013-05-21,88,2013-05-21,88
2013-05-22,82,2013-05-22,82
2013-05-23,76,2013-05-23,76
2013-05-24,59,2013-05-24,59
2013-05-25,65,2013-05-25,65
2013-05-26,71,2013-05-26,71
2013-05-27,71,2013-05-27,71
2013-05-28,86,2013-05-28,86
2013-05-29,89,2013-05-29,89
2013-05-30,89,2013-05-30,89
2013-05-31,89,2013-05-31,89
2013-06-01,86,2013-06-01,86
2013-06-02,77,2013-06-02,77
2013-06-03,68,2013-06-03,68
2013-06-04,76,2013-06-04,76
2013-06-05,83,2013-06-05,83
2013-06-06,71,2013-06-06,71
2013-06-07,70,2013-06-07,70
2013-06-08,76,2013-06-08,76
2013-06-09,84,2013-06-09,84
2013-06-10,79,2013-06-10,79
2013-06-11,84,2013-06-11,84
2013-06-12,90,2013-06-12,90
2013-06-13,82,2013-06-13,82
2013-06-14,78,2013-06-14,78
2013-06-15,80,2013-06-15,80
2013-06-16,79,2013-06-16,79
2013-06-17,86,2013-06-17,86
2013-06-18,82,2013-06-18,82
2013-06-19,79,2013-06-19,79
2013-06-20,84,2013-06-20,84
2013-06-21,87,2013-06-21,87
2013-06-22,90,2013-06-22,90
2013-06-23,91,2013-06-23,91
2013-06-24,87,2013-06-24,87
2013-06-25,93,2013-06-25,93
2013-06-26,87,2013-06-26,87
2013-06-27,86,2013-06-27,86
2013-06-28,83,2013-06-28,83
2013-06-29,81,2013-06-29,81
2013-06-30,81,2013-06-30,81
2013-07-01,84,2013-07-01,84
2013-07-02,83,2013-07-02,83
2013-07-03,84,2013-07-03,84
2013-07-04,77,2013-07-04,77
2013-07-05,79,2013-07-05,79
2013-07-06,85,2013-07-06,85
2013-07-07,82,2013-07-07,82
2013-07-08,81,2013-07-08,81
2013-07-09,89,2013-07-09,89
2013-07-10,90,2013-07-10,90
2013-07-11,80,2013-07-11,80
2013-07-12,81,2013-07-12,81
2013-07-13,86,2013-07-13,86
2013-07-14,90,2013-07-14,90
2013-07-15,92,2013-07-15,92
2013-07-16,94,2013-07-16,94
2013-07-17,94,2013-07-17,94
2013-07-18,93,2013-07-18,93
2013-07-19,91,2013-07-19,91
2013-07-20,79,2013-07-20,79
2013-07-21,85,2013-07-21,85
2013-07-22,77,2013-07-22,77
2013-07-23,88,2013-07-23,88
2013-07-24,76,2013-07-24,76
2013-07-25,79,2013-07-25,79
2013-07-26,81,2013-07-26,81
2013-07-27,75,2013-07-27,75
2013-07-28,73,2013-07-28,73
2013-07-29,76,2013-07-29,76
2013-07-30,79,2013-07-30,79
2013-07-31,75,2013-07-31,75
2013-08-01,81,2013-08-01,81
2013-08-02,80,2013-08-02,80
2013-08-03,82,2013-08-03,82
2013-08-04,77,2013-08-04,77
2013-08-05,76,2013-08-05,76
2013-08-06,82,2013-08-06,82
2013-08-07,87,2013-08-07,87
2013-08-08,85,2013-08-08,85
2013-08-09,81,2013-08-09,81
2013-08-10,83,2013-08-10,83
2013-08-11,84,2013-08-11,84
2013-08-12,85,2013-08-12,85
2013-08-13,79,2013-08-13,79
2013-08-14,70,2013-08-14,70
2013-08-15,76,2013-08-15,76
2013-08-16,79,2013-08-16,79
2013-08-17,83,2013-08-17,83
2013-08-18,79,2013-08-18,79
2013-08-19,85,2013-08-19,85
2013-08-20,86,2013-08-20,86
2013-08-21,86,2013-08-21,86
2013-08-22,88,2013-08-22,88
2013-08-23,87,2013-08-23,87
2013-08-24,86,2013-08-24,86
2013-08-25,86,2013-08-25,86
2013-08-26,90,2013-08-26,90
2013-08-27,87,2013-08-27,87
2013-08-28,90,2013-08-28,90
2013-08-29,87,2013-08-29,87
2013-08-30,90,2013-08-30,90
2013-08-31,87,2013-08-31,87
2013-09-01,86,2013-09-01,86
2013-09-02,85,2013-09-02,85
2013-09-03,69,2013-09-03,69
2013-09-04,83,2013-09-04,83
2013-09-05,82,2013-09-05,82
2013-09-06,79,2013-09-06,79
2013-09-07,85,2013-09-07,85
2013-09-08,84,2013-09-08,84
2013-09-09,91,2013-09-09,91
2013-09-10,95,2013-09-10,95
2013-09-11,90,2013-09-11,90
2013-09-12,79,2013-09-12,79
2013-09-13,66,2013-09-13,66
2013-09-14,70,2013-09-14,70
2013-09-15,76,2013-09-15,76
2013-09-16,73,2013-09-16,73
2013-09-17,75,2013-09-17,75
2013-09-18,77,2013-09-18,77
2013-09-19,72,2013-09-19,72
2013-09-20,87,2013-09-20,87
2013-09-21,74,2013-09-21,74
2013-09-22,66,2013-09-22,66
2013-09-23,65,2013-09-23,65
2013-09-24,71,2013-09-24,71
2013-09-25,73,2013-09-25,73
2013-09-26,81,2013-09-26,81
2013-09-27,79,2013-09-27,79
2013-09-28,80,2013-09-28,80
2013-09-29,76,2013-09-29,76
2013-09-30,75,2013-09-30,75
2013-10-01,81,2013-10-01,81
2013-10-02,83,2013-10-02,83
2013-10-03,80,2013-10-03,80
2013-10-04,85,2013-10-04,85
2013-10-05,83,2013-10-05,83
2013-10-06,79,2013-10-06,79
2013-10-07,62,2013-10-07,62
2013-10-08,69,2013-10-08,69
2013-10-09,72,2013-10-09,72
2013-10-10,76,2013-10-10,76
2013-10-11,79,2013-10-11,79
2013-10-12,74,2013-10-12,74
2013-10-13,71,2013-10-13,71
2013-10-14,73,2013-10-14,73
2013-10-15,71,2013-10-15,71
2013-10-16,67,2013-10-16,67
2013-10-17,56,2013-10-17,56
2013-10-18,65,2013-10-18,65
2013-10-19,51,2013-10-19,51
2013-10-20,62,2013-10-20,62
2013-10-21,67,2013-10-21,67
2013-10-22,52,2013-10-22,52
2013-10-23,48,2013-10-23,48
2013-10-24,46,2013-10-24,46
2013-10-25,49,2013-10-25,49
2013-10-26,48,2013-10-26,48
2013-10-27,56,2013-10-27,56
2013-10-28,62,2013-10-28,62
2013-10-29,60,2013-10-29,60
2013-10-30,65,2013-10-30,65
2013-10-31,67,2013-10-31,67
2013-11-01,62,2013-11-01,62
2013-11-02,53,2013-11-02,53
2013-11-03,53,2013-11-03,53
2013-11-04,55,2013-11-04,55
2013-11-05,62,2013-11-05,62
2013-11-06,69,2013-11-06,69
2013-11-07,52,2013-11-07,52
2013-11-08,48,2013-11-08,48
2013-11-09,60,2013-11-09,60
2013-11-10,49,2013-11-10,49
2013-11-11,51,2013-11-11,51
2013-11-12,35,2013-11-12,35
2013-11-13,39,2013-11-13,39
2013-11-14,52,2013-11-14,52
2013-11-15,53,2013-11-15,53
2013-11-16,62,2013-11-16,62
2013-11-17,63,2013-11-17,63
2013-11-18,53,2013-11-18,53
2013-11-19,43,2013-11-19,43
2013-11-20,49,2013-11-20,49
2013-11-21,56,2013-11-21,56
2013-11-22,53,2013-11-22,53
2013-11-23,39,2013-11-23,39
2013-11-24,28,2013-11-24,28
2013-11-25,38,2013-11-25,38
2013-11-26,35,2013-11-26,35
2013-11-27,32,2013-11-27,32
2013-11-28,32,2013-11-28,32
2013-11-29,38,2013-11-29,38
2013-11-30,43,2013-11-30,43
2013-12-01,46,2013-12-01,46
2013-12-02,47,2013-12-02,47
2013-12-03,53,2013-12-03,53
2013-12-04,63,2013-12-04,63
2013-12-05,65,2013-12-05,65
2013-12-06,35,2013-12-06,35
2013-12-07,28,2013-12-07,28
2013-12-08,32,2013-12-08,32
2013-12-09,35,2013-12-09,35
2013-12-10,27,2013-12-10,27
2013-12-11,32,2013-12-11,32
2013-12-12,20,2013-12-12,20
2013-12-13,34,2013-12-13,34
2013-12-14,38,2013-12-14,38
2013-12-15,34,2013-12-15,34
2013-12-16,30,2013-12-16,30
2013-12-17,34,2013-12-17,34
2013-12-18,33,2013-12-18,33
2013-12-19,50,2013-12-19,50
2013-12-20,58,2013-12-20,58
2013-12-21,69,2013-12-21,69
2013-12-22,68,2013-12-22,68
2013-12-23,43,2013-12-23,43
2013-12-24,29,2013-12-24,29
2013-12-25,33,2013-12-25,33
2013-12-26,39,2013-12-26,39
2013-12-27,45,2013-12-27,45
2013-12-28,52,2013-12-28,52
2013-12-29,44,2013-12-29,44
2013-12-30,34,2013-12-30,34
2013-12-31,29,2013-12-31,29
2014-01-01,40,2014-01-01,40
2014-01-02,30,2014-01-02,30
2014-01-03,15,2014-01-03,15
2014-01-04,35,2014-01-04,35
2014-01-05,47,2014-01-05,47
2014-01-06,33,2014-01-06,33
2014-01-07,11,2014-01-07,11
2014-01-08,26,2014-01-08,26
2014-01-09,35,2014-01-09,35
2014-01-10,48,2014-01-10,48
2014-01-11,53,2014-01-11,53
2014-01-12,41,2014-01-12,41
2014-01-13,50,2014-01-13,50
2014-01-14,47,2014-01-14,47
2014-01-15,35,2014-01-15,35
2014-01-16,31,2014-01-16,31
2014-01-17,35,2014-01-17,35
2014-01-18,23,2014-01-18,23
2014-01-19,33,2014-01-19,33
2014-01-20,37,2014-01-20,37
2014-01-21,30,2014-01-21,30
2014-01-22,13,2014-01-22,13
2014-01-23,15,2014-01-23,15
2014-01-24,22,2014-01-24,22
2014-01-25,31,2014-01-25,31
2014-01-26,40,2014-01-26,40
2014-01-27,42,2014-01-27,42
2014-01-28,6,2014-01-28,6
2014-01-29,20,2014-01-29,20
2014-01-30,32,2014-01-30,32
2014-01-31,35,2014-01-31,35
2014-02-01,51,2014-02-01,51
2014-02-02,44,2014-02-02,44
2014-02-03,32,2014-02-03,32
2014-02-04,32,2014-02-04,32
2014-02-05,31,2014-02-05,31
2014-02-06,24,2014-02-06,24
2014-02-07,14,2014-02-07,14
2014-02-08,22,2014-02-08,22
2014-02-09,28,2014-02-09,28
2014-02-10,21,2014-02-10,21
2014-02-11,18,2014-02-11,18
2014-02-12,31,2014-02-12,31
2014-02-13,40,2014-02-13,40
2014-02-14,34,2014-02-14,34
2014-02-15,25,2014-02-15,25
2014-02-16,28,2014-02-16,28
2014-02-17,37,2014-02-17,37
2014-02-18,46,2014-02-18,46
2014-02-19,46,2014-02-19,46
2014-02-20,63,2014-02-20,63
2014-02-21,59,2014-02-21,59
2014-02-22,55,2014-02-22,55
2014-02-23,41,2014-02-23,41
2014-02-24,34,2014-02-24,34
2014-02-25,29,2014-02-25,29
2014-02-26,25,2014-02-26,25
2014-02-27,24,2014-02-27,24
2014-02-28,33,2014-02-28,33
2014-03-01,49,2014-03-01,49
2014-03-02,35,2014-03-02,35
2014-03-03,21,2014-03-03,21
2014-03-04,33,2014-03-04,33
2014-03-05,36,2014-03-05,36
2014-03-06,45,2014-03-06,45
2014-03-07,56,2014-03-07,56
2014-03-08,54,2014-03-08,54
2014-03-09,45,2014-03-09,45
2014-03-10,61,2014-03-10,61
2014-03-11,69,2014-03-11,69
2014-03-12,53,2014-03-12,53
2014-03-13,34,2014-03-13,34
2014-03-14,63,2014-03-14,63
2014-03-15,53,2014-03-15,53
2014-03-16,36,2014-03-16,36
2014-03-17,40,2014-03-17,40
2014-03-18,58,2014-03-18,58
2014-03-19,54,2014-03-19,54
2014-03-20,48,2014-03-20,48
2014-03-21,67,2014-03-21,67
2014-03-22,58,2014-03-22,58
2014-03-23,39,2014-03-23,39
2014-03-24,38,2014-03-24,38
2014-03-25,39,2014-03-25,39
2014-03-26,37,2014-03-26,37
2014-03-27,59,2014-03-27,59
2014-03-28,63,2014-03-28,63
2014-03-29,41,2014-03-29,41
2014-03-30,50,2014-03-30,50
2014-03-31,65,2014-03-31,65
2014-04-01,76,2014-04-01,76
2014-04-02,56,2014-04-02,56
2014-04-03,56,2014-04-03,56
2014-04-04,68,2014-04-04,68
2014-04-05,50,2014-04-05,50
2014-04-06,61,2014-04-06,61
2014-04-07,57,2014-04-07,57
2014-04-08,62,2014-04-08,62
2014-04-09,60,2014-04-09,60
2014-04-10,74,2014-04-10,74
2014-04-11,68,2014-04-11,68
2014-04-12,78,2014-04-12,78
2014-04-13,80,2014-04-13,80
2014-04-14,74,2014-04-14,74
2014-04-15,45,2014-04-15,45
2014-04-16,50,2014-04-16,50
2014-04-17,68,2014-04-17,68
2014-04-18,71,2014-04-18,71
2014-04-19,67,2014-04-19,67
2014-04-20,77,2014-04-20,77
2014-04-21,80,2014-04-21,80
2014-04-22,72,2014-04-22,72
2014-04-23,58,2014-04-23,58
2014-04-24,63,2014-04-24,63
2014-04-25,60,2014-04-25,60
2014-04-26,74,2014-04-26,74
2014-04-27,69,2014-04-27,69
2014-04-28,59,2014-04-28,59
2014-04-29,78,2014-04-29,78
2014-04-30,64,2014-04-30,64
2014-05-01,60,2014-05-01,60
2014-05-02,59,2014-05-02,59
2014-05-03,69,2014-05-03,69
2014-05-04,68,2014-05-04,68
2014-05-05,59,2014-05-05,59
2014-05-06,74,2014-05-06,74
2014-05-07,86,2014-05-07,86
2014-05-08,88,2014-05-08,88
2014-05-09,79,2014-05-09,79
2014-05-10,68,2014-05-10,68
2014-05-11,82,2014-05-11,82
2014-05-12,86,2014-05-12,86
2014-05-13,88,2014-05-13,88
2014-05-14,81,2014-05-14,81
2014-05-15,68,2014-05-15,68
2014-05-16,58,2014-05-16,58
2014-05-17,57,2014-05-17,57
2014-05-18,66,2014-05-18,66
2014-05-19,71,2014-05-19,71
2014-05-20,80,2014-05-20,80
2014-05-21,81,2014-05-21,81
2014-05-22,79,2014-05-22,79
2014-05-23,72,2014-05-23,72
2014-05-24,78,2014-05-24,78
2014-05-25,84,2014-05-25,84
2014-05-26,87,2014-05-26,87
2014-05-27,90,2014-05-27,90
2014-05-28,89,2014-05-28,89
2014-05-29,85,2014-05-29,85
2014-05-30,85,2014-05-30,85
2014-05-31,86,2014-05-31,86
2014-06-01,88,2014-06-01,88
2014-06-02,82,2014-06-02,82
2014-06-03,88,2014-06-03,88
2014-06-04,74,2014-06-04,74
2014-06-05,75,2014-06-05,75
2014-06-06,80,2014-06-06,80
2014-06-07,84,2014-06-07,84
2014-06-08,80,2014-06-08,80
2014-06-09,77,2014-06-09,77
2014-06-10,75,2014-06-10,75
2014-06-11,82,2014-06-11,82
2014-06-12,78,2014-06-12,78
2014-06-13,77,2014-06-13,77
2014-06-14,78,2014-06-14,78
2014-06-15,86,2014-06-15,86
2014-06-16,88,2014-06-16,88
2014-06-17,93,2014-06-17,93
2014-06-18,94,2014-06-18,94
2014-06-19,84,2014-06-19,84
2014-06-20,84,2014-06-20,84
2014-06-21,78,2014-06-21,78
2014-06-22,86,2014-06-22,86
2014-06-23,91,2014-06-23,91
2014-06-24,88,2014-06-24,88
2014-06-25,85,2014-06-25,85
2014-06-26,86,2014-06-26,86
2014-06-27,88,2014-06-27,88
2014-06-28,89,2014-06-28,89
2014-06-29,88,2014-06-29,88
2014-06-30,87,2014-06-30,87
2014-07-01,92,2014-07-01,92
2014-07-02,86,2014-07-02,86
2014-07-03,77,2014-07-03,77
2014-07-04,78,2014-07-04,78
2014-07-05,80,2014-07-05,80
2014-07-06,81,2014-07-06,81
2014-07-07,85,2014-07-07,85
2014-07-08,85,2014-07-08,85
2014-07-09,84,2014-07-09,84
2014-07-10,83,2014-07-10,83
2014-07-11,86,2014-07-11,86
2014-07-12,89,2014-07-12,89
2014-07-13,90,2014-07-13,90
2014-07-14,84,2014-07-14,84
2014-07-15,78,2014-07-15,78
2014-07-16,74,2014-07-16,74
2014-07-17,79,2014-07-17,79
2014-07-18,80,2014-07-18,80
2014-07-19,73,2014-07-19,73
2014-07-20,82,2014-07-20,82
2014-07-21,89,2014-07-21,89
2014-07-22,92,2014-07-22,92
2014-07-23,84,2014-07-23,84
2014-07-24,80,2014-07-24,80
2014-07-25,81,2014-07-25,81
2014-07-26,85,2014-07-26,85
2014-07-27,82,2014-07-27,82
2014-07-28,76,2014-07-28,76
2014-07-29,73,2014-07-29,73
2014-07-30,79,2014-07-30,79
2014-07-31,83,2014-07-31,83
2014-08-01,87,2014-08-01,87
2014-08-02,77,2014-08-02,77
2014-08-03,84,2014-08-03,84
2014-08-04,88,2014-08-04,88
2014-08-05,87,2014-08-05,87
2014-08-06,85,2014-08-06,85
2014-08-07,83,2014-08-07,83
2014-08-08,85,2014-08-08,85
2014-08-09,86,2014-08-09,86
2014-08-10,89,2014-08-10,89
2014-08-11,85,2014-08-11,85
2014-08-12,82,2014-08-12,82
2014-08-13,80,2014-08-13,80
2014-08-14,78,2014-08-14,78
2014-08-15,78,2014-08-15,78
2014-08-16,82,2014-08-16,82
2014-08-17,84,2014-08-17,84
2014-08-18,87,2014-08-18,87
2014-08-19,91,2014-08-19,91
2014-08-20,90,2014-08-20,90
2014-08-21,77,2014-08-21,77
2014-08-22,84,2014-08-22,84
2014-08-23,89,2014-08-23,89
2014-08-24,87,2014-08-24,87
2014-08-25,87,2014-08-25,87
2014-08-26,90,2014-08-26,90
2014-08-27,91,2014-08-27,91
2014-08-28,81,2014-08-28,81
2014-08-29,87,2014-08-29,87
2014-08-30,93,2014-08-30,93
2014-08-31,82,2014-08-31,82
2014-09-01,87,2014-09-01,87
2014-09-02,82,2014-09-02,82
2014-09-03,85,2014-09-03,85
2014-09-04,89,2014-09-04,89
2014-09-05,91,2014-09-05,91
2014-09-06,80,2014-09-06,80
2014-09-07,78,2014-09-07,78
2014-09-08,80,2014-09-08,80
2014-09-09,84,2014-09-09,84
2014-09-10,85,2014-09-10,85
2014-09-11,80,2014-09-11,80
2014-09-12,66,2014-09-12,66
2014-09-13,68,2014-09-13,68
2014-09-14,70,2014-09-14,70
2014-09-15,73,2014-09-15,73
2014-09-16,67,2014-09-16,67
2014-09-17,72,2014-09-17,72
2014-09-18,75,2014-09-18,75
2014-09-19,77,2014-09-19,77
2014-09-20,85,2014-09-20,85
2014-09-21,82,2014-09-21,82
2014-09-22,66,2014-09-22,66
2014-09-23,74,2014-09-23,74
2014-09-24,77,2014-09-24,77
2014-09-25,80,2014-09-25,80
2014-09-26,81,2014-09-26,81
2014-09-27,81,2014-09-27,81
2014-09-28,83,2014-09-28,83
2014-09-29,84,2014-09-29,84
2014-09-30,66,2014-09-30,66
2014-10-01,71,2014-10-01,71
2014-10-02,86,2014-10-02,86
2014-10-03,73,2014-10-03,73
2014-10-04,50,2014-10-04,50
2014-10-05,59,2014-10-05,59
2014-10-06,59,2014-10-06,59
2014-10-07,59,2014-10-07,59
2014-10-08,68,2014-10-08,68
2014-10-09,55,2014-10-09,55
2014-10-10,60,2014-10-10,60
2014-10-11,61,2014-10-11,61
2014-10-12,66,2014-10-12,66
2014-10-13,75,2014-10-13,75
2014-10-14,77,2014-10-14,77
2014-10-15,64,2014-10-15,64
2014-10-16,64,2014-10-16,64
2014-10-17,71,2014-10-17,71
2014-10-18,56,2014-10-18,56
2014-10-19,55,2014-10-19,55
2014-10-20,62,2014-10-20,62
2014-10-21,54,2014-10-21,54
2014-10-22,50,2014-10-22,50
2014-10-23,59,2014-10-23,59
2014-10-24,64,2014-10-24,64
2014-10-25,72,2014-10-25,72
2014-10-26,65,2014-10-26,65
2014-10-27,79,2014-10-27,79
2014-10-28,72,2014-10-28,72
2014-10-29,59,2014-10-29,59
2014-10-30,51,2014-10-30,51
2014-10-31,49,2014-10-31,49
2014-11-01,42,2014-11-01,42
2014-11-02,47,2014-11-02,47
2014-11-03,63,2014-11-03,63
2014-11-04,67,2014-11-04,67
2014-11-05,55,2014-11-05,55
2014-11-06,51,2014-11-06,51
2014-11-07,45,2014-11-07,45
2014-11-08,54,2014-11-08,54
2014-11-09,52,2014-11-09,52
2014-11-10,64,2014-11-10,64
2014-11-11,69,2014-11-11,69
2014-11-12,39,2014-11-12,39
2014-11-13,33,2014-11-13,33
2014-11-14,33,2014-11-14,33
2014-11-15,36,2014-11-15,36
2014-11-16,37,2014-11-16,37
2014-11-17,33,2014-11-17,33
2014-11-18,19,2014-11-18,19
2014-11-19,37,2014-11-19,37
2014-11-20,31,2014-11-20,31
2014-11-21,27,2014-11-21,27
2014-11-22,50,2014-11-22,50
2014-11-23,62,2014-11-23,62
2014-11-24,64,2014-11-24,64
2014-11-25,39,2014-11-25,39
2014-11-26,39,2014-11-26,39
2014-11-27,34,2014-11-27,34
2014-11-28,32,2014-11-28,32
2014-11-29,54,2014-11-29,54
2014-11-30,63,2014-11-30,63
2014-12-01,61,2014-12-01,61
2014-12-02,36,2014-12-02,36
2014-12-03,40,2014-12-03,40
2014-12-04,36,2014-12-04,36
2014-12-05,43,2014-12-05,43
2014-12-06,43,2014-12-06,43
2014-12-07,42,2014-12-07,42
2014-12-08,45,2014-12-08,45
2014-12-09,43,2014-12-09,43
2014-12-10,37,2014-12-10,37
2014-12-11,39,2014-12-11,39
2014-12-12,42,2014-12-12,42
2014-12-13,43,2014-12-13,43
2014-12-14,46,2014-12-14,46
2014-12-15,53,2014-12-15,53
2014-12-16,50,2014-12-16,50
2014-12-17,38,2014-12-17,38
2014-12-18,28,2014-12-18,28
2014-12-19,30,2014-12-19,30
2014-12-20,31,2014-12-20,31
2014-12-21,37,2014-12-21,37
2014-12-22,48,2014-12-22,48
2014-12-23,54,2014-12-23,54
2014-12-24,59,2014-12-24,59
2014-12-25,40,2014-12-25,40
2014-12-26,48,2014-12-26,48
2014-12-27,53,2014-12-27,53
2014-12-28,47,2014-12-28,47
2014-12-29,35,2014-12-29,35
2014-12-30,31,2014-12-30,31
2014-12-31,26,2014-12-31,26
2015-01-01,37,2015-01-01,37
2015-01-02,38,2015-01-02,38
2015-01-03,59,2015-01-03,59
2015-01-04,58,2015-01-04,58
2015-01-05,27,2015-01-05,27
2015-01-06,21,2015-01-06,21
2015-01-07,13,2015-01-07,13
2015-01-08,20,2015-01-08,20
2015-01-09,22,2015-01-09,22
2015-01-10,18,2015-01-10,18
2015-01-11,33,2015-01-11,33
2015-01-12,34,2015-01-12,34
2015-01-13,25,2015-01-13,25
2015-01-14,22,2015-01-14,22
2015-01-15,34,2015-01-15,34
2015-01-16,36,2015-01-16,36
2015-01-17,49,2015-01-17,49
2015-01-18,46,2015-01-18,46
2015-01-19,43,2015-01-19,43
2015-01-20,46,2015-01-20,46
2015-01-21,41,2015-01-21,41
2015-01-22,35,2015-01-22,35
2015-01-23,34,2015-01-23,34
2015-01-24,37,2015-01-24,37
2015-01-25,37,2015-01-25,37
2015-01-26,27,2015-01-26,27
2015-01-27,24,2015-01-27,24
2015-01-28,26,2015-01-28,26
2015-01-29,41,2015-01-29,41
2015-01-30,32,2015-01-30,32
2015-01-31,34,2015-01-31,34
2015-02-01,41,2015-02-01,41
2015-02-02,41,2015-02-02,41
2015-02-03,31,2015-02-03,31
2015-02-04,42,2015-02-04,42
2015-02-05,24,2015-02-05,24
2015-02-06,29,2015-02-06,29
2015-02-07,50,2015-02-07,50
2015-02-08,56,2015-02-08,56
2015-02-09,46,2015-02-09,46
2015-02-10,32,2015-02-10,32
2015-02-11,38,2015-02-11,38
2015-02-12,32,2015-02-12,32
2015-02-13,26,2015-02-13,26
2015-02-14,30,2015-02-14,30
2015-02-15,8,2015-02-15,8
2015-02-16,10,2015-02-16,10
2015-02-17,19,2015-02-17,19
2015-02-18,18,2015-02-18,18
2015-02-19,8,2015-02-19,8
2015-02-20,14,2015-02-20,14
2015-02-21,33,2015-02-21,33
2015-02-22,31,2015-02-22,31
2015-02-23,19,2015-02-23,19
2015-02-24,24,2015-02-24,24
2015-02-25,33,2015-02-25,33
2015-02-26,22,2015-02-26,22
2015-02-27,18,2015-02-27,18
2015-02-28,25,2015-02-28,25
2015-03-01,33,2015-03-01,33
2015-03-02,31,2015-03-02,31
2015-03-03,42,2015-03-03,42
2015-03-04,38,2015-03-04,38
2015-03-05,23,2015-03-05,23
2015-03-06,23,2015-03-06,23
2015-03-07,42,2015-03-07,42
2015-03-08,44,2015-03-08,44
2015-03-09,53,2015-03-09,53
2015-03-10,47,2015-03-10,47
2015-03-11,54,2015-03-11,54
2015-03-12,53,2015-03-12,53
2015-03-13,56,2015-03-13,56
2015-03-14,59,2015-03-14,59
2015-03-15,55,2015-03-15,55
2015-03-16,69,2015-03-16,69
2015-03-17,61,2015-03-17,61
2015-03-18,48,2015-03-18,48
2015-03-19,52,2015-03-19,52
2015-03-20,47,2015-03-20,47
2015-03-21,63,2015-03-21,63
2015-03-22,48,2015-03-22,48
2015-03-23,36,2015-03-23,36
2015-03-24,49,2015-03-24,49
2015-03-25,66,2015-03-25,66
2015-03-26,47,2015-03-26,47
2015-03-27,36,2015-03-27,36
2015-03-28,33,2015-03-28,33
2015-03-29,47,2015-03-29,47
2015-03-30,57,2015-03-30,57
2015-03-31,65,2015-03-31,65
2015-04-01,63,2015-04-01,63
2015-04-02,63,2015-04-02,63
2015-04-03,62,2015-04-03,62
2015-04-04,51,2015-04-04,51
2015-04-05,62,2015-04-05,62
2015-04-06,65,2015-04-06,65
2015-04-07,65,2015-04-07,65
2015-04-08,67,2015-04-08,67
2015-04-09,74,2015-04-09,74
2015-04-10,70,2015-04-10,70
2015-04-11,59,2015-04-11,59
2015-04-12,69,2015-04-12,69
2015-04-13,79,2015-04-13,79
2015-04-14,61,2015-04-14,61
2015-04-15,69,2015-04-15,69
2015-04-16,62,2015-04-16,62
2015-04-17,74,2015-04-17,74
2015-04-18,79,2015-04-18,79
2015-04-19,73,2015-04-19,73
2015-04-20,65,2015-04-20,65
2015-04-21,61,2015-04-21,61
2015-04-22,52,2015-04-22,52
2015-04-23,50,2015-04-23,50
2015-04-24,58,2015-04-24,58
2015-04-25,51,2015-04-25,51
2015-04-26,60,2015-04-26,60
2015-04-27,54,2015-04-27,54
2015-04-28,63,2015-04-28,63
2015-04-29,68,2015-04-29,68
2015-04-30,57,2015-04-30,57
2015-05-01,71,2015-05-01,71
2015-05-02,74,2015-05-02,74
2015-05-03,77,2015-05-03,77
2015-05-04,81,2015-05-04,81
2015-05-05,81,2015-05-05,81
2015-05-06,85,2015-05-06,85
2015-05-07,88,2015-05-07,88
2015-05-08,87,2015-05-08,87
2015-05-09,87,2015-05-09,87
2015-05-10,84,2015-05-10,84
2015-05-11,86,2015-05-11,86
2015-05-12,67,2015-05-12,67
2015-05-13,64,2015-05-13,64
2015-05-14,65,2015-05-14,65
2015-05-15,81,2015-05-15,81
2015-05-16,76,2015-05-16,76
2015-05-17,83,2015-05-17,83
2015-05-18,79,2015-05-18,79
2015-05-19,68,2015-05-19,68
2015-05-20,60,2015-05-20,60
2015-05-21,59,2015-05-21,59
2015-05-22,73,2015-05-22,73
2015-05-23,77,2015-05-23,77
2015-05-24,83,2015-05-24,83
2015-05-25,83,2015-05-25,83
2015-05-26,86,2015-05-26,86
2015-05-27,82,2015-05-27,82
2015-05-28,83,2015-05-28,83
2015-05-29,84,2015-05-29,84
2015-05-30,85,2015-05-30,85
2015-05-31,75,2015-05-31,75
2015-06-01,56,2015-06-01,56
2015-06-02,66,2015-06-02,66
2015-06-03,73,2015-06-03,73
2015-06-04,81,2015-06-04,81
2015-06-05,86,2015-06-05,86
2015-06-06,79,2015-06-06,79
2015-06-07,85,2015-06-07,85
2015-06-08,79,2015-06-08,79
2015-06-09,76,2015-06-09,76
2015-06-10,91,2015-06-10,91
2015-06-11,92,2015-06-11,92
2015-06-12,93,2015-06-12,93
2015-06-13,90,2015-06-13,90
2015-06-14,91,2015-06-14,91
2015-06-15,87,2015-06-15,87
2015-06-16,83,2015-06-16,83
2015-06-17,72,2015-06-17,72
2015-06-18,87,2015-06-18,87
2015-06-19,76,2015-06-19,76
2015-06-20,73,2015-06-20,73
2015-06-21,86,2015-06-21,86
2015-06-22,86,2015-06-22,86
2015-06-23,85,2015-06-23,85
2015-06-24,83,2015-06-24,83
2015-06-25,77,2015-06-25,77
2015-06-26,78,2015-06-26,78
2015-06-27,71,2015-06-27,71
2015-06-28,75,2015-06-28,75
2015-06-29,66,2015-06-29,66
2015-06-30,77,2015-06-30,77
2015-07-01,78,2015-07-01,78
2015-07-02,74,2015-07-02,74
2015-07-03,76,2015-07-03,76
2015-07-04,79,2015-07-04,79
2015-07-05,79,2015-07-05,79
2015-07-06,84,2015-07-06,84
2015-07-07,84,2015-07-07,84
2015-07-08,70,2015-07-08,70
2015-07-09,78,2015-07-09,78
2015-07-10,74,2015-07-10,74
2015-07-11,82,2015-07-11,82
2015-07-12,80,2015-07-12,80
2015-07-13,74,2015-07-13,74
2015-07-14,83,2015-07-14,83
2015-07-15,73,2015-07-15,73
2015-07-16,81,2015-07-16,81
2015-07-17,86,2015-07-17,86
2015-07-18,91,2015-07-18,91
2015-07-19,87,2015-07-19,87
2015-07-20,86,2015-07-20,86
2015-07-21,85,2015-07-21,85
2015-07-22,80,2015-07-22,80
2015-07-23,83,2015-07-23,83
2015-07-24,86,2015-07-24,86
2015-07-25,86,2015-07-25,86
2015-07-26,84,2015-07-26,84
2015-07-27,87,2015-07-27,87
2015-07-28,91,2015-07-28,91
2015-07-29,91,2015-07-29,91
2015-07-30,85,2015-07-30,85
2015-07-31,87,2015-07-31,87
2015-08-01,84,2015-08-01,84
2015-08-02,88,2015-08-02,88
2015-08-03,85,2015-08-03,85
2015-08-04,85,2015-08-04,85
2015-08-05,84,2015-08-05,84
2015-08-06,70,2015-08-06,70
2015-08-07,84,2015-08-07,84
2015-08-08,87,2015-08-08,87
2015-08-09,84,2015-08-09,84
2015-08-10,85,2015-08-10,85
2015-08-11,82,2015-08-11,82
2015-08-12,79,2015-08-12,79
2015-08-13,80,2015-08-13,80
2015-08-14,85,2015-08-14,85
2015-08-15,86,2015-08-15,86
2015-08-16,88,2015-08-16,88
2015-08-17,88,2015-08-17,88
2015-08-18,82,2015-08-18,82
2015-08-19,86,2015-08-19,86
2015-08-20,77,2015-08-20,77
2015-08-21,80,2015-08-21,80
2015-08-22,81,2015-08-22,81
2015-08-23,84,2015-08-23,84
2015-08-24,76,2015-08-24,76
2015-08-25,68,2015-08-25,68
2015-08-26,68,2015-08-26,68
2015-08-27,77,2015-08-27,77
2015-08-28,80,2015-08-28,80
2015-08-29,86,2015-08-29,86
2015-08-30,85,2015-08-30,85
2015-08-31,86,2015-08-31,86
2015-09-01,88,2015-09-01,88
2015-09-02,87,2015-09-02,87
2015-09-03,87,2015-09-03,87
2015-09-04,87,2015-09-04,87
2015-09-05,89,2015-09-05,89
2015-09-06,88,2015-09-06,88
2015-09-07,90,2015-09-07,90
2015-09-08,88,2015-09-08,88
2015-09-09,82,2015-09-09,82
2015-09-10,80,2015-09-10,80
2015-09-11,80,2015-09-11,80
2015-09-12,67,2015-09-12,67
2015-09-13,67,2015-09-13,67
2015-09-14,74,2015-09-14,74
2015-09-15,80,2015-09-15,80
2015-09-16,82,2015-09-16,82
2015-09-17,82,2015-09-17,82
2015-09-18,84,2015-09-18,84
2015-09-19,80,2015-09-19,80
2015-09-20,73,2015-09-20,73
2015-09-21,76,2015-09-21,76
2015-09-22,80,2015-09-22,80
2015-09-23,80,2015-09-23,80
2015-09-24,82,2015-09-24,82
2015-09-25,80,2015-09-25,80
2015-09-26,76,2015-09-26,76
2015-09-27,77,2015-09-27,77
2015-09-28,82,2015-09-28,82
2015-09-29,72,2015-09-29,72
2015-09-30,64,2015-09-30,64
2015-10-01,61,2015-10-01,61
2015-10-02,57,2015-10-02,57
2015-10-03,53,2015-10-03,53
2015-10-04,73,2015-10-04,73
2015-10-05,78,2015-10-05,78
2015-10-06,79,2015-10-06,79
2015-10-07,76,2015-10-07,76
2015-10-08,79,2015-10-08,79
2015-10-09,72,2015-10-09,72
2015-10-10,66,2015-10-10,66
2015-10-11,72,2015-10-11,72
2015-10-12,77,2015-10-12,77
2015-10-13,64,2015-10-13,64
2015-10-14,66,2015-10-14,66
2015-10-15,68,2015-10-15,68
2015-10-16,62,2015-10-16,62
2015-10-17,49,2015-10-17,49
2015-10-18,54,2015-10-18,54
2015-10-19,63,2015-10-19,63
2015-10-20,71,2015-10-20,71
2015-10-21,74,2015-10-21,74
2015-10-22,78,2015-10-22,78
2015-10-23,70,2015-10-23,70
2015-10-24,66,2015-10-24,66
2015-10-25,60,2015-10-25,60
2015-10-26,62,2015-10-26,62
2015-10-27,54,2015-10-27,54
2015-10-28,65,2015-10-28,65
2015-10-29,55,2015-10-29,55
2015-10-30,49,2015-10-30,49
2015-10-31,54,2015-10-31,54
2015-11-01,66,2015-11-01,66
2015-11-02,69,2015-11-02,69
2015-11-03,75,2015-11-03,75
2015-11-04,70,2015-11-04,70
2015-11-05,75,2015-11-05,75
2015-11-06,70,2015-11-06,70
2015-11-07,55,2015-11-07,55
2015-11-08,53,2015-11-08,53
2015-11-09,59,2015-11-09,59
2015-11-10,48,2015-11-10,48
2015-11-11,55,2015-11-11,55
2015-11-12,56,2015-11-12,56
2015-11-13,50,2015-11-13,50
2015-11-14,50,2015-11-14,50
2015-11-15,65,2015-11-15,65
2015-11-16,62,2015-11-16,62
2015-11-17,61,2015-11-17,61
2015-11-18,71,2015-11-18,71
2015-11-19,60,2015-11-19,60
2015-11-20,49,2015-11-20,49
2015-11-21,53,2015-11-21,53
2015-11-22,37,2015-11-22,37
2015-11-23,41,2015-11-23,41
2015-11-24,48,2015-11-24,48
2015-11-25,59,2015-11-25,59
2015-11-26,65,2015-11-26,65
2015-11-27,63,2015-11-27,63
2015-11-28,55,2015-11-28,55
2015-11-29,45,2015-11-29,45
2015-11-30,45,2015-11-30,45
2015-12-01,59,2015-12-01,59
2015-12-02,49,2015-12-02,49
2015-12-03,39,2015-12-03,39
2015-12-04,36,2015-12-04,36
2015-12-05,45,2015-12-05,45
2015-12-06,47,2015-12-06,47
2015-12-07,51,2015-12-07,51
2015-12-08,52,2015-12-08,52
2015-12-09,51,2015-12-09,51
2015-12-10,56,2015-12-10,56
2015-12-11,61,2015-12-11,61
2015-12-12,68,2015-12-12,68
2015-12-13,64,2015-12-13,64
2015-12-14,65,2015-12-14,65
2015-12-15,47,2015-12-15,47
2015-12-16,61,2015-12-16,61
2015-12-17,59,2015-12-17,59
2015-12-18,36,2015-12-18,36
2015-12-19,33,2015-12-19,33
2015-12-20,44,2015-12-20,44
2015-12-21,53,2015-12-21,53
2015-12-22,59,2015-12-22,59
2015-12-23,65,2015-12-23,65
2015-12-24,58,2015-12-24,58
2015-12-25,53,2015-12-25,53
2015-12-26,58,2015-12-26,58
2015-12-27,66,2015-12-27,66
2015-12-28,55,2015-12-28,55
2015-12-29,57,2015-12-29,57
2015-12-30,43,2015-12-30,43
2015-12-31,36,2015-12-31,36
2016-01-01,36,2016-01-01,36
2016-01-02,38,2016-01-02,38
2016-01-03,33,2016-01-03,33
2016-01-04,32,2016-01-04,32
2016-01-05,30,2016-01-05,30
2016-01-06,40,2016-01-06,40
2016-01-07,46,2016-01-07,46
2016-01-08,47,2016-01-08,47
2016-01-09,50,2016-01-09,50
2016-01-10,48,2016-01-10,48
2016-01-11,27,2016-01-11,27
2016-01-12,29,2016-01-12,29
2016-01-13,24,2016-01-13,24
2016-01-14,47,2016-01-14,47
2016-01-15,47,2016-01-15,47
2016-01-16,41,2016-01-16,41
2016-01-17,30,2016-01-17,30
2016-01-18,13,2016-01-18,13
2016-01-19,20,2016-01-19,20
2016-01-20,19,2016-01-20,19
2016-01-21,27,2016-01-21,27
2016-01-22,28,2016-01-22,28
2016-01-23,31,2016-01-23,31
2016-01-24,32,2016-01-24,32
2016-01-25,46,2016-01-25,46
2016-01-26,47,2016-01-26,47
2016-01-27,32,2016-01-27,32
2016-01-28,43,2016-01-28,43
2016-01-29,36,2016-01-29,36
2016-01-30,59,2016-01-30,59
2016-01-31,60,2016-01-31,60
2016-02-01,58,2016-02-01,58
2016-02-02,57,2016-02-02,57
2016-02-03,61,2016-02-03,61
2016-02-04,37,2016-02-04,37
2016-02-05,38,2016-02-05,38
2016-02-06,42,2016-02-06,42
2016-02-07,51,2016-02-07,51
2016-02-08,42,2016-02-08,42
2016-02-09,31,2016-02-09,31
2016-02-10,21,2016-02-10,21
2016-02-11,21,2016-02-11,21
2016-02-12,24,2016-02-12,24
2016-02-13,16,2016-02-13,16
2016-02-14,19,2016-02-14,19
2016-02-15,34,2016-02-15,34
2016-02-16,32,2016-02-16,32
2016-02-17,37,2016-02-17,37
2016-02-18,36,2016-02-18,36
2016-02-19,59,2016-02-19,59
2016-02-20,68,2016-02-20,68
2016-02-21,58,2016-02-21,58
2016-02-22,47,2016-02-22,47
2016-02-23,56,2016-02-23,56
2016-02-24,59,2016-02-24,59
2016-02-25,36,2016-02-25,36
2016-02-26,35,2016-02-26,35
2016-02-27,47,2016-02-27,47
2016-02-28,65,2016-02-28,65
2016-02-29,57,2016-02-29,57
2016-03-01,61,2016-03-01,61
2016-03-02,33,2016-03-02,33
2016-03-03,36,2016-03-03,36
2016-03-04,35,2016-03-04,35
2016-03-05,41,2016-03-05,41
2016-03-06,43,2016-03-06,43
2016-03-07,63,2016-03-07,63
2016-03-08,73,2016-03-08,73
2016-03-09,73,2016-03-09,73
2016-03-10,61,2016-03-10,61
2016-03-11,58,2016-03-11,58
2016-03-12,67,2016-03-12,67
2016-03-13,58,2016-03-13,58
2016-03-14,71,2016-03-14,71
2016-03-15,65,2016-03-15,65
2016-03-16,65,2016-03-16,65
2016-03-17,61,2016-03-17,61
2016-03-18,58,2016-03-18,58
2016-03-19,44,2016-03-19,44
2016-03-20,44,2016-03-20,44
2016-03-21,50,2016-03-21,50
2016-03-22,62,2016-03-22,62
2016-03-23,63,2016-03-23,63
2016-03-24,71,2016-03-24,71
2016-03-25,51,2016-03-25,51
2016-03-26,60,2016-03-26,60
2016-03-27,75,2016-03-27,75
2016-03-28,59,2016-03-28,59
2016-03-29,54,2016-03-29,54
2016-03-30,69,2016-03-30,69
2016-03-31,69,2016-03-31,69
2016-04-01,61,2016-04-01,61
2016-04-02,49,2016-04-02,49
2016-04-03,54,2016-04-03,54
2016-04-04,56,2016-04-04,56
2016-04-05,43,2016-04-05,43
2016-04-06,65,2016-04-06,65
2016-04-07,49,2016-04-07,49
2016-04-08,41,2016-04-08,41
2016-04-09,36,2016-04-09,36
2016-04-10,55,2016-04-10,55
2016-04-11,59,2016-04-11,59
2016-04-12,49,2016-04-12,49
2016-04-13,58,2016-04-13,58
2016-04-14,66,2016-04-14,66
2016-04-15,74,2016-04-15,74
2016-04-16,75,2016-04-16,75
2016-04-17,80,2016-04-17,80
2016-04-18,81,2016-04-18,81
2016-04-19,73,2016-04-19,73
2016-04-20,77,2016-04-20,77
2016-04-21,72,2016-04-21,72
2016-04-22,69,2016-04-22,69
2016-04-23,60,2016-04-23,60
2016-04-24,71,2016-04-24,71
2016-04-25,80,2016-04-25,80
2016-04-26,80,2016-04-26,80
2016-04-27,61,2016-04-27,61
2016-04-28,65,2016-04-28,65
2016-04-29,59,2016-04-29,59
2016-04-30,56,2016-04-30,56
2016-05-01,76,2016-05-01,76
2016-05-02,61,2016-05-02,61
2016-05-03,60,2016-05-03,60
2016-05-04,61,2016-05-04,61
2016-05-05,61,2016-05-05,61
2016-05-06,69,2016-05-06,69
2016-05-07,74,2016-05-07,74
2016-05-08,67,2016-05-08,67
2016-05-09,55,2016-05-09,55
2016-05-10,72,2016-05-10,72
2016-05-11,74,2016-05-11,74
2016-05-12,76,2016-05-12,76
2016-05-13,66,2016-05-13,66
2016-05-14,56,2016-05-14,56
2016-05-15,53,2016-05-15,53
2016-05-16,62,2016-05-16,62
2016-05-17,58,2016-05-17,58
2016-05-18,65,2016-05-18,65
2016-05-19,70,2016-05-19,70
2016-05-20,72,2016-05-20,72
2016-05-21,60,2016-05-21,60
2016-05-22,72,2016-05-22,72
2016-05-23,76,2016-05-23,76
2016-05-24,80,2016-05-24,80
2016-05-25,80,2016-05-25,80
2016-05-26,80,2016-05-26,80
2016-05-27,88,2016-05-27,88
2016-05-28,86,2016-05-28,86
2016-05-29,84,2016-05-29,84
2016-05-30,84,2016-05-30,84
2016-05-31,87,2016-05-31,87
2016-06-01,88,2016-06-01,88
2016-06-02,83,2016-06-02,83
2016-06-03,86,2016-06-03,86
2016-06-04,80,2016-06-04,80
2016-06-05,81,2016-06-05,81
2016-06-06,86,2016-06-06,86
2016-06-07,73,2016-06-07,73
2016-06-08,73,2016-06-08,73
2016-06-09,77,2016-06-09,77
2016-06-10,80,2016-06-10,80
2016-06-11,95,2016-06-11,95
2016-06-12,84,2016-06-12,84
2016-06-13,83,2016-06-13,83
2016-06-14,84,2016-06-14,84
2016-06-15,89,2016-06-15,89
2016-06-16,85,2016-06-16,85
2016-06-17,86,2016-06-17,86
2016-06-18,87,2016-06-18,87
2016-06-19,88,2016-06-19,88
2016-06-20,92,2016-06-20,92
2016-06-21,89,2016-06-21,89
2016-06-22,78,2016-06-22,78
2016-06-23,87,2016-06-23,87
2016-06-24,84,2016-06-24,84
2016-06-25,89,2016-06-25,89
2016-06-26,90,2016-06-26,90
2016-06-27,88,2016-06-27,88
2016-06-28,80,2016-06-28,80
2016-06-29,77,2016-06-29,77
2016-06-30,80,2016-06-30,80
2016-07-01,81,2016-07-01,81
2016-07-02,74,2016-07-02,74
2016-07-03,73,2016-07-03,73
2016-07-04,72,2016-07-04,72
2016-07-05,84,2016-07-05,84
2016-07-06,87,2016-07-06,87
2016-07-07,86,2016-07-07,86
2016-07-08,85,2016-07-08,85
2016-07-09,82,2016-07-09,82
2016-07-10,86,2016-07-10,86
2016-07-11,88,2016-07-11,88
2016-07-12,88,2016-07-12,88
2016-07-13,92,2016-07-13,92
2016-07-14,87,2016-07-14,87
2016-07-15,87,2016-07-15,87
2016-07-16,82,2016-07-16,82
2016-07-17,87,2016-07-17,87
2016-07-18,88,2016-07-18,88
2016-07-19,89,2016-07-19,89
2016-07-20,89,2016-07-20,89
2016-07-21,91,2016-07-21,91
2016-07-22,86,2016-07-22,86
2016-07-23,90,2016-07-23,90
2016-07-24,94,2016-07-24,94
2016-07-25,92,2016-07-25,92
2016-07-26,89,2016-07-26,89
2016-07-27,91,2016-07-27,91
2016-07-28,81,2016-07-28,81
2016-07-29,83,2016-07-29,83
2016-07-30,87,2016-07-30,87
2016-07-31,88,2016-07-31,88
2016-08-01,87,2016-08-01,87
2016-08-02,90,2016-08-02,90
2016-08-03,92,2016-08-03,92
2016-08-04,88,2016-08-04,88
2016-08-05,93,2016-08-05,93
2016-08-06,88,2016-08-06,88
2016-08-07,88,2016-08-07,88
2016-08-08,87,2016-08-08,87
2016-08-09,91,2016-08-09,91
2016-08-10,89,2016-08-10,89
2016-08-11,93,2016-08-11,93
2016-08-12,94,2016-08-12,94
2016-08-13,92,2016-08-13,92
2016-08-14,77,2016-08-14,77
2016-08-15,84,2016-08-15,84
2016-08-16,85,2016-08-16,85
2016-08-17,79,2016-08-17,79
2016-08-18,84,2016-08-18,84
2016-08-19,85,2016-08-19,85
2016-08-20,83,2016-08-20,83
2016-08-21,78,2016-08-21,78
2016-08-22,78,2016-08-22,78
2016-08-23,81,2016-08-23,81
2016-08-24,84,2016-08-24,84
2016-08-25,88,2016-08-25,88
2016-08-26,88,2016-08-26,88
2016-08-27,91,2016-08-27,91
2016-08-28,91,2016-08-28,91
2016-08-29,87,2016-08-29,87
2016-08-30,87,2016-08-30,87
2016-08-31,84,2016-08-31,84
2016-09-01,76,2016-09-01,76
2016-09-02,77,2016-09-02,77
2016-09-03,79,2016-09-03,79
2016-09-04,82,2016-09-04,82
2016-09-05,87,2016-09-05,87
2016-09-06,89,2016-09-06,89
2016-09-07,90,2016-09-07,90
2016-09-08,88,2016-09-08,88
2016-09-09,83,2016-09-09,83
2016-09-10,88,2016-09-10,88
2016-09-11,74,2016-09-11,74
2016-09-12,79,2016-09-12,79
2016-09-13,82,2016-09-13,82
2016-09-14,81,2016-09-14,81
2016-09-15,77,2016-09-15,77
2016-09-16,86,2016-09-16,86
2016-09-17,81,2016-09-17,81
2016-09-18,82,2016-09-18,82
2016-09-19,84,2016-09-19,84
2016-09-20,88,2016-09-20,88
2016-09-21,87,2016-09-21,87
2016-09-22,88,2016-09-22,88
2016-09-23,90,2016-09-23,90
2016-09-24,80,2016-09-24,80
2016-09-25,82,2016-09-25,82
2016-09-26,69,2016-09-26,69
2016-09-27,74,2016-09-27,74
2016-09-28,61,2016-09-28,61
2016-09-29,68,2016-09-29,68
2016-09-30,65,2016-09-30,65
2016-10-01,67,2016-10-01,67
2016-10-02,72,2016-10-02,72
2016-10-03,74,2016-10-03,74
2016-10-04,79,2016-10-04,79
2016-10-05,79,2016-10-05,79
2016-10-06,80,2016-10-06,80
2016-10-07,80,2016-10-07,80
2016-10-08,66,2016-10-08,66
2016-10-09,64,2016-10-09,64
2016-10-10,66,2016-10-10,66
2016-10-11,67,2016-10-11,67
2016-10-12,77,2016-10-12,77
2016-10-13,65,2016-10-13,65
2016-10-14,64,2016-10-14,64
2016-10-15,76,2016-10-15,76
2016-10-16,80,2016-10-16,80
2016-10-17,82,2016-10-17,82
2016-10-18,83,2016-10-18,83
2016-10-19,78,2016-10-19,78
2016-10-20,67,2016-10-20,67
2016-10-21,55,2016-10-21,55
2016-10-22,52,2016-10-22,52
2016-10-23,71,2016-10-23,71
2016-10-24,62,2016-10-24,62
2016-10-25,56,2016-10-25,56
2016-10-26,55,2016-10-26,55
2016-10-27,61,2016-10-27,61
2016-10-28,59,2016-10-28,59
2016-10-29,79,2016-10-29,79
2016-10-30,72,2016-10-30,72
2016-10-31,59,2016-10-31,59
2016-11-01,80,2016-11-01,80
2016-11-02,79,2016-11-02,79
2016-11-03,67,2016-11-03,67
2016-11-04,60,2016-11-04,60
2016-11-05,62,2016-11-05,62
2016-11-06,69,2016-11-06,69
2016-11-07,71,2016-11-07,71
2016-11-08,61,2016-11-08,61
2016-11-09,49,2016-11-09,49
2016-11-10,60,2016-11-10,60
2016-11-11,57,2016-11-11,57
2016-11-12,50,2016-11-12,50
2016-11-13,56,2016-11-13,56
2016-11-14,57,2016-11-14,57
2016-11-15,60,2016-11-15,60
2016-11-16,59,2016-11-16,59
2016-11-17,68,2016-11-17,68
2016-11-18,75,2016-11-18,75
2016-11-19,66,2016-11-19,66
2016-11-20,35,2016-11-20,35
2016-11-21,39,2016-11-21,39
2016-11-22,40,2016-11-22,40
2016-11-23,45,2016-11-23,45
2016-11-24,50,2016-11-24,50
2016-11-25,43,2016-11-25,43
2016-11-26,44,2016-11-26,44
2016-11-27,48,2016-11-27,48
2016-11-28,59,2016-11-28,59
2016-11-29,61,2016-11-29,61
2016-11-30,61,2016-11-30,61
2016-12-01,41,2016-12-01,41
2016-12-02,39,2016-12-02,39
2016-12-03,40,2016-12-03,40
2016-12-04,42,2016-12-04,42
2016-12-05,42,2016-12-05,42
2016-12-06,44,2016-12-06,44
2016-12-07,38,2016-12-07,38
2016-12-08,33,2016-12-08,33
2016-12-09,28,2016-12-09,28
2016-12-10,27,2016-12-10,27
2016-12-11,35,2016-12-11,35
2016-12-12,40,2016-12-12,40
2016-12-13,31,2016-12-13,31
2016-12-14,26,2016-12-14,26
2016-12-15,14,2016-12-15,14
2016-12-16,26,2016-12-16,26
2016-12-17,54,2016-12-17,54
2016-12-18,34,2016-12-18,34
2016-12-19,25,2016-12-19,25
2016-12-20,35,2016-12-20,35
2016-12-21,37,2016-12-21,37
2016-12-22,38,2016-12-22,38
2016-12-23,38,2016-12-23,38
2016-12-24,44,2016-12-24,44
2016-12-25,48,2016-12-25,48
2016-12-26,69,2016-12-26,69
2016-12-27,55,2016-12-27,55
2016-12-28,44,2016-12-28,44
2016-12-29,45,2016-12-29,45
2016-12-30,38,2016-12-30,38
2016-12-31,49,2016-12-31,49
2017-01-01,48,2017-01-01,48
2017-01-02,53,2017-01-02,53
2017-01-03,55,2017-01-03,55
2017-01-04,45,2017-01-04,45
2017-01-05,24,2017-01-05,24
2017-01-06,16,2017-01-06,16
2017-01-07,16,2017-01-07,16
2017-01-08,20,2017-01-08,20
2017-01-09,33,2017-01-09,33
2017-01-10,52,2017-01-10,52
2017-01-11,62,2017-01-11,62
2017-01-12,67,2017-01-12,67
2017-01-13,38,2017-01-13,38
2017-01-14,35,2017-01-14,35
2017-01-15,37,2017-01-15,37
2017-01-16,47,2017-01-16,47
2017-01-17,64,2017-01-17,64
2017-01-18,47,2017-01-18,47
2017-01-19,45,2017-01-19,45
2017-01-20,61,2017-01-20,61
2017-01-21,62,2017-01-21,62
2017-01-22,64,2017-01-22,64
2017-01-23,56,2017-01-23,56
2017-01-24,44,2017-01-24,44
2017-01-25,52,2017-01-25,52
2017-01-26,41,2017-01-26,41
2017-01-27,33,2017-01-27,33
2017-01-28,31,2017-01-28,31
2017-01-29,33,2017-01-29,33
2017-01-30,29,2017-01-30,29
2017-01-31,40,2017-01-31,40
2017-02-01,39,2017-02-01,39
2017-02-02,30,2017-02-02,30
2017-02-03,25,2017-02-03,25
2017-02-04,30,2017-02-04,30
2017-02-05,47,2017-02-05,47
2017-02-06,55,2017-02-06,55
2017-02-07,57,2017-02-07,57
2017-02-08,49,2017-02-08,49
2017-02-09,27,2017-02-09,27
2017-02-10,39,2017-02-10,39
2017-02-11,63,2017-02-11,63
2017-02-12,60,2017-02-12,60
2017-02-13,47,2017-02-13,47
2017-02-14,55,2017-02-14,55
2017-02-15,43,2017-02-15,43
2017-02-16,41,2017-02-16,41
2017-02-17,65,2017-02-17,65
2017-02-18,66,2017-02-18,66
2017-02-19,57,2017-02-19,57
2017-02-20,65,2017-02-20,65
2017-02-21,69,2017-02-21,69
2017-02-22,60,2017-02-22,60
2017-02-23,72,2017-02-23,72
2017-02-24,78,2017-02-24,78
2017-02-25,59,2017-02-25,59
2017-02-26,45,2017-02-26,45
2017-02-27,47,2017-02-27,47
2017-02-28,61,2017-02-28,61
2017-03-01,63,2017-03-01,63
2017-03-02,42,2017-03-02,42
2017-03-03,37,2017-03-03,37
2017-03-04,38,2017-03-04,38
2017-03-05,61,2017-03-05,61
2017-03-06,56,2017-03-06,56
2017-03-07,60,2017-03-07,60
2017-03-08,60,2017-03-08,60
2017-03-09,63,2017-03-09,63
2017-03-10,40,2017-03-10,40
2017-03-11,35,2017-03-11,35
2017-03-12,36,2017-03-12,36
2017-03-13,42,2017-03-13,42
2017-03-14,29,2017-03-14,29
2017-03-15,34,2017-03-15,34
2017-03-16,44,2017-03-16,44
2017-03-17,36,2017-03-17,36
2017-03-18,47,2017-03-18,47
2017-03-19,43,2017-03-19,43
2017-03-20,47,2017-03-20,47
2017-03-21,59,2017-03-21,59
2017-03-22,42,2017-03-22,42
2017-03-23,56,2017-03-23,56
2017-03-24,76,2017-03-24,76
2017-03-25,75,2017-03-25,75
2017-03-26,65,2017-03-26,65
2017-03-27,68,2017-03-27,68
2017-03-28,61,2017-03-28,61
2017-03-29,64,2017-03-29,64
2017-03-30,77,2017-03-30,77
2017-03-31,60,2017-03-31,60
2017-04-01,49,2017-04-01,49
2017-04-02,63,2017-04-02,63
2017-04-03,69,2017-04-03,69
2017-04-04,64,2017-04-04,64
2017-04-05,74,2017-04-05,74
2017-04-06,60,2017-04-06,60
2017-04-07,52,2017-04-07,52
2017-04-08,61,2017-04-08,61
2017-04-09,76,2017-04-09,76
2017-04-10,80,2017-04-10,80
2017-04-11,65,2017-04-11,65
2017-04-12,67,2017-04-12,67
2017-04-13,69,2017-04-13,69
2017-04-14,76,2017-04-14,76
2017-04-15,81,2017-04-15,81
2017-04-16,80,2017-04-16,80
2017-04-17,70,2017-04-17,70
2017-04-18,76,2017-04-18,76
2017-04-19,78,2017-04-19,78
2017-04-20,84,2017-04-20,84
2017-04-21,68,2017-04-21,68
2017-04-22,57,2017-04-22,57
2017-04-23,71,2017-04-23,71
2017-04-24,72,2017-04-24,72
2017-04-25,76,2017-04-25,76
2017-04-26,85,2017-04-26,85
2017-04-27,76,2017-04-27,76
2017-04-28,72,2017-04-28,72
2017-04-29,76,2017-04-29,76
2017-04-30,85,2017-04-30,85
2017-05-01,76,2017-05-01,76
2017-05-02,63,2017-05-02,63
2017-05-03,59,2017-05-03,59
2017-05-04,63,2017-05-04,63
2017-05-05,57,2017-05-05,57
2017-05-06,59,2017-05-06,59
2017-05-07,60,2017-05-07,60
2017-05-08,60,2017-05-08,60
2017-05-09,57,2017-05-09,57
2017-05-10,74,2017-05-10,74
2017-05-11,67,2017-05-11,67
2017-05-12,64,2017-05-12,64
2017-05-13,73,2017-05-13,73
2017-05-14,82,2017-05-14,82
2017-05-15,76,2017-05-15,76
2017-05-16,87,2017-05-16,87
2017-05-17,88,2017-05-17,88
2017-05-18,85,2017-05-18,85
2017-05-19,84,2017-05-19,84
2017-05-20,76,2017-05-20,76
2017-05-21,75,2017-05-21,75
2017-05-22,68,2017-05-22,68
2017-05-23,75,2017-05-23,75
2017-05-24,69,2017-05-24,69
2017-05-25,69,2017-05-25,69
2017-05-26,76,2017-05-26,76
2017-05-27,81,2017-05-27,81
2017-05-28,79,2017-05-28,79
2017-05-29,82,2017-05-29,82
2017-05-30,80,2017-05-30,80
2017-05-31,80,2017-05-31,80
2017-06-01,78,2017-06-01,78
2017-06-02,82,2017-06-02,82
2017-06-03,86,2017-06-03,86
2017-06-04,89,2017-06-04,89
2017-06-05,83,2017-06-05,83
2017-06-06,73,2017-06-06,73
2017-06-07,66,2017-06-07,66
2017-06-08,76,2017-06-08,76
2017-06-09,82,2017-06-09,82
2017-06-10,86,2017-06-10,86
2017-06-11,90,2017-06-11,90
2017-06-12,93,2017-06-12,93
2017-06-13,88,2017-06-13,88
2017-06-14,83,2017-06-14,83
2017-06-15,86,2017-06-15,86
2017-06-16,93,2017-06-16,93
2017-06-17,91,2017-06-17,91
2017-06-18,90,2017-06-18,90
2017-06-19,82,2017-06-19,82
2017-06-20,82,2017-06-20,82
2017-06-21,86,2017-06-21,86
2017-06-22,85,2017-06-22,85
2017-06-23,76,2017-06-23,76
2017-06-24,80,2017-06-24,80
2017-06-25,78,2017-06-25,78
2017-06-26,74,2017-06-26,74
2017-06-27,74,2017-06-27,74
2017-06-28,79,2017-06-28,79
2017-06-29,88,2017-06-29,88
2017-06-30,86,2017-06-30,86
2017-07-01,83,2017-07-01,83
2017-07-02,86,2017-07-02,86
2017-07-03,89,2017-07-03,89
2017-07-04,86,2017-07-04,86
2017-07-05,87,2017-07-05,87
2017-07-06,79,2017-07-06,79
2017-07-07,84,2017-07-07,84
2017-07-08,80,2017-07-08,80
2017-07-09,80,2017-07-09,80
2017-07-10,81,2017-07-10,81
2017-07-11,85,2017-07-11,85
2017-07-12,89,2017-07-12,89
2017-07-13,80,2017-07-13,80
2017-07-14,87,2017-07-14,87
2017-07-15,83,2017-07-15,83
2017-07-16,85,2017-07-16,85
2017-07-17,86,2017-07-17,86
2017-07-18,90,2017-07-18,90
2017-07-19,91,2017-07-19,91
2017-07-20,89,2017-07-20,89
2017-07-21,85,2017-07-21,85
2017-07-22,88,2017-07-22,88
2017-07-23,81,2017-07-23,81
2017-07-24,82,2017-07-24,82
2017-07-25,79,2017-07-25,79
2017-07-26,81,2017-07-26,81
2017-07-27,80,2017-07-27,80
2017-07-28,84,2017-07-28,84
2017-07-29,79,2017-07-29,79
2017-07-30,86,2017-07-30,86
2017-07-31,88,2017-07-31,88
2017-08-01,86,2017-08-01,86
2017-08-02,85,2017-08-02,85
2017-08-03,86,2017-08-03,86
2017-08-04,79,2017-08-04,79
2017-08-05,79,2017-08-05,79
2017-08-06,73,2017-08-06,73
2017-08-07,76,2017-08-07,76
2017-08-08,79,2017-08-08,79
2017-08-09,83,2017-08-09,83
2017-08-10,84,2017-08-10,84
2017-08-11,83,2017-08-11,83
2017-08-12,80,2017-08-12,80
2017-08-13,81,2017-08-13,81
2017-08-14,84,2017-08-14,84
2017-08-15,88,2017-08-15,88
2017-08-16,89,2017-08-16,89
2017-08-17,88,2017-08-17,88
2017-08-18,85,2017-08-18,85
2017-08-19,85,2017-08-19,85
2017-08-20,88,2017-08-20,88
2017-08-21,90,2017-08-21,90
2017-08-22,86,2017-08-22,86
2017-08-23,79,2017-08-23,79
2017-08-24,78,2017-08-24,78
2017-08-25,77,2017-08-25,77
2017-08-26,77,2017-08-26,77
2017-08-27,81,2017-08-27,81
2017-08-28,75,2017-08-28,75
2017-08-29,80,2017-08-29,80
2017-08-30,82,2017-08-30,82
2017-08-31,82,2017-08-31,82
2017-09-01,62,2017-09-01,62
2017-09-02,61,2017-09-02,61
2017-09-03,78,2017-09-03,78
2017-09-04,85,2017-09-04,85
2017-09-05,76,2017-09-05,76
2017-09-06,69,2017-09-06,69
2017-09-07,69,2017-09-07,69
2017-09-08,69,2017-09-08,69
2017-09-09,72,2017-09-09,72
2017-09-10,71,2017-09-10,71
2017-09-11,72,2017-09-11,72
2017-09-12,74,2017-09-12,74
2017-09-13,71,2017-09-13,71
2017-09-14,71,2017-09-14,71
2017-09-15,78,2017-09-15,78
2017-09-16,81,2017-09-16,81
2017-09-17,83,2017-09-17,83
2017-09-18,83,2017-09-18,83
2017-09-19,78,2017-09-19,78
2017-09-20,86,2017-09-20,86
2017-09-21,90,2017-09-21,90
2017-09-22,89,2017-09-22,89
2017-09-23,91,2017-09-23,91
2017-09-24,91,2017-09-24,91
2017-09-25,91,2017-09-25,91
2017-09-26,92,2017-09-26,92
2017-09-27,92,2017-09-27,92
2017-09-28,75,2017-09-28,75
2017-09-29,77,2017-09-29,77
2017-09-30,70,2017-09-30,70
2017-10-01,71,2017-10-01,71
2017-10-02,79,2017-10-02,79
2017-10-03,83,2017-10-03,83
2017-10-04,86,2017-10-04,86
2017-10-05,69,2017-10-05,69
2017-10-06,75,2017-10-06,75
2017-10-07,85,2017-10-07,85
2017-10-08,72,2017-10-08,72
2017-10-09,74,2017-10-09,74
2017-10-10,78,2017-10-10,78
2017-10-11,80,2017-10-11,80
2017-10-12,65,2017-10-12,65
2017-10-13,74,2017-10-13,74
2017-10-14,80,2017-10-14,80
2017-10-15,79,2017-10-15,79
2017-10-16,61,2017-10-16,61
2017-10-17,66,2017-10-17,66
2017-10-18,69,2017-10-18,69
2017-10-19,74,2017-10-19,74
2017-10-20,75,2017-10-20,75
2017-10-21,75,2017-10-21,75
2017-10-22,78,2017-10-22,78
2017-10-23,66,2017-10-23,66
2017-10-24,56,2017-10-24,56
2017-10-25,50,2017-10-25,50
2017-10-26,55,2017-10-26,55
2017-10-27,71,2017-10-27,71
2017-10-28,43,2017-10-28,43
2017-10-29,44,2017-10-29,44
2017-10-30,45,2017-10-30,45
2017-10-31,44,2017-10-31,44
2017-11-01,54,2017-11-01,54
2017-11-02,68,2017-11-02,68
2017-11-03,64,2017-11-03,64
2017-11-04,61,2017-11-04,61
2017-11-05,73,2017-11-05,73
2017-11-06,61,2017-11-06,61
2017-11-07,48,2017-11-07,48
2017-11-08,52,2017-11-08,52
2017-11-09,54,2017-11-09,54
2017-11-10,35,2017-11-10,35
2017-11-11,38,2017-11-11,38
2017-11-12,52,2017-11-12,52
2017-11-13,44,2017-11-13,44
2017-11-14,48,2017-11-14,48
2017-11-15,49,2017-11-15,49
2017-11-16,49,2017-11-16,49
2017-11-17,49,2017-11-17,49
2017-11-18,64,2017-11-18,64
2017-11-19,41,2017-11-19,41
2017-11-20,46,2017-11-20,46
2017-11-21,56,2017-11-21,56
2017-11-22,39,2017-11-22,39
2017-11-23,40,2017-11-23,40
2017-11-24,54,2017-11-24,54
2017-11-25,57,2017-11-25,57
2017-11-26,46,2017-11-26,46
2017-11-27,59,2017-11-27,59
2017-11-28,63,2017-11-28,63
2017-11-29,57,2017-11-29,57
2017-11-30,53,2017-11-30,53
2017-12-01,51,2017-12-01,51
2017-12-02,50,2017-12-02,50
2017-12-03,56,2017-12-03,56
2017-12-04,60,2017-12-04,60
2017-12-05,56,2017-12-05,56
2017-12-06,45,2017-12-06,45
2017-12-07,35,2017-12-07,35
2017-12-08,30,2017-12-08,30
2017-12-09,31,2017-12-09,31
2017-12-10,33,2017-12-10,33
2017-12-11,39,2017-12-11,39
2017-12-12,40,2017-12-12,40
2017-12-13,38,2017-12-13,38
2017-12-14,35,2017-12-14,35
2017-12-15,31,2017-12-15,31
2017-12-16,48,2017-12-16,48
2017-12-17,42,2017-12-17,42
2017-12-18,47,2017-12-18,47
2017-12-19,51,2017-12-19,51
2017-12-20,45,2017-12-20,45
2017-12-21,48,2017-12-21,48
2017-12-22,55,2017-12-22,55
2017-12-23,53,2017-12-23,53
2017-12-24,36,2017-12-24,36
2017-12-25,26,2017-12-25,26
2017-12-26,21,2017-12-26,21
2017-12-27,17,2017-12-27,17
2017-12-28,19,2017-12-28,19
2017-12-29,22,2017-12-29,22
2017-12-30,19,2017-12-30,19
2017-12-31,19,2017-12-31,19
2018-01-01,11,2018-01-01,11
2018-01-02,10,2018-01-02,10
2018-01-03,22,2018-01-03,22
2018-01-04,17,2018-01-04,17
2018-01-05,13,2018-01-05,13
2018-01-06,17,2018-01-06,17
2018-01-07,32,2018-01-07,32
2018-01-08,36,2018-01-08,36
2018-01-09,38,2018-01-09,38
2018-01-10,57,2018-01-10,57
2018-01-11,60,2018-01-11,60
2018-01-12,59,2018-01-12,59
2018-01-13,20,2018-01-13,20
2018-01-14,18,2018-01-14,18
2018-01-15,28,2018-01-15,28
2018-01-16,27,2018-01-16,27
2018-01-17,14,2018-01-17,14
2018-01-18,28,2018-01-18,28
2018-01-19,38,2018-01-19,38
2018-01-20,44,2018-01-20,44
2018-01-21,50,2018-01-21,50
2018-01-22,60,2018-01-22,60
2018-01-23,50,2018-01-23,50
2018-01-24,33,2018-01-24,33
2018-01-25,39,2018-01-25,39
2018-01-26,56,2018-01-26,56
2018-01-27,50,2018-01-27,50
2018-01-28,51,2018-01-28,51
2018-01-29,41,2018-01-29,41
2018-01-30,29,2018-01-30,29
2018-01-31,48,2018-01-31,48
2018-02-01,46,2018-02-01,46
2018-02-02,22,2018-02-02,22
2018-02-03,38,2018-02-03,38
2018-02-04,41,2018-02-04,41
2018-02-05,23,2018-02-05,23
2018-02-06,29,2018-02-06,29
2018-02-07,29,2018-02-07,29
2018-02-08,25,2018-02-08,25
2018-02-09,41,2018-02-09,41
2018-02-10,42,2018-02-10,42
2018-02-11,40,2018-02-11,40
2018-02-12,36,2018-02-12,36
2018-02-13,40,2018-02-13,40
2018-02-14,57,2018-02-14,57
2018-02-15,66,2018-02-15,66
2018-02-16,58,2018-02-16,58
2018-02-17,35,2018-02-17,35
2018-02-18,44,2018-02-18,44
2018-02-19,69,2018-02-19,69
2018-02-20,77,2018-02-20,77
2018-02-21,68,2018-02-21,68
2018-02-22,48,2018-02-22,48
2018-02-23,63,2018-02-23,63
2018-02-24,52,2018-02-24,52
2018-02-25,60,2018-02-25,60
2018-02-26,54,2018-02-26,54
2018-02-27,59,2018-02-27,59
2018-02-28,63,2018-02-28,63
2018-03-01,58,2018-03-01,58
2018-03-02,42,2018-03-02,42
2018-03-03,45,2018-03-03,45
2018-03-04,48,2018-03-04,48
2018-03-05,45,2018-03-05,45
2018-03-06,57,2018-03-06,57
2018-03-07,40,2018-03-07,40
2018-03-08,33,2018-03-08,33
2018-03-09,39,2018-03-09,39
2018-03-10,45,2018-03-10,45
2018-03-11,45,2018-03-11,45
2018-03-12,44,2018-03-12,44
2018-03-13,40,2018-03-13,40
2018-03-14,38,2018-03-14,38
2018-03-15,50,2018-03-15,50
2018-03-16,43,2018-03-16,43
2018-03-17,46,2018-03-17,46
2018-03-18,56,2018-03-18,56
2018-03-19,61,2018-03-19,61
2018-03-20,42,2018-03-20,42
2018-03-21,36,2018-03-21,36
2018-03-22,45,2018-03-22,45
2018-03-23,47,2018-03-23,47
2018-03-24,43,2018-03-24,43
2018-03-25,46,2018-03-25,46
2018-03-26,58,2018-03-26,58
2018-03-27,54,2018-03-27,54
2018-03-28,57,2018-03-28,57
2018-03-29,61,2018-03-29,61
2018-03-30,50,2018-03-30,50
2018-03-31,57,2018-03-31,57
2018-04-01,51,2018-04-01,51
2018-04-02,45,2018-04-02,45
2018-04-03,62,2018-04-03,62
2018-04-04,62,2018-04-04,62
2018-04-05,48,2018-04-05,48
2018-04-06,58,2018-04-06,58
2018-04-07,42,2018-04-07,42
2018-04-08,43,2018-04-08,43
2018-04-09,38,2018-04-09,38
2018-04-10,45,2018-04-10,45
2018-04-11,62,2018-04-11,62
2018-04-12,79,2018-04-12,79
2018-04-13,82,2018-04-13,82
2018-04-14,75,2018-04-14,75
2018-04-15,61,2018-04-15,61
2018-04-16,46,2018-04-16,46
2018-04-17,37,2018-04-17,37
2018-04-18,57,2018-04-18,57
2018-04-19,52,2018-04-19,52
2018-04-20,58,2018-04-20,58
2018-04-21,60,2018-04-21,60
2018-04-22,69,2018-04-22,69
2018-04-23,70,2018-04-23,70
2018-04-24,56,2018-04-24,56
2018-04-25,62,2018-04-25,62
2018-04-26,67,2018-04-26,67
2018-04-27,71,2018-04-27,71
2018-04-28,53,2018-04-28,53
2018-04-29,58,2018-04-29,58
2018-04-30,70,2018-04-30,70
2018-05-01,81,2018-05-01,81
2018-05-02,85,2018-05-02,85
2018-05-03,81,2018-05-03,81
2018-05-04,83,2018-05-04,83
2018-05-05,69,2018-05-05,69
2018-05-06,78,2018-05-06,78
2018-05-07,74,2018-05-07,74
2018-05-08,80,2018-05-08,80
2018-05-09,84,2018-05-09,84
2018-05-10,80,2018-05-10,80
2018-05-11,80,2018-05-11,80
2018-05-12,87,2018-05-12,87
2018-05-13,87,2018-05-13,87
2018-05-14,87,2018-05-14,87
2018-05-15,88,2018-05-15,88
2018-05-16,78,2018-05-16,78
2018-05-17,82,2018-05-17,82
2018-05-18,75,2018-05-18,75
2018-05-19,81,2018-05-19,81
2018-05-20,79,2018-05-20,79
2018-05-21,83,2018-05-21,83
2018-05-22,83,2018-05-22,83
2018-05-23,77,2018-05-23,77
2018-05-24,83,2018-05-24,83
2018-05-25,87,2018-05-25,87
2018-05-26,86,2018-05-26,86
2018-05-27,89,2018-05-27,89
2018-05-28,91,2018-05-28,91
2018-05-29,90,2018-05-29,90
2018-05-30,86,2018-05-30,86
2018-05-31,87,2018-05-31,87
2018-06-01,82,2018-06-01,82
2018-06-02,83,2018-06-02,83
2018-06-03,84,2018-06-03,84
2018-06-04,76,2018-06-04,76
2018-06-05,68,2018-06-05,68
2018-06-06,69,2018-06-06,69
2018-06-07,81,2018-06-07,81
2018-06-08,85,2018-06-08,85
2018-06-09,87,2018-06-09,87
2018-06-10,82,2018-06-10,82
2018-06-11,74,2018-06-11,74
2018-06-12,80,2018-06-12,80
2018-06-13,86,2018-06-13,86
2018-06-14,83,2018-06-14,83
2018-06-15,86,2018-06-15,86
2018-06-16,89,2018-06-16,89
2018-06-17,92,2018-06-17,92
2018-06-18,93,2018-06-18,93
2018-06-19,88,2018-06-19,88
2018-06-20,87,2018-06-20,87
2018-06-21,74,2018-06-21,74
2018-06-22,85,2018-06-22,85
2018-06-23,80,2018-06-23,80
2018-06-24,84,2018-06-24,84
2018-06-25,79,2018-06-25,79
2018-06-26,83,2018-06-26,83
2018-06-27,83,2018-06-27,83
2018-06-28,87,2018-06-28,87
2018-06-29,89,2018-06-29,89
2018-06-30,92,2018-06-30,92
2018-07-01,94,2018-07-01,94
2018-07-02,91,2018-07-02,91
2018-07-03,92,2018-07-03,92
2018-07-04,93,2018-07-04,93
2018-07-05,94,2018-07-05,94
2018-07-06,81,2018-07-06,81
2018-07-07,81,2018-07-07,81
2018-07-08,87,2018-07-08,87
2018-07-09,90,2018-07-09,90
2018-07-10,91,2018-07-10,91
2018-07-11,84,2018-07-11,84
2018-07-12,85,2018-07-12,85
2018-07-13,90,2018-07-13,90
2018-07-14,93,2018-07-14,93
2018-07-15,87,2018-07-15,87
2018-07-16,88,2018-07-16,88
2018-07-17,87,2018-07-17,87
2018-07-18,83,2018-07-18,83
2018-07-19,85,2018-07-19,85
2018-07-20,78,2018-07-20,78
2018-07-21,78,2018-07-21,78
2018-07-22,82,2018-07-22,82
2018-07-23,83,2018-07-23,83
2018-07-24,82,2018-07-24,82
2018-07-25,87,2018-07-25,87
2018-07-26,86,2018-07-26,86
2018-07-27,81,2018-07-27,81
2018-07-28,80,2018-07-28,80
2018-07-29,81,2018-07-29,81
2018-07-30,82,2018-07-30,82
2018-07-31,76,2018-07-31,76
2018-08-01,75,2018-08-01,75
2018-08-02,82,2018-08-02,82
2018-08-03,85,2018-08-03,85
2018-08-04,90,2018-08-04,90
2018-08-05,90,2018-08-05,90
2018-08-06,90,2018-08-06,90
2018-08-07,87,2018-08-07,87
2018-08-08,84,2018-08-08,84
2018-08-09,85,2018-08-09,85
2018-08-10,82,2018-08-10,82
2018-08-11,80,2018-08-11,80
2018-08-12,84,2018-08-12,84
2018-08-13,84,2018-08-13,84
2018-08-14,85,2018-08-14,85
2018-08-15,85,2018-08-15,85
2018-08-16,78,2018-08-16,78
2018-08-17,81,2018-08-17,81
2018-08-18,84,2018-08-18,84
2018-08-19,83,2018-08-19,83
2018-08-20,85,2018-08-20,85
2018-08-21,83,2018-08-21,83
2018-08-22,76,2018-08-22,76
2018-08-23,80,2018-08-23,80
2018-08-24,81,2018-08-24,81
2018-08-25,78,2018-08-25,78
2018-08-26,89,2018-08-26,89
2018-08-27,91,2018-08-27,91
2018-08-28,91,2018-08-28,91
2018-08-29,91,2018-08-29,91
2018-08-30,84,2018-08-30,84
2018-08-31,88,2018-08-31,88
2018-09-01,85,2018-09-01,85
2018-09-02,90,2018-09-02,90
2018-09-03,93,2018-09-03,93
2018-09-04,93,2018-09-04,93
2018-09-05,92,2018-09-05,92
2018-09-06,85,2018-09-06,85
2018-09-07,83,2018-09-07,83
2018-09-08,70,2018-09-08,70
2018-09-09,63,2018-09-09,63
2018-09-10,66,2018-09-10,66
2018-09-11,69,2018-09-11,69
2018-09-12,76,2018-09-12,76
2018-09-13,87,2018-09-13,87
2018-09-14,89,2018-09-14,89
2018-09-15,89,2018-09-15,89
2018-09-16,87,2018-09-16,87
2018-09-17,76,2018-09-17,76
2018-09-18,89,2018-09-18,89
2018-09-19,87,2018-09-19,87
2018-09-20,91,2018-09-20,91
2018-09-21,89,2018-09-21,89
2018-09-22,68,2018-09-22,68
2018-09-23,71,2018-09-23,71
2018-09-24,70,2018-09-24,70
2018-09-25,77,2018-09-25,77
2018-09-26,73,2018-09-26,73
2018-09-27,65,2018-09-27,65
2018-09-28,74,2018-09-28,74
2018-09-29,70,2018-09-29,70
2018-09-30,80,2018-09-30,80
2018-10-01,85,2018-10-01,85
2018-10-02,82,2018-10-02,82
2018-10-03,84,2018-10-03,84
2018-10-04,79,2018-10-04,79
2018-10-05,74,2018-10-05,74
2018-10-06,88,2018-10-06,88
2018-10-07,87,2018-10-07,87
2018-10-08,88,2018-10-08,88
2018-10-09,86,2018-10-09,86
2018-10-10,82,2018-10-10,82
2018-10-11,71,2018-10-11,71
2018-10-12,55,2018-10-12,55
2018-10-13,53,2018-10-13,53
2018-10-14,59,2018-10-14,59
2018-10-15,60,2018-10-15,60
2018-10-16,56,2018-10-16,56
2018-10-17,60,2018-10-17,60
2018-10-18,54,2018-10-18,54
2018-10-19,59,2018-10-19,59
2018-10-20,62,2018-10-20,62
2018-10-21,49,2018-10-21,49
2018-10-22,64,2018-10-22,64
2018-10-23,60,2018-10-23,60
2018-10-24,54,2018-10-24,54
2018-10-25,50,2018-10-25,50
2018-10-26,50,2018-10-26,50
2018-10-27,50,2018-10-27,50
2018-10-28,56,2018-10-28,56
2018-10-29,55,2018-10-29,55
2018-10-30,63,2018-10-30,63
2018-10-31,63,2018-10-31,63
2018-11-01,61,2018-11-01,61
2018-11-02,52,2018-11-02,52
2018-11-03,53,2018-11-03,53
2018-11-04,60,2018-11-04,60
2018-11-05,60,2018-11-05,60
2018-11-06,60,2018-11-06,60
2018-11-07,52,2018-11-07,52
2018-11-08,46,2018-11-08,46
2018-11-09,42,2018-11-09,42
2018-11-10,35,2018-11-10,35
2018-11-11,42,2018-11-11,42
2018-11-12,42,2018-11-12,42
2018-11-13,39,2018-11-13,39
2018-11-14,33,2018-11-14,33
2018-11-15,36,2018-11-15,36
2018-11-16,38,2018-11-16,38
2018-11-17,44,2018-11-17,44
2018-11-18,52,2018-11-18,52
2018-11-19,42,2018-11-19,42
2018-11-20,38,2018-11-20,38
2018-11-21,37,2018-11-21,37
2018-11-22,38,2018-11-22,38
2018-11-23,52,2018-11-23,52
2018-11-24,52,2018-11-24,52
2018-11-25,55,2018-11-25,55
2018-11-26,51,2018-11-26,51
2018-11-27,32,2018-11-27,32
2018-11-28,30,2018-11-28,30
2018-11-29,35,2018-11-29,35
2018-11-30,48,2018-11-30,48
2018-12-01,54,2018-12-01,54
2018-12-02,66,2018-12-02,66
2018-12-03,44,2018-12-03,44
2018-12-04,37,2018-12-04,37
2018-12-05,33,2018-12-05,33
2018-12-06,38,2018-12-06,38
2018-12-07,34,2018-12-07,34
2018-12-08,28,2018-12-08,28
2018-12-09,36,2018-12-09,36
2018-12-10,29,2018-12-10,29
2018-12-11,41,2018-12-11,41
2018-12-12,45,2018-12-12,45
2018-12-13,49,2018-12-13,49
2018-12-14,57,2018-12-14,57
2018-12-15,51,2018-12-15,51
2018-12-16,46,2018-12-16,46
2018-12-17,44,2018-12-17,44
2018-12-18,42,2018-12-18,42
2018-12-19,50,2018-12-19,50
2018-12-20,51,2018-12-20,51
2018-12-21,43,2018-12-21,43
2018-12-22,37,2018-12-22,37
2018-12-23,39,2018-12-23,39
2018-12-24,40,2018-12-24,40
2018-12-25,39,2018-12-25,39
2018-12-26,47,2018-12-26,47
2018-12-27,51,2018-12-27,51
2018-12-28,58,2018-12-28,58
2018-12-29,36,2018-12-29,36
2018-12-30,40,2018-12-30,40
2018-12-31,61,2018-12-31,61
2019-01-01,58,2019-01-01,58
2019-01-02,42,2019-01-02,42
2019-01-03,39,2019-01-03,39
2019-01-04,51,2019-01-04,51
2019-01-05,51,2019-01-05,51
2019-01-06,48,2019-01-06,48
2019-01-07,58,2019-01-07,58
2019-01-08,62,2019-01-08,62
2019-01-09,42,2019-01-09,42
2019-01-10,27,2019-01-10,27
2019-01-11,31,2019-01-11,31
2019-01-12,30,2019-01-12,30
2019-01-13,32,2019-01-13,32
2019-01-14,30,2019-01-14,30
2019-01-15,31,2019-01-15,31
2019-01-16,34,2019-01-16,34
2019-01-17,35,2019-01-17,35
2019-01-18,36,2019-01-18,36
2019-01-19,35,2019-01-19,35
2019-01-20,26,2019-01-20,26
2019-01-21,14,2019-01-21,14
2019-01-22,41,2019-01-22,41
2019-01-23,50,2019-01-23,50
2019-01-24,36,2019-01-24,36
2019-01-25,26,2019-01-25,26
2019-01-26,32,2019-01-26,32
2019-01-27,35,2019-01-27,35
2019-01-28,46,2019-01-28,46
2019-01-29,31,2019-01-29,31
2019-01-30,14,2019-01-30,14
2019-01-31,11,2019-01-31,11
2019-02-01,22,2019-02-01,22
2019-02-02,34,2019-02-02,34
2019-02-03,57,2019-02-03,57
2019-02-04,61,2019-02-04,61
2019-02-05,53,2019-02-05,53
2019-02-06,58,2019-02-06,58
2019-02-07,62,2019-02-07,62
2019-02-08,42,2019-02-08,42
2019-02-09,28,2019-02-09,28
2019-02-10,32,2019-02-10,32
2019-02-11,38,2019-02-11,38
2019-02-12,58,2019-02-12,58
2019-02-13,35,2019-02-13,35
2019-02-14,51,2019-02-14,51
2019-02-15,50,2019-02-15,50
2019-02-16,31,2019-02-16,31
2019-02-17,32,2019-02-17,32
2019-02-18,31,2019-02-18,31
2019-02-19,32,2019-02-19,32
2019-02-20,47,2019-02-20,47
2019-02-21,44,2019-02-21,44
2019-02-22,41,2019-02-22,41
2019-02-23,54,2019-02-23,54
2019-02-24,56,2019-02-24,56
2019-02-25,36,2019-02-25,36
2019-02-26,40,2019-02-26,40
2019-02-27,52,2019-02-27,52
2019-02-28,37,2019-02-28,37
2019-03-01,42,2019-03-01,42
2019-03-02,41,2019-03-02,41
2019-03-03,34,2019-03-03,34
2019-03-04,26,2019-03-04,26
2019-03-05,20,2019-03-05,20
2019-03-06,24,2019-03-06,24
2019-03-07,34,2019-03-07,34
2019-03-08,41,2019-03-08,41
2019-03-09,53,2019-03-09,53
2019-03-10,58,2019-03-10,58
2019-03-11,47,2019-03-11,47
2019-03-12,48,2019-03-12,48
2019-03-13,65,2019-03-13,65
2019-03-14,75,2019-03-14,75
2019-03-15,51,2019-03-15,51
2019-03-16,42,2019-03-16,42
2019-03-17,42,2019-03-17,42
2019-03-18,44,2019-03-18,44
2019-03-19,49,2019-03-19,49
2019-03-20,55,2019-03-20,55
2019-03-21,50,2019-03-21,50
2019-03-22,45,2019-03-22,45
2019-03-23,53,2019-03-23,53
2019-03-24,60,2019-03-24,60
2019-03-25,48,2019-03-25,48
2019-03-26,49,2019-03-26,49
2019-03-27,56,2019-03-27,56
2019-03-28,66,2019-03-28,66
2019-03-29,60,2019-03-29,60
2019-03-30,59,2019-03-30,59
2019-03-31,36,2019-03-31,36
2019-04-01,43,2019-04-01,43
2019-04-02,54,2019-04-02,54
2019-04-03,60,2019-04-03,60
2019-04-04,59,2019-04-04,59
2019-04-05,61,2019-04-05,61
2019-04-06,70,2019-04-06,70
2019-04-07,71,2019-04-07,71
2019-04-08,71,2019-04-08,71
2019-04-09,69,2019-04-09,69
2019-04-10,62,2019-04-10,62
2019-04-11,82,2019-04-11,82
2019-04-12,73,2019-04-12,73
2019-04-13,68,2019-04-13,68
2019-04-14,78,2019-04-14,78
2019-04-15,54,2019-04-15,54
2019-04-16,73,2019-04-16,73
2019-04-17,73,2019-04-17,73
2019-04-18,79,2019-04-18,79
2019-04-19,64,2019-04-19,64
2019-04-20,56,2019-04-20,56
2019-04-21,57,2019-04-21,57
2019-04-22,72,2019-04-22,72
2019-04-23,75,2019-04-23,75
2019-04-24,62,2019-04-24,62
2019-04-25,66,2019-04-25,66
2019-04-26,61,2019-04-26,61
2019-04-27,59,2019-04-27,59
2019-04-28,56,2019-04-28,56
2019-04-29,74,2019-04-29,74
2019-04-30,60,2019-04-30,60
2019-05-01,83,2019-05-01,83
2019-05-02,77,2019-05-02,77
2019-05-03,69,2019-05-03,69
2019-05-04,56,2019-05-04,56
2019-05-05,66,2019-05-05,66
2019-05-06,75,2019-05-06,75
2019-05-07,79,2019-05-07,79
2019-05-08,80,2019-05-08,80
2019-05-09,80,2019-05-09,80
2019-05-10,64,2019-05-10,64
2019-05-11,68,2019-05-11,68
2019-05-12,57,2019-05-12,57
2019-05-13,56,2019-05-13,56
2019-05-14,66,2019-05-14,66
2019-05-15,72,2019-05-15,72
2019-05-16,76,2019-05-16,76
2019-05-17,80,2019-05-17,80
2019-05-18,86,2019-05-18,86
2019-05-19,84,2019-05-19,84
2019-05-20,69,2019-05-20,69
2019-05-21,65,2019-05-21,65
2019-05-22,85,2019-05-22,85
2019-05-23,83,2019-05-23,83
2019-05-24,80,2019-05-24,80
2019-05-25,90,2019-05-25,90
2019-05-26,85,2019-05-26,85
2019-05-27,81,2019-05-27,81
2019-05-28,87,2019-05-28,87
2019-05-29,82,2019-05-29,82
2019-05-30,74,2019-05-30,74
2019-05-31,80,2019-05-31,80
2019-06-01,82,2019-06-01,82
2019-06-02,74,2019-06-02,74
2019-06-03,70,2019-06-03,70
2019-06-04,79,2019-06-04,79
2019-06-05,82,2019-06-05,82
2019-06-06,83,2019-06-06,83
2019-06-07,77,2019-06-07,77
2019-06-08,78,2019-06-08,78
2019-06-09,83,2019-06-09,83
2019-06-10,77,2019-06-10,77
2019-06-11,78,2019-06-11,78
2019-06-12,77,2019-06-12,77
2019-06-13,65,2019-06-13,65
2019-06-14,75,2019-06-14,75
2019-06-15,77,2019-06-15,77
2019-06-16,81,2019-06-16,81
2019-06-17,78,2019-06-17,78
2019-06-18,79,2019-06-18,79
2019-06-19,83,2019-06-19,83
2019-06-20,76,2019-06-20,76
2019-06-21,77,2019-06-21,77
2019-06-22,81,2019-06-22,81
2019-06-23,82,2019-06-23,82
2019-06-24,83,2019-06-24,83
2019-06-25,84,2019-06-25,84
2019-06-26,89,2019-06-26,89
2019-06-27,88,2019-06-27,88
2019-06-28,91,2019-06-28,91
2019-06-29,92,2019-06-29,92
2019-06-30,90,2019-06-30,90
2019-07-01,89,2019-07-01,89
2019-07-02,94,2019-07-02,94
2019-07-03,85,2019-07-03,85
2019-07-04,86,2019-07-04,86
2019-07-05,91,2019-07-05,91
2019-07-06,91,2019-07-06,91
2019-07-07,88,2019-07-07,88
2019-07-08,86,2019-07-08,86
2019-07-09,89,2019-07-09,89
2019-07-10,91,2019-07-10,91
2019-07-11,90,2019-07-11,90
2019-07-12,85,2019-07-12,85
2019-07-13,90,2019-07-13,90
2019-07-14,91,2019-07-14,91
2019-07-15,93,2019-07-15,93
2019-07-16,90,2019-07-16,90
2019-07-17,86,2019-07-17,86
2019-07-18,92,2019-07-18,92
2019-07-19,92,2019-07-19,92
2019-07-20,94,2019-07-20,94
2019-07-21,94,2019-07-21,94
2019-07-22,77,2019-07-22,77
2019-07-23,80,2019-07-23,80
2019-07-24,80,2019-07-24,80
2019-07-25,82,2019-07-25,82
2019-07-26,85,2019-07-26,85
2019-07-27,87,2019-07-27,87
2019-07-28,89,2019-07-28,89
2019-07-29,91,2019-07-29,91
2019-07-30,86,2019-07-30,86
2019-07-31,87,2019-07-31,87
2019-08-01,86,2019-08-01,86
2019-08-02,88,2019-08-02,88
2019-08-03,87,2019-08-03,87
2019-08-04,90,2019-08-04,90
2019-08-05,89,2019-08-05,89
2019-08-06,87,2019-08-06,87
2019-08-07,85,2019-08-07,85
2019-08-08,89,2019-08-08,89
2019-08-09,84,2019-08-09,84
2019-08-10,84,2019-08-10,84
2019-08-11,85,2019-08-11,85
2019-08-12,87,2019-08-12,87
2019-08-13,85,2019-08-13,85
2019-08-14,86,2019-08-14,86
2019-08-15,88,2019-08-15,88
2019-08-16,85,2019-08-16,85
2019-08-17,90,2019-08-17,90
2019-08-18,94,2019-08-18,94
2019-08-19,89,2019-08-19,89
2019-08-20,92,2019-08-20,92
2019-08-21,86,2019-08-21,86
2019-08-22,81,2019-08-22,81
2019-08-23,76,2019-08-23,76
2019-08-24,79,2019-08-24,79
2019-08-25,81,2019-08-25,81
2019-08-26,69,2019-08-26,69
2019-08-27,77,2019-08-27,77
2019-08-28,80,2019-08-28,80
2019-08-29,81,2019-08-29,81
2019-08-30,87,2019-08-30,87
2019-08-31,78,2019-08-31,78
2019-09-01,79,2019-09-01,79
2019-09-02,81,2019-09-02,81
2019-09-03,83,2019-09-03,83
2019-09-04,82,2019-09-04,82
2019-09-05,77,2019-09-05,77
2019-09-06,79,2019-09-06,79
2019-09-07,79,2019-09-07,79
2019-09-08,77,2019-09-08,77
2019-09-09,83,2019-09-09,83
2019-09-10,90,2019-09-10,90
2019-09-11,93,2019-09-11,93
2019-09-12,93,2019-09-12,93
2019-09-13,93,2019-09-13,93
2019-09-14,80,2019-09-14,80
2019-09-15,86,2019-09-15,86
2019-09-16,88,2019-09-16,88
2019-09-17,82,2019-09-17,82
2019-09-18,84,2019-09-18,84
2019-09-19,84,2019-09-19,84
2019-09-20,89,2019-09-20,89
2019-09-21,85,2019-09-21,85
2019-09-22,89,2019-09-22,89
2019-09-23,85,2019-09-23,85
2019-09-24,79,2019-09-24,79
2019-09-25,83,2019-09-25,83
2019-09-26,80,2019-09-26,80
2019-09-27,88,2019-09-27,88
2019-09-28,91,2019-09-28,91
2019-09-29,82,2019-09-29,82
2019-09-30,92,2019-09-30,92
2019-10-01,94,2019-10-01,94
2019-10-02,94,2019-10-02,94
2019-10-03,93,2019-10-03,93
2019-10-04,69,2019-10-04,69
2019-10-05,76,2019-10-05,76
2019-10-06,76,2019-10-06,76
2019-10-07,63,2019-10-07,63
2019-10-08,71,2019-10-08,71
2019-10-09,74,2019-10-09,74
2019-10-10,79,2019-10-10,79
2019-10-11,77,2019-10-11,77
2019-10-12,55,2019-10-12,55
2019-10-13,69,2019-10-13,69
2019-10-14,65,2019-10-14,65
2019-10-15,74,2019-10-15,74
2019-10-16,65,2019-10-16,65
2019-10-17,58,2019-10-17,58
2019-10-18,61,2019-10-18,61
2019-10-19,67,2019-10-19,67
2019-10-20,76,2019-10-20,76
2019-10-21,74,2019-10-21,74
2019-10-22,64,2019-10-22,64
2019-10-23,63,2019-10-23,63
2019-10-24,70,2019-10-24,70
2019-10-25,61,2019-10-25,61
2019-10-26,63,2019-10-26,63
2019-10-27,62,2019-10-27,62
2019-10-28,69,2019-10-28,69
2019-10-29,59,2019-10-29,59
2019-10-30,59,2019-10-30,59
2019-10-31,64,2019-10-31,64
2019-11-01,45,2019-11-01,45
2019-11-02,50,2019-11-02,50
2019-11-03,52,2019-11-03,52
2019-11-04,57,2019-11-04,57
2019-11-05,53,2019-11-05,53
2019-11-06,51,2019-11-06,51
2019-11-07,48,2019-11-07,48
2019-11-08,38,2019-11-08,38
2019-11-09,39,2019-11-09,39
2019-11-10,58,2019-11-10,58
2019-11-11,57,2019-11-11,57
2019-11-12,28,2019-11-12,28
2019-11-13,28,2019-11-13,28
2019-11-14,39,2019-11-14,39
2019-11-15,41,2019-11-15,41
2019-11-16,45,2019-11-16,45
2019-11-17,50,2019-11-17,50
2019-11-18,51,2019-11-18,51
2019-11-19,47,2019-11-19,47
2019-11-20,52,2019-11-20,52
2019-11-21,55,2019-11-21,55
2019-11-22,53,2019-11-22,53
2019-11-23,43,2019-11-23,43
2019-11-24,44,2019-11-24,44
2019-11-25,56,2019-11-25,56
2019-11-26,57,2019-11-26,57
2019-11-27,59,2019-11-27,59
2019-11-28,39,2019-11-28,39
2019-11-29,41,2019-11-29,41
2019-11-30,42,2019-11-30,42
2019-12-01,56,2019-12-01,56
2019-12-02,37,2019-12-02,37
2019-12-03,33,2019-12-03,33
2019-12-04,46,2019-12-04,46
2019-12-05,45,2019-12-05,45
2019-12-06,50,2019-12-06,50
2019-12-07,41,2019-12-07,41
2019-12-08,52,2019-12-08,52
2019-12-09,56,2019-12-09,56
2019-12-10,54,2019-12-10,54
2019-12-11,31,2019-12-11,31
2019-12-12,41,2019-12-12,41
2019-12-13,46,2019-12-13,46
2019-12-14,43,2019-12-14,43
2019-12-15,39,2019-12-15,39
2019-12-16,34,2019-12-16,34
2019-12-17,33,2019-12-17,33
2019-12-18,29,2019-12-18,29
2019-12-19,32,2019-12-19,32
2019-12-20,41,2019-12-20,41
2019-12-21,48,2019-12-21,48
2019-12-22,50,2019-12-22,50
2019-12-23,57,2019-12-23,57
2019-12-24,50,2019-12-24,50
2019-12-25,56,2019-12-25,56
2019-12-26,61,2019-12-26,61
2019-12-27,62,2019-12-27,62
2019-12-28,48,2019-12-28,48
2019-12-29,58,2019-12-29,58
2019-12-30,57,2019-12-30,57
2019-12-31,37,2019-12-31,37
2020-01-01,44,2020-01-01,44
2020-01-02,49,2020-01-02,49
2020-01-03,52,2020-01-03,52
2020-01-04,46,2020-01-04,46
2020-01-05,41,2020-01-05,41
2020-01-06,44,2020-01-06,44
2020-01-07,46,2020-01-07,46
2020-01-08,38,2020-01-08,38
2020-01-09,54,2020-01-09,54
2020-01-10,58,2020-01-10,58
2020-01-11,71,2020-01-11,71
2020-01-12,57,2020-01-12,57
2020-01-13,47,2020-01-13,47
2020-01-14,51,2020-01-14,51
2020-01-15,51,2020-01-15,51
2020-01-16,45,2020-01-16,45
2020-01-17,31,2020-01-17,31
2020-01-18,49,2020-01-18,49
2020-01-19,30,2020-01-19,30
2020-01-20,28,2020-01-20,28
2020-01-21,30,2020-01-21,30
2020-01-22,36,2020-01-22,36
2020-01-23,43,2020-01-23,43
2020-01-24,48,2020-01-24,48
2020-01-25,41,2020-01-25,41
2020-01-26,35,2020-01-26,35
2020-01-27,36,2020-01-27,36
2020-01-28,36,2020-01-28,36
2020-01-29,34,2020-01-29,34
2020-01-30,35,2020-01-30,35
2020-01-31,37,2020-01-31,37
2020-02-01,38,2020-02-01,38
2020-02-02,61,2020-02-02,61
2020-02-03,63,2020-02-03,63
2020-02-04,57,2020-02-04,57
2020-02-05,38,2020-02-05,38
2020-02-06,35,2020-02-06,35
2020-02-07,32,2020-02-07,32
2020-02-08,33,2020-02-08,33
2020-02-09,41,2020-02-09,41
2020-02-10,46,2020-02-10,46
2020-02-11,39,2020-02-11,39
2020-02-12,37,2020-02-12,37
2020-02-13,36,2020-02-13,36
2020-02-14,24,2020-02-14,24
2020-02-15,37,2020-02-15,37
2020-02-16,44,2020-02-16,44
2020-02-17,48,2020-02-17,48
2020-02-18,53,2020-02-18,53
2020-02-19,41,2020-02-19,41
2020-02-20,31,2020-02-20,31
2020-02-21,35,2020-02-21,35
2020-02-22,47,2020-02-22,47
2020-02-23,51,2020-02-23,51
2020-02-24,48,2020-02-24,48
2020-02-25,45,2020-02-25,45
2020-02-26,39,2020-02-26,39
2020-02-27,31,2020-02-27,31
2020-02-28,30,2020-02-28,30
2020-02-29,34,2020-02-29,34
2020-03-01,52,2020-03-01,52
2020-03-02,51,2020-03-02,51
2020-03-03,57,2020-03-03,57
2020-03-04,56,2020-03-04,56
2020-03-05,54,2020-03-05,54
2020-03-06,45,2020-03-06,45
2020-03-07,47,2020-03-07,47
2020-03-08,63,2020-03-08,63
2020-03-09,65,2020-03-09,65
2020-03-10,60,2020-03-10,60
2020-03-11,51,2020-03-11,51
2020-03-12,64,2020-03-12,64
2020-03-13,57,2020-03-13,57
2020-03-14,43,2020-03-14,43
2020-03-15,47,2020-03-15,47
2020-03-16,47,2020-03-16,47
2020-03-17,47,2020-03-17,47
2020-03-18,55,2020-03-18,55
2020-03-19,68,2020-03-19,68
2020-03-20,71,2020-03-20,71
2020-03-21,38,2020-03-21,38
2020-03-22,46,2020-03-22,46
2020-03-23,48,2020-03-23,48
2020-03-24,49,2020-03-24,49
2020-03-25,63,2020-03-25,63
2020-03-26,68,2020-03-26,68
2020-03-27,58,2020-03-27,58
2020-03-28,76,2020-03-28,76
2020-03-29,70,2020-03-29,70
2020-03-30,55,2020-03-30,55
2020-03-31,46,2020-03-31,46
2020-04-01,51,2020-04-01,51
2020-04-02,59,2020-04-02,59
2020-04-03,66,2020-04-03,66
2020-04-04,70,2020-04-04,70
2020-04-05,55,2020-04-05,55
2020-04-06,66,2020-04-06,66
2020-04-07,77,2020-04-07,77
2020-04-08,74,2020-04-08,74
2020-04-09,57,2020-04-09,57
2020-04-10,45,2020-04-10,45
2020-04-11,57,2020-04-11,57
2020-04-12,63,2020-04-12,63
2020-04-13,61,2020-04-13,61
2020-04-14,46,2020-04-14,46
2020-04-15,52,2020-04-15,52
2020-04-16,50,2020-04-16,50
2020-04-17,49,2020-04-17,49
2020-04-18,52,2020-04-18,52
2020-04-19,59,2020-04-19,59
2020-04-20,61,2020-04-20,61
2020-04-21,55,2020-04-21,55
2020-04-22,60,2020-04-22,60
2020-04-23,56,2020-04-23,56
2020-04-24,66,2020-04-24,66
2020-04-25,69,2020-04-25,69
2020-04-26,53,2020-04-26,53
2020-04-27,62,2020-04-27,62
2020-04-28,73,2020-04-28,73
2020-04-29,72,2020-04-29,72
2020-04-30,52,2020-04-30,52
2020-05-01,61,2020-05-01,61
2020-05-02,79,2020-05-02,79
2020-05-03,73,2020-05-03,73
2020-05-04,64,2020-05-04,64
2020-05-05,54,2020-05-05,54
2020-05-06,58,2020-05-06,58
2020-05-07,67,2020-05-07,67
2020-05-08,56,2020-05-08,56
2020-05-09,51,2020-05-09,51
2020-05-10,63,2020-05-10,63
2020-05-11,45,2020-05-11,45
2020-05-12,59,2020-05-12,59
2020-05-13,68,2020-05-13,68
2020-05-14,75,2020-05-14,75
2020-05-15,76,2020-05-15,76
2020-05-16,78,2020-05-16,78
2020-05-17,82,2020-05-17,82
2020-05-18,74,2020-05-18,74
2020-05-19,63,2020-05-19,63
2020-05-20,56,2020-05-20,56
2020-05-21,62,2020-05-21,62
2020-05-22,74,2020-05-22,74
2020-05-23,81,2020-05-23,81
2020-05-24,86,2020-05-24,86
2020-05-25,87,2020-05-25,87
2020-05-26,89,2020-05-26,89
2020-05-27,85,2020-05-27,85
2020-05-28,83,2020-05-28,83
2020-05-29,81,2020-05-29,81
2020-05-30,74,2020-05-30,74
2020-05-31,68,2020-05-31,68
2020-06-01,73,2020-06-01,73
2020-06-02,89,2020-06-02,89
2020-06-03,90,2020-06-03,90
2020-06-04,84,2020-06-04,84
2020-06-05,86,2020-06-05,86
2020-06-06,87,2020-06-06,87
2020-06-07,81,2020-06-07,81
2020-06-08,86,2020-06-08,86
2020-06-09,93,2020-06-09,93
2020-06-10,91,2020-06-10,91
2020-06-11,81,2020-06-11,81
2020-06-12,83,2020-06-12,83
2020-06-13,72,2020-06-13,72
2020-06-14,73,2020-06-14,73
2020-06-15,79,2020-06-15,79
2020-06-16,81,2020-06-16,81
2020-06-17,81,2020-06-17,81
2020-06-18,79,2020-06-18,79
2020-06-19,86,2020-06-19,86
2020-06-20,92,2020-06-20,92
2020-06-21,93,2020-06-21,93
2020-06-22,85,2020-06-22,85
2020-06-23,81,2020-06-23,81
2020-06-24,78,2020-06-24,78
2020-06-25,84,2020-06-25,84
2020-06-26,88,2020-06-26,88
2020-06-27,83,2020-06-27,83
2020-06-28,84,2020-06-28,84
2020-06-29,90,2020-06-29,90
2020-06-30,91,2020-06-30,91
2020-07-01,91,2020-07-01,91
2020-07-02,92,2020-07-02,92
2020-07-03,93,2020-07-03,93
2020-07-04,94,2020-07-04,94
2020-07-05,96,2020-07-05,96
2020-07-06,97,2020-07-06,97
2020-07-07,97,2020-07-07,97
2020-07-08,92,2020-07-08,92
2020-07-09,94,2020-07-09,94
2020-07-10,90,2020-07-10,90
2020-07-11,88,2020-07-11,88
2020-07-12,82,2020-07-12,82
2020-07-13,86,2020-07-13,86
2020-07-14,87,2020-07-14,87
2020-07-15,90,2020-07-15,90
2020-07-16,90,2020-07-16,90
2020-07-17,90,2020-07-17,90
2020-07-18,93,2020-07-18,93
2020-07-19,95,2020-07-19,95
2020-07-20,92,2020-07-20,92
2020-07-21,90,2020-07-21,90
2020-07-22,82,2020-07-22,82
2020-07-23,84,2020-07-23,84
2020-07-24,89,2020-07-24,89
2020-07-25,89,2020-07-25,89
2020-07-26,93,2020-07-26,93
2020-07-27,94,2020-07-27,94
2020-07-28,87,2020-07-28,87
2020-07-29,90,2020-07-29,90
2020-07-30,81,2020-07-30,81
2020-07-31,87,2020-07-31,87
2020-08-01,85,2020-08-01,85
2020-08-02,74,2020-08-02,74
2020-08-03,82,2020-08-03,82
2020-08-04,77,2020-08-04,77
2020-08-05,78,2020-08-05,78
2020-08-06,80,2020-08-06,80
2020-08-07,83,2020-08-07,83
2020-08-08,85,2020-08-08,85
2020-08-09,88,2020-08-09,88
2020-08-10,89,2020-08-10,89
2020-08-11,86,2020-08-11,86
2020-08-12,89,2020-08-12,89
2020-08-13,92,2020-08-13,92
2020-08-14,88,2020-08-14,88
2020-08-15,82,2020-08-15,82
2020-08-16,81,2020-08-16,81
2020-08-17,84,2020-08-17,84
2020-08-18,79,2020-08-18,79
2020-08-19,80,2020-08-19,80
2020-08-20,83,2020-08-20,83
2020-08-21,85,2020-08-21,85
2020-08-22,87,2020-08-22,87
2020-08-23,87,2020-08-23,87
2020-08-24,87,2020-08-24,87
2020-08-25,94,2020-08-25,94
2020-08-26,90,2020-08-26,90
2020-08-27,88,2020-08-27,88
2020-08-28,86,2020-08-28,86
2020-08-29,84,2020-08-29,84
2020-08-30,78,2020-08-30,78
2020-08-31,78,2020-08-31,78
2020-09-01,83,2020-09-01,83
2020-09-02,84,2020-09-02,84
2020-09-03,83,2020-09-03,83
2020-09-04,78,2020-09-04,78
2020-09-05,80,2020-09-05,80
2020-09-06,79,2020-09-06,79
2020-09-07,85,2020-09-07,85
2020-09-08,86,2020-09-08,86
2020-09-09,87,2020-09-09,87
2020-09-10,86,2020-09-10,86
2020-09-11,70,2020-09-11,70
2020-09-12,86,2020-09-12,86
2020-09-13,80,2020-09-13,80
2020-09-14,74,2020-09-14,74
2020-09-15,72,2020-09-15,72
2020-09-16,77,2020-09-16,77
2020-09-17,76,2020-09-17,76
2020-09-18,66,2020-09-18,66
2020-09-19,66,2020-09-19,66
2020-09-20,70,2020-09-20,70
2020-09-21,70,2020-09-21,70
2020-09-22,73,2020-09-22,73
2020-09-23,77,2020-09-23,77
2020-09-24,76,2020-09-24,76
2020-09-25,81,2020-09-25,81
2020-09-26,81,2020-09-26,81
2020-09-27,77,2020-09-27,77
2020-09-28,79,2020-09-28,79
2020-09-29,62,2020-09-29,62
2020-09-30,65,2020-09-30,65
2020-10-01,67,2020-10-01,67
2020-10-02,61,2020-10-02,61
2020-10-03,62,2020-10-03,62
2020-10-04,68,2020-10-04,68
2020-10-05,56,2020-10-05,56
2020-10-06,71,2020-10-06,71
2020-10-07,79,2020-10-07,79
2020-10-08,71,2020-10-08,71
2020-10-09,76,2020-10-09,76
2020-10-10,73,2020-10-10,73
2020-10-11,72,2020-10-11,72
2020-10-12,76,2020-10-12,76
2020-10-13,67,2020-10-13,67
2020-10-14,72,2020-10-14,72
2020-10-15,64,2020-10-15,64
2020-10-16,56,2020-10-16,56
2020-10-17,61,2020-10-17,61
2020-10-18,57,2020-10-18,57
2020-10-19,58,2020-10-19,58
2020-10-20,57,2020-10-20,57
2020-10-21,68,2020-10-21,68
2020-10-22,80,2020-10-22,80
2020-10-23,78,2020-10-23,78
2020-10-24,53,2020-10-24,53
2020-10-25,52,2020-10-25,52
2020-10-26,52,2020-10-26,52
2020-10-27,51,2020-10-27,51
2020-10-28,53,2020-10-28,53
2020-10-29,50,2020-10-29,50
2020-10-30,48,2020-10-30,48
2020-10-31,54,2020-10-31,54
2020-11-01,54,2020-11-01,54
2020-11-02,47,2020-11-02,47
2020-11-03,62,2020-11-03,62
2020-11-04,69,2020-11-04,69
2020-11-05,68,2020-11-05,68
2020-11-06,69,2020-11-06,69
2020-11-07,72,2020-11-07,72
2020-11-08,78,2020-11-08,78
2020-11-09,76,2020-11-09,76
2020-11-10,78,2020-11-10,78
2020-11-11,64,2020-11-11,64
2020-11-12,55,2020-11-12,55
2020-11-13,57,2020-11-13,57
2020-11-14,51,2020-11-14,51
2020-11-15,61,2020-11-15,61
2020-11-16,50,2020-11-16,50
2020-11-17,45,2020-11-17,45
2020-11-18,43,2020-11-18,43
2020-11-19,65,2020-11-19,65
2020-11-20,63,2020-11-20,63
2020-11-21,52,2020-11-21,52
2020-11-22,48,2020-11-22,48
2020-11-23,49,2020-11-23,49
2020-11-24,44,2020-11-24,44
2020-11-25,56,2020-11-25,56
2020-11-26,54,2020-11-26,54
2020-11-27,53,2020-11-27,53
2020-11-28,47,2020-11-28,47
2020-11-29,53,2020-11-29,53
2020-11-30,44,2020-11-30,44
2020-12-01,33,2020-12-01,33
2020-12-02,41,2020-12-02,41
2020-12-03,38,2020-12-03,38
2020-12-04,46,2020-12-04,46
2020-12-05,44,2020-12-05,44
2020-12-06,36,2020-12-06,36
2020-12-07,34,2020-12-07,34
2020-12-08,36,2020-12-08,36
2020-12-09,50,2020-12-09,50
2020-12-10,54,2020-12-10,54
2020-12-11,63,2020-12-11,63
2020-12-12,59,2020-12-12,59
2020-12-13,44,2020-12-13,44
2020-12-14,38,2020-12-14,38
2020-12-15,35,2020-12-15,35
2020-12-16,33,2020-12-16,33
2020-12-17,32,2020-12-17,32
2020-12-18,35,2020-12-18,35
2020-12-19,40,2020-12-19,40
2020-12-20,42,2020-12-20,42
2020-12-21,43,2020-12-21,43
2020-12-22,44,2020-12-22,44
2020-12-23,54,2020-12-23,54
2020-12-24,53,2020-12-24,53
2020-12-25,18,2020-12-25,18
2020-12-26,27,2020-12-26,27
2020-12-27,47,2020-12-27,47
2020-12-28,48,2020-12-28,48
2020-12-29,36,2020-12-29,36
2020-12-30,50,2020-12-30,50
2020-12-31,34,2020-12-31,34
2021-01-01,51,2021-01-01,51
2021-01-02,47,2021-01-02,47
2021-01-03,40,2021-01-03,40
2021-01-04,36,2021-01-04,36
2021-01-05,36,2021-01-05,36
2021-01-06,37,2021-01-06,37
2021-01-07,37,2021-01-07,37
2021-01-08,39,2021-01-08,39
2021-01-09,40,2021-01-09,40
2021-01-10,41,2021-01-10,41
2021-01-11,32,2021-01-11,32
2021-01-12,29,2021-01-12,29
2021-01-13,45,2021-01-13,45
2021-01-14,46,2021-01-14,46
2021-01-15,43,2021-01-15,43
2021-01-16,35,2021-01-16,35
2021-01-17,35,2021-01-17,35
2021-01-18,32,2021-01-18,32
2021-01-19,39,2021-01-19,39
2021-01-20,37,2021-01-20,37
2021-01-21,48,2021-01-21,48
2021-01-22,37,2021-01-22,37
2021-01-23,31,2021-01-23,31
2021-01-24,31,2021-01-24,31
2021-01-25,34,2021-01-25,34
2021-01-26,44,2021-01-26,44
2021-01-27,34,2021-01-27,34
2021-01-28,25,2021-01-28,25
2021-01-29,32,2021-01-29,32
2021-01-30,35,2021-01-30,35
2021-01-31,36,2021-01-31,36
2021-02-01,32,2021-02-01,32
2021-02-02,28,2021-02-02,28
2021-02-03,32,2021-02-03,32
2021-02-04,37,2021-02-04,37
2021-02-05,37,2021-02-05,37
2021-02-06,30,2021-02-06,30
2021-02-07,23,2021-02-07,23
2021-02-08,31,2021-02-08,31
2021-02-09,27,2021-02-09,27
2021-02-10,24,2021-02-10,24
2021-02-11,26,2021-02-11,26
2021-02-12,30,2021-02-12,30
2021-02-13,28,2021-02-13,28
2021-02-14,27,2021-02-14,27
2021-02-15,25,2021-02-15,25
2021-02-16,23,2021-02-16,23
2021-02-17,24,2021-02-17,24
2021-02-18,30,2021-02-18,30
2021-02-19,24,2021-02-19,24
2021-02-20,26,2021-02-20,26
2021-02-21,37,2021-02-21,37
2021-02-22,43,2021-02-22,43
2021-02-23,46,2021-02-23,46
2021-02-24,58,2021-02-24,58
2021-02-25,44,2021-02-25,44
2021-02-26,45,2021-02-26,45
2021-02-27,52,2021-02-27,52
2021-02-28,60,2021-02-28,60
2021-03-01,56,2021-03-01,56
2021-03-02,41,2021-03-02,41
2021-03-03,60,2021-03-03,60
2021-03-04,44,2021-03-04,44
2021-03-05,42,2021-03-05,42
2021-03-06,44,2021-03-06,44
2021-03-07,45,2021-03-07,45
2021-03-08,63,2021-03-08,63
2021-03-09,66,2021-03-09,66
2021-03-10,72,2021-03-10,72
2021-03-11,66,2021-03-11,66
2021-03-12,60,2021-03-12,60
2021-03-13,52,2021-03-13,52
2021-03-14,56,2021-03-14,56
2021-03-15,40,2021-03-15,40
2021-03-16,55,2021-03-16,55
2021-03-17,64,2021-03-17,64
2021-03-18,54,2021-03-18,54
2021-03-19,50,2021-03-19,50
2021-03-20,60,2021-03-20,60
2021-03-21,66,2021-03-21,66
2021-03-22,70,2021-03-22,70
2021-03-23,70,2021-03-23,70
2021-03-24,75,2021-03-24,75
2021-03-25,72,2021-03-25,72
2021-03-26,65,2021-03-26,65
2021-03-27,71,2021-03-27,71
2021-03-28,59,2021-03-28,59
2021-03-29,54,2021-03-29,54
2021-03-30,74,2021-03-30,74
2021-03-31,63,2021-03-31,63
2021-04-01,37,2021-04-01,37
2021-04-02,46,2021-04-02,46
2021-04-03,60,2021-04-03,60
2021-04-04,73,2021-04-04,73
2021-04-05,74,2021-04-05,74
2021-04-06,77,2021-04-06,77
2021-04-07,81,2021-04-07,81
2021-04-08,78,2021-04-08,78
2021-04-09,78,2021-04-09,78
2021-04-10,78,2021-04-10,78
2021-04-11,61,2021-04-11,61
2021-04-12,60,2021-04-12,60
2021-04-13,66,2021-04-13,66
2021-04-14,63,2021-04-14,63
2021-04-15,50,2021-04-15,50
2021-04-16,59,2021-04-16,59
2021-04-17,60,2021-04-17,60
2021-04-18,64,2021-04-18,64
2021-04-19,68,2021-04-19,68
2021-04-20,61,2021-04-20,61
2021-04-21,44,2021-04-21,44
2021-04-22,50,2021-04-22,50
2021-04-23,60,2021-04-23,60
2021-04-24,57,2021-04-24,57
2021-04-25,61,2021-04-25,61
2021-04-26,70,2021-04-26,70
2021-04-27,83,2021-04-27,83
2021-04-28,80,2021-04-28,80
2021-04-29,70,2021-04-29,70
2021-04-30,63,2021-04-30,63
2021-05-01,69,2021-05-01,69
2021-05-02,80,2021-05-02,80
2021-05-03,69,2021-05-03,69
2021-05-04,70,2021-05-04,70
2021-05-05,60,2021-05-05,60
2021-05-06,62,2021-05-06,62
2021-05-07,60,2021-05-07,60
2021-05-08,57,2021-05-08,57
2021-05-09,51,2021-05-09,51
2021-05-10,61,2021-05-10,61
2021-05-11,57,2021-05-11,57
2021-05-12,63,2021-05-12,63
2021-05-13,68,2021-05-13,68
2021-05-14,70,2021-05-14,70
2021-05-15,73,2021-05-15,73
2021-05-16,75,2021-05-16,75
2021-05-17,67,2021-05-17,67
2021-05-18,80,2021-05-18,80
2021-05-19,84,2021-05-19,84
2021-05-20,87,2021-05-20,87
2021-05-21,88,2021-05-21,88
2021-05-22,87,2021-05-22,87
2021-05-23,89,2021-05-23,89
2021-05-24,86,2021-05-24,86
2021-05-25,91,2021-05-25,91
2021-05-26,85,2021-05-26,85
2021-05-27,80,2021-05-27,80
2021-05-28,68,2021-05-28,68
2021-05-29,54,2021-05-29,54
2021-05-30,69,2021-05-30,69
2021-05-31,75,2021-05-31,75
2021-06-01,77,2021-06-01,77
2021-06-02,68,2021-06-02,68
2021-06-03,71,2021-06-03,71
2021-06-04,85,2021-06-04,85
2021-06-05,88,2021-06-05,88
2021-06-06,89,2021-06-06,89
2021-06-07,82,2021-06-07,82
2021-06-08,86,2021-06-08,86
2021-06-09,76,2021-06-09,76
2021-06-10,84,2021-06-10,84
2021-06-11,86,2021-06-11,86
2021-06-12,91,2021-06-12,91
2021-06-13,91,2021-06-13,91
2021-06-14,91,2021-06-14,91
2021-06-15,81,2021-06-15,81
2021-06-16,77,2021-06-16,77
2021-06-17,84,2021-06-17,84
2021-06-18,83,2021-06-18,83
2021-06-19,83,2021-06-19,83
2021-06-20,90,2021-06-20,90
2021-06-21,87,2021-06-21,87
2021-06-22,71,2021-06-22,71
2021-06-23,79,2021-06-23,79
2021-06-24,87,2021-06-24,87
2021-06-25,82,2021-06-25,82
2021-06-26,89,2021-06-26,89
2021-06-27,93,2021-06-27,93
2021-06-28,93,2021-06-28,93
2021-06-29,96,2021-06-29,96
2021-06-30,89,2021-06-30,89
2021-07-01,79,2021-07-01,79
2021-07-02,77,2021-07-02,77
2021-07-03,81,2021-07-03,81
2021-07-04,88,2021-07-04,88
2021-07-05,92,2021-07-05,92
2021-07-06,92,2021-07-06,92
2021-07-07,92,2021-07-07,92
2021-07-08,86,2021-07-08,86
2021-07-09,77,2021-07-09,77
2021-07-10,75,2021-07-10,75
2021-07-11,80,2021-07-11,80
2021-07-12,85,2021-07-12,85
2021-07-13,82,2021-07-13,82
2021-07-14,86,2021-07-14,86
2021-07-15,89,2021-07-15,89
2021-07-16,87,2021-07-16,87
2021-07-17,80,2021-07-17,80
2021-07-18,84,2021-07-18,84
2021-07-19,85,2021-07-19,85
2021-07-20,87,2021-07-20,87
2021-07-21,79,2021-07-21,79
2021-07-22,80,2021-07-22,80
2021-07-23,81,2021-07-23,81
2021-07-24,86,2021-07-24,86
2021-07-25,89,2021-07-25,89
2021-07-26,90,2021-07-26,90
2021-07-27,91,2021-07-27,91
2021-07-28,89,2021-07-28,89
2021-07-29,88,2021-07-29,88
2021-07-30,81,2021-07-30,81
2021-07-31,78,2021-07-31,78
2021-08-01,81,2021-08-01,81
2021-08-02,80,2021-08-02,80
2021-08-03,83,2021-08-03,83
2021-08-04,85,2021-08-04,85
2021-08-05,87,2021-08-05,87
2021-08-06,87,2021-08-06,87
2021-08-07,87,2021-08-07,87
2021-08-08,89,2021-08-08,89
2021-08-09,87,2021-08-09,87
2021-08-10,86,2021-08-10,86
2021-08-11,90,2021-08-11,90
2021-08-12,92,2021-08-12,92
2021-08-13,89,2021-08-13,89
2021-08-14,83,2021-08-14,83
2021-08-15,77,2021-08-15,77
2021-08-16,80,2021-08-16,80
2021-08-17,80,2021-08-17,80
2021-08-18,87,2021-08-18,87
2021-08-19,86,2021-08-19,86
2021-08-20,88,2021-08-20,88
2021-08-21,88,2021-08-21,88
2021-08-22,90,2021-08-22,90
2021-08-23,91,2021-08-23,91
2021-08-24,92,2021-08-24,92
2021-08-25,86,2021-08-25,86
2021-08-26,87,2021-08-26,87
2021-08-27,91,2021-08-27,91
2021-08-28,89,2021-08-28,89
2021-08-29,90,2021-08-29,90
2021-08-30,83,2021-08-30,83
2021-08-31,79,2021-08-31,79
2021-09-01,80,2021-09-01,80
2021-09-02,78,2021-09-02,78
2021-09-03,79,2021-09-03,79
2021-09-04,80,2021-09-04,80
2021-09-05,79,2021-09-05,79
2021-09-06,82,2021-09-06,82
2021-09-07,84,2021-09-07,84
2021-09-08,82,2021-09-08,82
2021-09-09,75,2021-09-09,75
2021-09-10,78,2021-09-10,78
2021-09-11,80,2021-09-11,80
2021-09-12,86,2021-09-12,86
2021-09-13,86,2021-09-13,86
2021-09-14,89,2021-09-14,89
2021-09-15,77,2021-09-15,77
2021-09-16,83,2021-09-16,83
2021-09-17,88,2021-09-17,88
2021-09-18,90,2021-09-18,90
2021-09-19,88,2021-09-19,88
2021-09-20,81,2021-09-20,81
2021-09-21,73,2021-09-21,73
2021-09-22,68,2021-09-22,68
2021-09-23,62,2021-09-23,62
2021-09-24,73,2021-09-24,73
2021-09-25,69,2021-09-25,69
2021-09-26,76,2021-09-26,76
2021-09-27,85,2021-09-27,85
2021-09-28,78,2021-09-28,78
2021-09-29,77,2021-09-29,77
2021-09-30,76,2021-09-30,76
2021-10-01,77,2021-10-01,77
2021-10-02,81,2021-10-02,81
2021-10-03,72,2021-10-03,72
2021-10-04,77,2021-10-04,77
2021-10-05,80,2021-10-05,80
2021-10-06,82,2021-10-06,82
2021-10-07,75,2021-10-07,75
2021-10-08,77,2021-10-08,77
2021-10-09,79,2021-10-09,79
2021-10-10,82,2021-10-10,82
2021-10-11,84,2021-10-11,84
2021-10-12,80,2021-10-12,80
2021-10-13,76,2021-10-13,76
2021-10-14,86,2021-10-14,86
2021-10-15,78,2021-10-15,78
2021-10-16,64,2021-10-16,64
2021-10-17,65,2021-10-17,65
2021-10-18,69,2021-10-18,69
2021-10-19,72,2021-10-19,72
2021-10-20,73,2021-10-20,73
2021-10-21,68,2021-10-21,68
2021-10-22,53,2021-10-22,53
2021-10-23,59,2021-10-23,59
2021-10-24,64,2021-10-24,64
2021-10-25,64,2021-10-25,64
2021-10-26,55,2021-10-26,55
2021-10-27,51,2021-10-27,51
2021-10-28,67,2021-10-28,67
2021-10-29,60,2021-10-29,60
2021-10-30,59,2021-10-30,59
2021-10-31,60,2021-10-31,60
2021-11-01,53,2021-11-01,53
2021-11-02,50,2021-11-02,50
2021-11-03,50,2021-11-03,50
2021-11-04,50,2021-11-04,50
2021-11-05,51,2021-11-05,51
2021-11-06,56,2021-11-06,56
2021-11-07,62,2021-11-07,62
2021-11-08,69,2021-11-08,69
2021-11-09,65,2021-11-09,65
2021-11-10,64,2021-11-10,64
2021-11-11,69,2021-11-11,69
2021-11-12,55,2021-11-12,55
2021-11-13,41,2021-11-13,41
2021-11-14,37,2021-11-14,37
2021-11-15,44,2021-11-15,44
2021-11-16,53,2021-11-16,53
2021-11-17,67,2021-11-17,67
2021-11-18,63,2021-11-18,63
2021-11-19,40,2021-11-19,40
2021-11-20,49,2021-11-20,49
2021-11-21,45,2021-11-21,45
2021-11-22,43,2021-11-22,43
2021-11-23,40,2021-11-23,40
2021-11-24,50,2021-11-24,50
2021-11-25,50,2021-11-25,50
2021-11-26,38,2021-11-26,38
2021-11-27,39,2021-11-27,39
2021-11-28,41,2021-11-28,41
2021-11-29,41,2021-11-29,41
2021-11-30,52,2021-11-30,52
2021-12-01,48,2021-12-01,48
2021-12-02,59,2021-12-02,59
2021-12-03,51,2021-12-03,51
2021-12-04,51,2021-12-04,51
2021-12-05,58,2021-12-05,58
2021-12-06,58,2021-12-06,58
2021-12-07,27,2021-12-07,27
2021-12-08,35,2021-12-08,35
2021-12-09,45,2021-12-09,45
2021-12-10,57,2021-12-10,57
2021-12-11,65,2021-12-11,65
2021-12-12,47,2021-12-12,47
2021-12-13,50,2021-12-13,50
2021-12-14,55,2021-12-14,55
2021-12-15,60,2021-12-15,60
2021-12-16,61,2021-12-16,61
2021-12-17,45,2021-12-17,45
2021-12-18,51,2021-12-18,51
2021-12-19,37,2021-12-19,37
2021-12-20,40,2021-12-20,40
2021-12-21,43,2021-12-21,43
2021-12-22,36,2021-12-22,36
2021-12-23,46,2021-12-23,46
2021-12-24,59,2021-12-24,59
2021-12-25,62,2021-12-25,62
2021-12-26,52,2021-12-26,52
2021-12-27,65,2021-12-27,65
2021-12-28,47,2021-12-28,47
2021-12-29,49,2021-12-29,49
2021-12-30,49,2021-12-30,49
2021-12-31,58,2021-12-31,58
